Time Window,SYN Rate,SYN Percentage,Port Spread,ACK Response Rate,Source Diversity
very-short,very low,minimal,a few,no response,centralized
very-short,very low,minimal,a few,no response,moderately distributed
very-short,very low,minimal,a few,minimal response,centralized
very-short,very low,minimal,a few,minimal response,moderately distributed
very-short,very low,minimal,a few,partial response,centralized
very-short,very low,minimal,a few,partial response,moderately distributed
very-short,very low,minimal,a few,widespread response,centralized
very-short,very low,minimal,a few,widespread response,moderately distributed
very-short,very low,minimal,a few,broad response,centralized
very-short,very low,minimal,a few,broad response,moderately distributed
very-short,very low,minimal,a few,complete response,centralized
very-short,very low,minimal,a few,complete response,moderately distributed
very-short,very low,minimal,several,no response,centralized
very-short,very low,minimal,several,no response,moderately distributed
very-short,very low,minimal,several,minimal response,centralized
very-short,very low,minimal,several,minimal response,moderately distributed
very-short,very low,minimal,several,partial response,centralized
very-short,very low,minimal,several,partial response,moderately distributed
very-short,very low,minimal,several,widespread response,centralized
very-short,very low,minimal,several,widespread response,moderately distributed
very-short,very low,minimal,several,broad response,centralized
very-short,very low,minimal,several,broad response,moderately distributed
very-short,very low,minimal,several,complete response,centralized
very-short,very low,minimal,several,complete response,moderately distributed
very-short,very low,low,a few,no response,centralized
very-short,very low,low,a few,no response,moderately distributed
very-short,very low,low,a few,minimal response,centralized
very-short,very low,low,a few,minimal response,moderately distributed
very-short,very low,low,a few,partial response,centralized
very-short,very low,low,a few,partial response,moderately distributed
very-short,very low,low,a few,widespread response,centralized
very-short,very low,low,a few,widespread response,moderately distributed
very-short,very low,low,a few,broad response,centralized
very-short,very low,low,a few,broad response,moderately distributed
very-short,very low,low,a few,complete response,centralized
very-short,very low,low,a few,complete response,moderately distributed
very-short,very low,low,several,no response,centralized
very-short,very low,low,several,no response,moderately distributed
very-short,very low,low,several,minimal response,centralized
very-short,very low,low,several,minimal response,moderately distributed
very-short,very low,low,several,partial response,centralized
very-short,very low,low,several,partial response,moderately distributed
very-short,very low,low,several,widespread response,centralized
very-short,very low,low,several,widespread response,moderately distributed
very-short,very low,low,several,broad response,centralized
very-short,very low,low,several,broad response,moderately distributed
very-short,very low,low,several,complete response,centralized
very-short,very low,low,several,complete response,moderately distributed
very-short,very low,moderate,a few,no response,centralized
very-short,very low,moderate,a few,no response,moderately distributed
very-short,very low,moderate,a few,minimal response,centralized
very-short,very low,moderate,a few,minimal response,moderately distributed
very-short,very low,moderate,a few,partial response,centralized
very-short,very low,moderate,a few,partial response,moderately distributed
very-short,very low,moderate,a few,widespread response,centralized
very-short,very low,moderate,a few,widespread response,moderately distributed
very-short,very low,moderate,a few,broad response,centralized
very-short,very low,moderate,a few,broad response,moderately distributed
very-short,very low,moderate,a few,complete response,centralized
very-short,very low,moderate,a few,complete response,moderately distributed
very-short,very low,moderate,several,no response,centralized
very-short,very low,moderate,several,no response,moderately distributed
very-short,very low,moderate,several,minimal response,centralized
very-short,very low,moderate,several,minimal response,moderately distributed
very-short,very low,moderate,several,partial response,centralized
very-short,very low,moderate,several,partial response,moderately distributed
very-short,very low,moderate,several,widespread response,centralized
very-short,very low,moderate,several,widespread response,moderately distributed
very-short,very low,moderate,several,broad response,centralized
very-short,very low,moderate,several,broad response,moderately distributed
very-short,very low,moderate,several,complete response,centralized
very-short,very low,moderate,several,complete response,moderately distributed
very-short,low,minimal,a few,no response,centralized
very-short,low,minimal,a few,no response,moderately distributed
very-short,low,minimal,a few,no response,highly distributed
very-short,low,minimal,a few,minimal response,centralized
very-short,low,minimal,a few,minimal response,moderately distributed
very-short,low,minimal,a few,minimal response,highly distributed
very-short,low,minimal,a few,partial response,centralized
very-short,low,minimal,a few,partial response,moderately distributed
very-short,low,minimal,a few,partial response,highly distributed
very-short,low,minimal,a few,widespread response,centralized
very-short,low,minimal,a few,widespread response,moderately distributed
very-short,low,minimal,a few,widespread response,highly distributed
very-short,low,minimal,a few,broad response,centralized
very-short,low,minimal,a few,broad response,moderately distributed
very-short,low,minimal,a few,broad response,highly distributed
very-short,low,minimal,a few,complete response,centralized
very-short,low,minimal,a few,complete response,moderately distributed
very-short,low,minimal,a few,complete response,highly distributed
very-short,low,minimal,several,no response,centralized
very-short,low,minimal,several,no response,moderately distributed
very-short,low,minimal,several,no response,highly distributed
very-short,low,minimal,several,minimal response,centralized
very-short,low,minimal,several,minimal response,moderately distributed
very-short,low,minimal,several,minimal response,highly distributed
very-short,low,minimal,several,partial response,centralized
very-short,low,minimal,several,partial response,moderately distributed
very-short,low,minimal,several,partial response,highly distributed
very-short,low,minimal,several,widespread response,centralized
very-short,low,minimal,several,widespread response,moderately distributed
very-short,low,minimal,several,widespread response,highly distributed
very-short,low,minimal,several,broad response,centralized
very-short,low,minimal,several,broad response,moderately distributed
very-short,low,minimal,several,broad response,highly distributed
very-short,low,minimal,several,complete response,centralized
very-short,low,minimal,several,complete response,moderately distributed
very-short,low,minimal,several,complete response,highly distributed
very-short,low,low,a few,no response,centralized
very-short,low,low,a few,no response,moderately distributed
very-short,low,low,a few,no response,highly distributed
very-short,low,low,a few,minimal response,centralized
very-short,low,low,a few,minimal response,moderately distributed
very-short,low,low,a few,minimal response,highly distributed
very-short,low,low,a few,partial response,centralized
very-short,low,low,a few,partial response,moderately distributed
very-short,low,low,a few,partial response,highly distributed
very-short,low,low,a few,widespread response,centralized
very-short,low,low,a few,widespread response,moderately distributed
very-short,low,low,a few,widespread response,highly distributed
very-short,low,low,a few,broad response,centralized
very-short,low,low,a few,broad response,moderately distributed
very-short,low,low,a few,broad response,highly distributed
very-short,low,low,a few,complete response,centralized
very-short,low,low,a few,complete response,moderately distributed
very-short,low,low,a few,complete response,highly distributed
very-short,low,low,several,no response,centralized
very-short,low,low,several,no response,moderately distributed
very-short,low,low,several,no response,highly distributed
very-short,low,low,several,minimal response,centralized
very-short,low,low,several,minimal response,moderately distributed
very-short,low,low,several,minimal response,highly distributed
very-short,low,low,several,partial response,centralized
very-short,low,low,several,partial response,moderately distributed
very-short,low,low,several,partial response,highly distributed
very-short,low,low,several,widespread response,centralized
very-short,low,low,several,widespread response,moderately distributed
very-short,low,low,several,widespread response,highly distributed
very-short,low,low,several,broad response,centralized
very-short,low,low,several,broad response,moderately distributed
very-short,low,low,several,broad response,highly distributed
very-short,low,low,several,complete response,centralized
very-short,low,low,several,complete response,moderately distributed
very-short,low,low,several,complete response,highly distributed
very-short,low,moderate,a few,no response,centralized
very-short,low,moderate,a few,no response,moderately distributed
very-short,low,moderate,a few,no response,highly distributed
very-short,low,moderate,a few,minimal response,centralized
very-short,low,moderate,a few,minimal response,moderately distributed
very-short,low,moderate,a few,minimal response,highly distributed
very-short,low,moderate,a few,partial response,centralized
very-short,low,moderate,a few,partial response,moderately distributed
very-short,low,moderate,a few,partial response,highly distributed
very-short,low,moderate,a few,widespread response,centralized
very-short,low,moderate,a few,widespread response,moderately distributed
very-short,low,moderate,a few,widespread response,highly distributed
very-short,low,moderate,a few,broad response,centralized
very-short,low,moderate,a few,broad response,moderately distributed
very-short,low,moderate,a few,broad response,highly distributed
very-short,low,moderate,a few,complete response,centralized
very-short,low,moderate,a few,complete response,moderately distributed
very-short,low,moderate,a few,complete response,highly distributed
very-short,low,moderate,several,no response,centralized
very-short,low,moderate,several,no response,moderately distributed
very-short,low,moderate,several,no response,highly distributed
very-short,low,moderate,several,minimal response,centralized
very-short,low,moderate,several,minimal response,moderately distributed
very-short,low,moderate,several,minimal response,highly distributed
very-short,low,moderate,several,partial response,centralized
very-short,low,moderate,several,partial response,moderately distributed
very-short,low,moderate,several,partial response,highly distributed
very-short,low,moderate,several,widespread response,centralized
very-short,low,moderate,several,widespread response,moderately distributed
very-short,low,moderate,several,widespread response,highly distributed
very-short,low,moderate,several,broad response,centralized
very-short,low,moderate,several,broad response,moderately distributed
very-short,low,moderate,several,broad response,highly distributed
very-short,low,moderate,several,complete response,centralized
very-short,low,moderate,several,complete response,moderately distributed
very-short,low,moderate,several,complete response,highly distributed
very-short,low,dominant,a few,no response,centralized
very-short,low,dominant,a few,no response,moderately distributed
very-short,low,dominant,a few,no response,highly distributed
very-short,low,dominant,a few,minimal response,centralized
very-short,low,dominant,a few,minimal response,moderately distributed
very-short,low,dominant,a few,minimal response,highly distributed
very-short,low,dominant,a few,partial response,centralized
very-short,low,dominant,a few,partial response,moderately distributed
very-short,low,dominant,a few,partial response,highly distributed
very-short,low,dominant,a few,widespread response,centralized
very-short,low,dominant,a few,widespread response,moderately distributed
very-short,low,dominant,a few,widespread response,highly distributed
very-short,low,dominant,a few,broad response,centralized
very-short,low,dominant,a few,broad response,moderately distributed
very-short,low,dominant,a few,broad response,highly distributed
very-short,low,dominant,a few,complete response,centralized
very-short,low,dominant,a few,complete response,moderately distributed
very-short,low,dominant,a few,complete response,highly distributed
very-short,low,dominant,several,no response,centralized
very-short,low,dominant,several,no response,moderately distributed
very-short,low,dominant,several,no response,highly distributed
very-short,low,dominant,several,minimal response,centralized
very-short,low,dominant,several,minimal response,moderately distributed
very-short,low,dominant,several,minimal response,highly distributed
very-short,low,dominant,several,partial response,centralized
very-short,low,dominant,several,partial response,moderately distributed
very-short,low,dominant,several,partial response,highly distributed
very-short,low,dominant,several,widespread response,centralized
very-short,low,dominant,several,widespread response,moderately distributed
very-short,low,dominant,several,widespread response,highly distributed
very-short,low,dominant,several,broad response,centralized
very-short,low,dominant,several,broad response,moderately distributed
very-short,low,dominant,several,broad response,highly distributed
very-short,low,dominant,several,complete response,centralized
very-short,low,dominant,several,complete response,moderately distributed
very-short,low,dominant,several,complete response,highly distributed
very-short,low,overwhelming,a few,no response,centralized
very-short,low,overwhelming,a few,no response,moderately distributed
very-short,low,overwhelming,a few,no response,highly distributed
very-short,low,overwhelming,a few,minimal response,centralized
very-short,low,overwhelming,a few,minimal response,moderately distributed
very-short,low,overwhelming,a few,minimal response,highly distributed
very-short,low,overwhelming,a few,partial response,centralized
very-short,low,overwhelming,a few,partial response,moderately distributed
very-short,low,overwhelming,a few,partial response,highly distributed
very-short,low,overwhelming,a few,widespread response,centralized
very-short,low,overwhelming,a few,widespread response,moderately distributed
very-short,low,overwhelming,a few,widespread response,highly distributed
very-short,low,overwhelming,a few,broad response,centralized
very-short,low,overwhelming,a few,broad response,moderately distributed
very-short,low,overwhelming,a few,broad response,highly distributed
very-short,low,overwhelming,a few,complete response,centralized
very-short,low,overwhelming,a few,complete response,moderately distributed
very-short,low,overwhelming,a few,complete response,highly distributed
very-short,low,overwhelming,several,no response,centralized
very-short,low,overwhelming,several,no response,moderately distributed
very-short,low,overwhelming,several,no response,highly distributed
very-short,low,overwhelming,several,minimal response,centralized
very-short,low,overwhelming,several,minimal response,moderately distributed
very-short,low,overwhelming,several,minimal response,highly distributed
very-short,low,overwhelming,several,partial response,centralized
very-short,low,overwhelming,several,partial response,moderately distributed
very-short,low,overwhelming,several,partial response,highly distributed
very-short,low,overwhelming,several,widespread response,centralized
very-short,low,overwhelming,several,widespread response,moderately distributed
very-short,low,overwhelming,several,widespread response,highly distributed
very-short,low,overwhelming,several,broad response,centralized
very-short,low,overwhelming,several,broad response,moderately distributed
very-short,low,overwhelming,several,broad response,highly distributed
very-short,low,overwhelming,several,complete response,centralized
very-short,low,overwhelming,several,complete response,moderately distributed
very-short,low,overwhelming,several,complete response,highly distributed
very-short,moderate,minimal,a few,no response,centralized
very-short,moderate,minimal,a few,no response,moderately distributed
very-short,moderate,minimal,a few,no response,highly distributed
very-short,moderate,minimal,a few,minimal response,centralized
very-short,moderate,minimal,a few,minimal response,moderately distributed
very-short,moderate,minimal,a few,minimal response,highly distributed
very-short,moderate,minimal,a few,partial response,centralized
very-short,moderate,minimal,a few,partial response,moderately distributed
very-short,moderate,minimal,a few,partial response,highly distributed
very-short,moderate,minimal,a few,widespread response,centralized
very-short,moderate,minimal,a few,widespread response,moderately distributed
very-short,moderate,minimal,a few,widespread response,highly distributed
very-short,moderate,minimal,a few,broad response,centralized
very-short,moderate,minimal,a few,broad response,moderately distributed
very-short,moderate,minimal,a few,broad response,highly distributed
very-short,moderate,minimal,a few,complete response,centralized
very-short,moderate,minimal,a few,complete response,moderately distributed
very-short,moderate,minimal,a few,complete response,highly distributed
very-short,moderate,minimal,several,no response,centralized
very-short,moderate,minimal,several,no response,moderately distributed
very-short,moderate,minimal,several,no response,highly distributed
very-short,moderate,minimal,several,minimal response,centralized
very-short,moderate,minimal,several,minimal response,moderately distributed
very-short,moderate,minimal,several,minimal response,highly distributed
very-short,moderate,minimal,several,partial response,centralized
very-short,moderate,minimal,several,partial response,moderately distributed
very-short,moderate,minimal,several,partial response,highly distributed
very-short,moderate,minimal,several,widespread response,centralized
very-short,moderate,minimal,several,widespread response,moderately distributed
very-short,moderate,minimal,several,widespread response,highly distributed
very-short,moderate,minimal,several,broad response,centralized
very-short,moderate,minimal,several,broad response,moderately distributed
very-short,moderate,minimal,several,broad response,highly distributed
very-short,moderate,minimal,several,complete response,centralized
very-short,moderate,minimal,several,complete response,moderately distributed
very-short,moderate,minimal,several,complete response,highly distributed
very-short,moderate,minimal,many,no response,centralized
very-short,moderate,minimal,many,no response,moderately distributed
very-short,moderate,minimal,many,no response,highly distributed
very-short,moderate,minimal,many,minimal response,centralized
very-short,moderate,minimal,many,minimal response,moderately distributed
very-short,moderate,minimal,many,minimal response,highly distributed
very-short,moderate,minimal,many,partial response,centralized
very-short,moderate,minimal,many,partial response,moderately distributed
very-short,moderate,minimal,many,partial response,highly distributed
very-short,moderate,minimal,many,widespread response,centralized
very-short,moderate,minimal,many,widespread response,moderately distributed
very-short,moderate,minimal,many,widespread response,highly distributed
very-short,moderate,minimal,many,broad response,centralized
very-short,moderate,minimal,many,broad response,moderately distributed
very-short,moderate,minimal,many,broad response,highly distributed
very-short,moderate,minimal,many,complete response,centralized
very-short,moderate,minimal,many,complete response,moderately distributed
very-short,moderate,minimal,many,complete response,highly distributed
very-short,moderate,minimal,broad sweep,no response,centralized
very-short,moderate,minimal,broad sweep,no response,moderately distributed
very-short,moderate,minimal,broad sweep,no response,highly distributed
very-short,moderate,minimal,broad sweep,minimal response,centralized
very-short,moderate,minimal,broad sweep,minimal response,moderately distributed
very-short,moderate,minimal,broad sweep,minimal response,highly distributed
very-short,moderate,minimal,broad sweep,partial response,centralized
very-short,moderate,minimal,broad sweep,partial response,moderately distributed
very-short,moderate,minimal,broad sweep,partial response,highly distributed
very-short,moderate,minimal,broad sweep,widespread response,centralized
very-short,moderate,minimal,broad sweep,widespread response,moderately distributed
very-short,moderate,minimal,broad sweep,widespread response,highly distributed
very-short,moderate,minimal,broad sweep,broad response,centralized
very-short,moderate,minimal,broad sweep,broad response,moderately distributed
very-short,moderate,minimal,broad sweep,broad response,highly distributed
very-short,moderate,minimal,broad sweep,complete response,centralized
very-short,moderate,minimal,broad sweep,complete response,moderately distributed
very-short,moderate,minimal,broad sweep,complete response,highly distributed
very-short,moderate,low,a few,no response,centralized
very-short,moderate,low,a few,no response,moderately distributed
very-short,moderate,low,a few,no response,highly distributed
very-short,moderate,low,a few,minimal response,centralized
very-short,moderate,low,a few,minimal response,moderately distributed
very-short,moderate,low,a few,minimal response,highly distributed
very-short,moderate,low,a few,partial response,centralized
very-short,moderate,low,a few,partial response,moderately distributed
very-short,moderate,low,a few,partial response,highly distributed
very-short,moderate,low,a few,widespread response,centralized
very-short,moderate,low,a few,widespread response,moderately distributed
very-short,moderate,low,a few,widespread response,highly distributed
very-short,moderate,low,a few,broad response,centralized
very-short,moderate,low,a few,broad response,moderately distributed
very-short,moderate,low,a few,broad response,highly distributed
very-short,moderate,low,a few,complete response,centralized
very-short,moderate,low,a few,complete response,moderately distributed
very-short,moderate,low,a few,complete response,highly distributed
very-short,moderate,low,several,no response,centralized
very-short,moderate,low,several,no response,moderately distributed
very-short,moderate,low,several,no response,highly distributed
very-short,moderate,low,several,minimal response,centralized
very-short,moderate,low,several,minimal response,moderately distributed
very-short,moderate,low,several,minimal response,highly distributed
very-short,moderate,low,several,partial response,centralized
very-short,moderate,low,several,partial response,moderately distributed
very-short,moderate,low,several,partial response,highly distributed
very-short,moderate,low,several,widespread response,centralized
very-short,moderate,low,several,widespread response,moderately distributed
very-short,moderate,low,several,widespread response,highly distributed
very-short,moderate,low,several,broad response,centralized
very-short,moderate,low,several,broad response,moderately distributed
very-short,moderate,low,several,broad response,highly distributed
very-short,moderate,low,several,complete response,centralized
very-short,moderate,low,several,complete response,moderately distributed
very-short,moderate,low,several,complete response,highly distributed
very-short,moderate,low,many,no response,centralized
very-short,moderate,low,many,no response,moderately distributed
very-short,moderate,low,many,no response,highly distributed
very-short,moderate,low,many,minimal response,centralized
very-short,moderate,low,many,minimal response,moderately distributed
very-short,moderate,low,many,minimal response,highly distributed
very-short,moderate,low,many,partial response,centralized
very-short,moderate,low,many,partial response,moderately distributed
very-short,moderate,low,many,partial response,highly distributed
very-short,moderate,low,many,widespread response,centralized
very-short,moderate,low,many,widespread response,moderately distributed
very-short,moderate,low,many,widespread response,highly distributed
very-short,moderate,low,many,broad response,centralized
very-short,moderate,low,many,broad response,moderately distributed
very-short,moderate,low,many,broad response,highly distributed
very-short,moderate,low,many,complete response,centralized
very-short,moderate,low,many,complete response,moderately distributed
very-short,moderate,low,many,complete response,highly distributed
very-short,moderate,low,broad sweep,no response,centralized
very-short,moderate,low,broad sweep,no response,moderately distributed
very-short,moderate,low,broad sweep,no response,highly distributed
very-short,moderate,low,broad sweep,minimal response,centralized
very-short,moderate,low,broad sweep,minimal response,moderately distributed
very-short,moderate,low,broad sweep,minimal response,highly distributed
very-short,moderate,low,broad sweep,partial response,centralized
very-short,moderate,low,broad sweep,partial response,moderately distributed
very-short,moderate,low,broad sweep,partial response,highly distributed
very-short,moderate,low,broad sweep,widespread response,centralized
very-short,moderate,low,broad sweep,widespread response,moderately distributed
very-short,moderate,low,broad sweep,widespread response,highly distributed
very-short,moderate,low,broad sweep,broad response,centralized
very-short,moderate,low,broad sweep,broad response,moderately distributed
very-short,moderate,low,broad sweep,broad response,highly distributed
very-short,moderate,low,broad sweep,complete response,centralized
very-short,moderate,low,broad sweep,complete response,moderately distributed
very-short,moderate,low,broad sweep,complete response,highly distributed
very-short,moderate,moderate,a few,no response,centralized
very-short,moderate,moderate,a few,no response,moderately distributed
very-short,moderate,moderate,a few,no response,highly distributed
very-short,moderate,moderate,a few,minimal response,centralized
very-short,moderate,moderate,a few,minimal response,moderately distributed
very-short,moderate,moderate,a few,minimal response,highly distributed
very-short,moderate,moderate,a few,partial response,centralized
very-short,moderate,moderate,a few,partial response,moderately distributed
very-short,moderate,moderate,a few,partial response,highly distributed
very-short,moderate,moderate,a few,widespread response,centralized
very-short,moderate,moderate,a few,widespread response,moderately distributed
very-short,moderate,moderate,a few,widespread response,highly distributed
very-short,moderate,moderate,a few,broad response,centralized
very-short,moderate,moderate,a few,broad response,moderately distributed
very-short,moderate,moderate,a few,broad response,highly distributed
very-short,moderate,moderate,a few,complete response,centralized
very-short,moderate,moderate,a few,complete response,moderately distributed
very-short,moderate,moderate,a few,complete response,highly distributed
very-short,moderate,moderate,several,no response,centralized
very-short,moderate,moderate,several,no response,moderately distributed
very-short,moderate,moderate,several,no response,highly distributed
very-short,moderate,moderate,several,minimal response,centralized
very-short,moderate,moderate,several,minimal response,moderately distributed
very-short,moderate,moderate,several,minimal response,highly distributed
very-short,moderate,moderate,several,partial response,centralized
very-short,moderate,moderate,several,partial response,moderately distributed
very-short,moderate,moderate,several,partial response,highly distributed
very-short,moderate,moderate,several,widespread response,centralized
very-short,moderate,moderate,several,widespread response,moderately distributed
very-short,moderate,moderate,several,widespread response,highly distributed
very-short,moderate,moderate,several,broad response,centralized
very-short,moderate,moderate,several,broad response,moderately distributed
very-short,moderate,moderate,several,broad response,highly distributed
very-short,moderate,moderate,several,complete response,centralized
very-short,moderate,moderate,several,complete response,moderately distributed
very-short,moderate,moderate,several,complete response,highly distributed
very-short,moderate,moderate,many,no response,centralized
very-short,moderate,moderate,many,no response,moderately distributed
very-short,moderate,moderate,many,no response,highly distributed
very-short,moderate,moderate,many,minimal response,centralized
very-short,moderate,moderate,many,minimal response,moderately distributed
very-short,moderate,moderate,many,minimal response,highly distributed
very-short,moderate,moderate,many,partial response,centralized
very-short,moderate,moderate,many,partial response,moderately distributed
very-short,moderate,moderate,many,partial response,highly distributed
very-short,moderate,moderate,many,widespread response,centralized
very-short,moderate,moderate,many,widespread response,moderately distributed
very-short,moderate,moderate,many,widespread response,highly distributed
very-short,moderate,moderate,many,broad response,centralized
very-short,moderate,moderate,many,broad response,moderately distributed
very-short,moderate,moderate,many,broad response,highly distributed
very-short,moderate,moderate,many,complete response,centralized
very-short,moderate,moderate,many,complete response,moderately distributed
very-short,moderate,moderate,many,complete response,highly distributed
very-short,moderate,moderate,broad sweep,no response,centralized
very-short,moderate,moderate,broad sweep,no response,moderately distributed
very-short,moderate,moderate,broad sweep,no response,highly distributed
very-short,moderate,moderate,broad sweep,minimal response,centralized
very-short,moderate,moderate,broad sweep,minimal response,moderately distributed
very-short,moderate,moderate,broad sweep,minimal response,highly distributed
very-short,moderate,moderate,broad sweep,partial response,centralized
very-short,moderate,moderate,broad sweep,partial response,moderately distributed
very-short,moderate,moderate,broad sweep,partial response,highly distributed
very-short,moderate,moderate,broad sweep,widespread response,centralized
very-short,moderate,moderate,broad sweep,widespread response,moderately distributed
very-short,moderate,moderate,broad sweep,widespread response,highly distributed
very-short,moderate,moderate,broad sweep,broad response,centralized
very-short,moderate,moderate,broad sweep,broad response,moderately distributed
very-short,moderate,moderate,broad sweep,broad response,highly distributed
very-short,moderate,moderate,broad sweep,complete response,centralized
very-short,moderate,moderate,broad sweep,complete response,moderately distributed
very-short,moderate,moderate,broad sweep,complete response,highly distributed
very-short,moderate,dominant,a few,no response,centralized
very-short,moderate,dominant,a few,no response,moderately distributed
very-short,moderate,dominant,a few,no response,highly distributed
very-short,moderate,dominant,a few,minimal response,centralized
very-short,moderate,dominant,a few,minimal response,moderately distributed
very-short,moderate,dominant,a few,minimal response,highly distributed
very-short,moderate,dominant,a few,partial response,centralized
very-short,moderate,dominant,a few,partial response,moderately distributed
very-short,moderate,dominant,a few,partial response,highly distributed
very-short,moderate,dominant,a few,widespread response,centralized
very-short,moderate,dominant,a few,widespread response,moderately distributed
very-short,moderate,dominant,a few,widespread response,highly distributed
very-short,moderate,dominant,a few,broad response,centralized
very-short,moderate,dominant,a few,broad response,moderately distributed
very-short,moderate,dominant,a few,broad response,highly distributed
very-short,moderate,dominant,a few,complete response,centralized
very-short,moderate,dominant,a few,complete response,moderately distributed
very-short,moderate,dominant,a few,complete response,highly distributed
very-short,moderate,dominant,several,no response,centralized
very-short,moderate,dominant,several,no response,moderately distributed
very-short,moderate,dominant,several,no response,highly distributed
very-short,moderate,dominant,several,minimal response,centralized
very-short,moderate,dominant,several,minimal response,moderately distributed
very-short,moderate,dominant,several,minimal response,highly distributed
very-short,moderate,dominant,several,partial response,centralized
very-short,moderate,dominant,several,partial response,moderately distributed
very-short,moderate,dominant,several,partial response,highly distributed
very-short,moderate,dominant,several,widespread response,centralized
very-short,moderate,dominant,several,widespread response,moderately distributed
very-short,moderate,dominant,several,widespread response,highly distributed
very-short,moderate,dominant,several,broad response,centralized
very-short,moderate,dominant,several,broad response,moderately distributed
very-short,moderate,dominant,several,broad response,highly distributed
very-short,moderate,dominant,several,complete response,centralized
very-short,moderate,dominant,several,complete response,moderately distributed
very-short,moderate,dominant,several,complete response,highly distributed
very-short,moderate,dominant,many,no response,centralized
very-short,moderate,dominant,many,no response,moderately distributed
very-short,moderate,dominant,many,no response,highly distributed
very-short,moderate,dominant,many,minimal response,centralized
very-short,moderate,dominant,many,minimal response,moderately distributed
very-short,moderate,dominant,many,minimal response,highly distributed
very-short,moderate,dominant,many,partial response,centralized
very-short,moderate,dominant,many,partial response,moderately distributed
very-short,moderate,dominant,many,partial response,highly distributed
very-short,moderate,dominant,many,widespread response,centralized
very-short,moderate,dominant,many,widespread response,moderately distributed
very-short,moderate,dominant,many,widespread response,highly distributed
very-short,moderate,dominant,many,broad response,centralized
very-short,moderate,dominant,many,broad response,moderately distributed
very-short,moderate,dominant,many,broad response,highly distributed
very-short,moderate,dominant,many,complete response,centralized
very-short,moderate,dominant,many,complete response,moderately distributed
very-short,moderate,dominant,many,complete response,highly distributed
very-short,moderate,dominant,broad sweep,no response,centralized
very-short,moderate,dominant,broad sweep,no response,moderately distributed
very-short,moderate,dominant,broad sweep,no response,highly distributed
very-short,moderate,dominant,broad sweep,minimal response,centralized
very-short,moderate,dominant,broad sweep,minimal response,moderately distributed
very-short,moderate,dominant,broad sweep,minimal response,highly distributed
very-short,moderate,dominant,broad sweep,partial response,centralized
very-short,moderate,dominant,broad sweep,partial response,moderately distributed
very-short,moderate,dominant,broad sweep,partial response,highly distributed
very-short,moderate,dominant,broad sweep,widespread response,centralized
very-short,moderate,dominant,broad sweep,widespread response,moderately distributed
very-short,moderate,dominant,broad sweep,widespread response,highly distributed
very-short,moderate,dominant,broad sweep,broad response,centralized
very-short,moderate,dominant,broad sweep,broad response,moderately distributed
very-short,moderate,dominant,broad sweep,broad response,highly distributed
very-short,moderate,dominant,broad sweep,complete response,centralized
very-short,moderate,dominant,broad sweep,complete response,moderately distributed
very-short,moderate,dominant,broad sweep,complete response,highly distributed
very-short,moderate,overwhelming,a few,no response,centralized
very-short,moderate,overwhelming,a few,no response,moderately distributed
very-short,moderate,overwhelming,a few,no response,highly distributed
very-short,moderate,overwhelming,a few,minimal response,centralized
very-short,moderate,overwhelming,a few,minimal response,moderately distributed
very-short,moderate,overwhelming,a few,minimal response,highly distributed
very-short,moderate,overwhelming,a few,partial response,centralized
very-short,moderate,overwhelming,a few,partial response,moderately distributed
very-short,moderate,overwhelming,a few,partial response,highly distributed
very-short,moderate,overwhelming,a few,widespread response,centralized
very-short,moderate,overwhelming,a few,widespread response,moderately distributed
very-short,moderate,overwhelming,a few,widespread response,highly distributed
very-short,moderate,overwhelming,a few,broad response,centralized
very-short,moderate,overwhelming,a few,broad response,moderately distributed
very-short,moderate,overwhelming,a few,broad response,highly distributed
very-short,moderate,overwhelming,a few,complete response,centralized
very-short,moderate,overwhelming,a few,complete response,moderately distributed
very-short,moderate,overwhelming,a few,complete response,highly distributed
very-short,moderate,overwhelming,several,no response,centralized
very-short,moderate,overwhelming,several,no response,moderately distributed
very-short,moderate,overwhelming,several,no response,highly distributed
very-short,moderate,overwhelming,several,minimal response,centralized
very-short,moderate,overwhelming,several,minimal response,moderately distributed
very-short,moderate,overwhelming,several,minimal response,highly distributed
very-short,moderate,overwhelming,several,partial response,centralized
very-short,moderate,overwhelming,several,partial response,moderately distributed
very-short,moderate,overwhelming,several,partial response,highly distributed
very-short,moderate,overwhelming,several,widespread response,centralized
very-short,moderate,overwhelming,several,widespread response,moderately distributed
very-short,moderate,overwhelming,several,widespread response,highly distributed
very-short,moderate,overwhelming,several,broad response,centralized
very-short,moderate,overwhelming,several,broad response,moderately distributed
very-short,moderate,overwhelming,several,broad response,highly distributed
very-short,moderate,overwhelming,several,complete response,centralized
very-short,moderate,overwhelming,several,complete response,moderately distributed
very-short,moderate,overwhelming,several,complete response,highly distributed
very-short,moderate,overwhelming,many,no response,centralized
very-short,moderate,overwhelming,many,no response,moderately distributed
very-short,moderate,overwhelming,many,no response,highly distributed
very-short,moderate,overwhelming,many,minimal response,centralized
very-short,moderate,overwhelming,many,minimal response,moderately distributed
very-short,moderate,overwhelming,many,minimal response,highly distributed
very-short,moderate,overwhelming,many,partial response,centralized
very-short,moderate,overwhelming,many,partial response,moderately distributed
very-short,moderate,overwhelming,many,partial response,highly distributed
very-short,moderate,overwhelming,many,widespread response,centralized
very-short,moderate,overwhelming,many,widespread response,moderately distributed
very-short,moderate,overwhelming,many,widespread response,highly distributed
very-short,moderate,overwhelming,many,broad response,centralized
very-short,moderate,overwhelming,many,broad response,moderately distributed
very-short,moderate,overwhelming,many,broad response,highly distributed
very-short,moderate,overwhelming,many,complete response,centralized
very-short,moderate,overwhelming,many,complete response,moderately distributed
very-short,moderate,overwhelming,many,complete response,highly distributed
very-short,moderate,overwhelming,broad sweep,no response,centralized
very-short,moderate,overwhelming,broad sweep,no response,moderately distributed
very-short,moderate,overwhelming,broad sweep,no response,highly distributed
very-short,moderate,overwhelming,broad sweep,minimal response,centralized
very-short,moderate,overwhelming,broad sweep,minimal response,moderately distributed
very-short,moderate,overwhelming,broad sweep,minimal response,highly distributed
very-short,moderate,overwhelming,broad sweep,partial response,centralized
very-short,moderate,overwhelming,broad sweep,partial response,moderately distributed
very-short,moderate,overwhelming,broad sweep,partial response,highly distributed
very-short,moderate,overwhelming,broad sweep,widespread response,centralized
very-short,moderate,overwhelming,broad sweep,widespread response,moderately distributed
very-short,moderate,overwhelming,broad sweep,widespread response,highly distributed
very-short,moderate,overwhelming,broad sweep,broad response,centralized
very-short,moderate,overwhelming,broad sweep,broad response,moderately distributed
very-short,moderate,overwhelming,broad sweep,broad response,highly distributed
very-short,moderate,overwhelming,broad sweep,complete response,centralized
very-short,moderate,overwhelming,broad sweep,complete response,moderately distributed
very-short,moderate,overwhelming,broad sweep,complete response,highly distributed
very-short,high,minimal,a few,no response,centralized
very-short,high,minimal,a few,no response,moderately distributed
very-short,high,minimal,a few,no response,highly distributed
very-short,high,minimal,a few,minimal response,centralized
very-short,high,minimal,a few,minimal response,moderately distributed
very-short,high,minimal,a few,minimal response,highly distributed
very-short,high,minimal,a few,partial response,centralized
very-short,high,minimal,a few,partial response,moderately distributed
very-short,high,minimal,a few,partial response,highly distributed
very-short,high,minimal,a few,widespread response,centralized
very-short,high,minimal,a few,widespread response,moderately distributed
very-short,high,minimal,a few,widespread response,highly distributed
very-short,high,minimal,a few,broad response,centralized
very-short,high,minimal,a few,broad response,moderately distributed
very-short,high,minimal,a few,broad response,highly distributed
very-short,high,minimal,a few,complete response,centralized
very-short,high,minimal,a few,complete response,moderately distributed
very-short,high,minimal,a few,complete response,highly distributed
very-short,high,minimal,several,no response,centralized
very-short,high,minimal,several,no response,moderately distributed
very-short,high,minimal,several,no response,highly distributed
very-short,high,minimal,several,minimal response,centralized
very-short,high,minimal,several,minimal response,moderately distributed
very-short,high,minimal,several,minimal response,highly distributed
very-short,high,minimal,several,partial response,centralized
very-short,high,minimal,several,partial response,moderately distributed
very-short,high,minimal,several,partial response,highly distributed
very-short,high,minimal,several,widespread response,centralized
very-short,high,minimal,several,widespread response,moderately distributed
very-short,high,minimal,several,widespread response,highly distributed
very-short,high,minimal,several,broad response,centralized
very-short,high,minimal,several,broad response,moderately distributed
very-short,high,minimal,several,broad response,highly distributed
very-short,high,minimal,several,complete response,centralized
very-short,high,minimal,several,complete response,moderately distributed
very-short,high,minimal,several,complete response,highly distributed
very-short,high,minimal,many,no response,centralized
very-short,high,minimal,many,no response,moderately distributed
very-short,high,minimal,many,no response,highly distributed
very-short,high,minimal,many,minimal response,centralized
very-short,high,minimal,many,minimal response,moderately distributed
very-short,high,minimal,many,minimal response,highly distributed
very-short,high,minimal,many,partial response,centralized
very-short,high,minimal,many,partial response,moderately distributed
very-short,high,minimal,many,partial response,highly distributed
very-short,high,minimal,many,widespread response,centralized
very-short,high,minimal,many,widespread response,moderately distributed
very-short,high,minimal,many,widespread response,highly distributed
very-short,high,minimal,many,broad response,centralized
very-short,high,minimal,many,broad response,moderately distributed
very-short,high,minimal,many,broad response,highly distributed
very-short,high,minimal,many,complete response,centralized
very-short,high,minimal,many,complete response,moderately distributed
very-short,high,minimal,many,complete response,highly distributed
very-short,high,minimal,broad sweep,no response,centralized
very-short,high,minimal,broad sweep,no response,moderately distributed
very-short,high,minimal,broad sweep,no response,highly distributed
very-short,high,minimal,broad sweep,minimal response,centralized
very-short,high,minimal,broad sweep,minimal response,moderately distributed
very-short,high,minimal,broad sweep,minimal response,highly distributed
very-short,high,minimal,broad sweep,partial response,centralized
very-short,high,minimal,broad sweep,partial response,moderately distributed
very-short,high,minimal,broad sweep,partial response,highly distributed
very-short,high,minimal,broad sweep,widespread response,centralized
very-short,high,minimal,broad sweep,widespread response,moderately distributed
very-short,high,minimal,broad sweep,widespread response,highly distributed
very-short,high,minimal,broad sweep,broad response,centralized
very-short,high,minimal,broad sweep,broad response,moderately distributed
very-short,high,minimal,broad sweep,broad response,highly distributed
very-short,high,minimal,broad sweep,complete response,centralized
very-short,high,minimal,broad sweep,complete response,moderately distributed
very-short,high,minimal,broad sweep,complete response,highly distributed
very-short,high,low,a few,no response,centralized
very-short,high,low,a few,no response,moderately distributed
very-short,high,low,a few,no response,highly distributed
very-short,high,low,a few,minimal response,centralized
very-short,high,low,a few,minimal response,moderately distributed
very-short,high,low,a few,minimal response,highly distributed
very-short,high,low,a few,partial response,centralized
very-short,high,low,a few,partial response,moderately distributed
very-short,high,low,a few,partial response,highly distributed
very-short,high,low,a few,widespread response,centralized
very-short,high,low,a few,widespread response,moderately distributed
very-short,high,low,a few,widespread response,highly distributed
very-short,high,low,a few,broad response,centralized
very-short,high,low,a few,broad response,moderately distributed
very-short,high,low,a few,broad response,highly distributed
very-short,high,low,a few,complete response,centralized
very-short,high,low,a few,complete response,moderately distributed
very-short,high,low,a few,complete response,highly distributed
very-short,high,low,several,no response,centralized
very-short,high,low,several,no response,moderately distributed
very-short,high,low,several,no response,highly distributed
very-short,high,low,several,minimal response,centralized
very-short,high,low,several,minimal response,moderately distributed
very-short,high,low,several,minimal response,highly distributed
very-short,high,low,several,partial response,centralized
very-short,high,low,several,partial response,moderately distributed
very-short,high,low,several,partial response,highly distributed
very-short,high,low,several,widespread response,centralized
very-short,high,low,several,widespread response,moderately distributed
very-short,high,low,several,widespread response,highly distributed
very-short,high,low,several,broad response,centralized
very-short,high,low,several,broad response,moderately distributed
very-short,high,low,several,broad response,highly distributed
very-short,high,low,several,complete response,centralized
very-short,high,low,several,complete response,moderately distributed
very-short,high,low,several,complete response,highly distributed
very-short,high,low,many,no response,centralized
very-short,high,low,many,no response,moderately distributed
very-short,high,low,many,no response,highly distributed
very-short,high,low,many,minimal response,centralized
very-short,high,low,many,minimal response,moderately distributed
very-short,high,low,many,minimal response,highly distributed
very-short,high,low,many,partial response,centralized
very-short,high,low,many,partial response,moderately distributed
very-short,high,low,many,partial response,highly distributed
very-short,high,low,many,widespread response,centralized
very-short,high,low,many,widespread response,moderately distributed
very-short,high,low,many,widespread response,highly distributed
very-short,high,low,many,broad response,centralized
very-short,high,low,many,broad response,moderately distributed
very-short,high,low,many,broad response,highly distributed
very-short,high,low,many,complete response,centralized
very-short,high,low,many,complete response,moderately distributed
very-short,high,low,many,complete response,highly distributed
very-short,high,low,broad sweep,no response,centralized
very-short,high,low,broad sweep,no response,moderately distributed
very-short,high,low,broad sweep,no response,highly distributed
very-short,high,low,broad sweep,minimal response,centralized
very-short,high,low,broad sweep,minimal response,moderately distributed
very-short,high,low,broad sweep,minimal response,highly distributed
very-short,high,low,broad sweep,partial response,centralized
very-short,high,low,broad sweep,partial response,moderately distributed
very-short,high,low,broad sweep,partial response,highly distributed
very-short,high,low,broad sweep,widespread response,centralized
very-short,high,low,broad sweep,widespread response,moderately distributed
very-short,high,low,broad sweep,widespread response,highly distributed
very-short,high,low,broad sweep,broad response,centralized
very-short,high,low,broad sweep,broad response,moderately distributed
very-short,high,low,broad sweep,broad response,highly distributed
very-short,high,low,broad sweep,complete response,centralized
very-short,high,low,broad sweep,complete response,moderately distributed
very-short,high,low,broad sweep,complete response,highly distributed
very-short,high,moderate,a few,no response,centralized
very-short,high,moderate,a few,no response,moderately distributed
very-short,high,moderate,a few,no response,highly distributed
very-short,high,moderate,a few,minimal response,centralized
very-short,high,moderate,a few,minimal response,moderately distributed
very-short,high,moderate,a few,minimal response,highly distributed
very-short,high,moderate,a few,partial response,centralized
very-short,high,moderate,a few,partial response,moderately distributed
very-short,high,moderate,a few,partial response,highly distributed
very-short,high,moderate,a few,widespread response,centralized
very-short,high,moderate,a few,widespread response,moderately distributed
very-short,high,moderate,a few,widespread response,highly distributed
very-short,high,moderate,a few,broad response,centralized
very-short,high,moderate,a few,broad response,moderately distributed
very-short,high,moderate,a few,broad response,highly distributed
very-short,high,moderate,a few,complete response,centralized
very-short,high,moderate,a few,complete response,moderately distributed
very-short,high,moderate,a few,complete response,highly distributed
very-short,high,moderate,several,no response,centralized
very-short,high,moderate,several,no response,moderately distributed
very-short,high,moderate,several,no response,highly distributed
very-short,high,moderate,several,minimal response,centralized
very-short,high,moderate,several,minimal response,moderately distributed
very-short,high,moderate,several,minimal response,highly distributed
very-short,high,moderate,several,partial response,centralized
very-short,high,moderate,several,partial response,moderately distributed
very-short,high,moderate,several,partial response,highly distributed
very-short,high,moderate,several,widespread response,centralized
very-short,high,moderate,several,widespread response,moderately distributed
very-short,high,moderate,several,widespread response,highly distributed
very-short,high,moderate,several,broad response,centralized
very-short,high,moderate,several,broad response,moderately distributed
very-short,high,moderate,several,broad response,highly distributed
very-short,high,moderate,several,complete response,centralized
very-short,high,moderate,several,complete response,moderately distributed
very-short,high,moderate,several,complete response,highly distributed
very-short,high,moderate,many,no response,centralized
very-short,high,moderate,many,no response,moderately distributed
very-short,high,moderate,many,no response,highly distributed
very-short,high,moderate,many,minimal response,centralized
very-short,high,moderate,many,minimal response,moderately distributed
very-short,high,moderate,many,minimal response,highly distributed
very-short,high,moderate,many,partial response,centralized
very-short,high,moderate,many,partial response,moderately distributed
very-short,high,moderate,many,partial response,highly distributed
very-short,high,moderate,many,widespread response,centralized
very-short,high,moderate,many,widespread response,moderately distributed
very-short,high,moderate,many,widespread response,highly distributed
very-short,high,moderate,many,broad response,centralized
very-short,high,moderate,many,broad response,moderately distributed
very-short,high,moderate,many,broad response,highly distributed
very-short,high,moderate,many,complete response,centralized
very-short,high,moderate,many,complete response,moderately distributed
very-short,high,moderate,many,complete response,highly distributed
very-short,high,moderate,broad sweep,no response,centralized
very-short,high,moderate,broad sweep,no response,moderately distributed
very-short,high,moderate,broad sweep,no response,highly distributed
very-short,high,moderate,broad sweep,minimal response,centralized
very-short,high,moderate,broad sweep,minimal response,moderately distributed
very-short,high,moderate,broad sweep,minimal response,highly distributed
very-short,high,moderate,broad sweep,partial response,centralized
very-short,high,moderate,broad sweep,partial response,moderately distributed
very-short,high,moderate,broad sweep,partial response,highly distributed
very-short,high,moderate,broad sweep,widespread response,centralized
very-short,high,moderate,broad sweep,widespread response,moderately distributed
very-short,high,moderate,broad sweep,widespread response,highly distributed
very-short,high,moderate,broad sweep,broad response,centralized
very-short,high,moderate,broad sweep,broad response,moderately distributed
very-short,high,moderate,broad sweep,broad response,highly distributed
very-short,high,moderate,broad sweep,complete response,centralized
very-short,high,moderate,broad sweep,complete response,moderately distributed
very-short,high,moderate,broad sweep,complete response,highly distributed
very-short,high,dominant,a few,no response,centralized
very-short,high,dominant,a few,no response,moderately distributed
very-short,high,dominant,a few,no response,highly distributed
very-short,high,dominant,a few,minimal response,centralized
very-short,high,dominant,a few,minimal response,moderately distributed
very-short,high,dominant,a few,minimal response,highly distributed
very-short,high,dominant,a few,partial response,centralized
very-short,high,dominant,a few,partial response,moderately distributed
very-short,high,dominant,a few,partial response,highly distributed
very-short,high,dominant,a few,widespread response,centralized
very-short,high,dominant,a few,widespread response,moderately distributed
very-short,high,dominant,a few,widespread response,highly distributed
very-short,high,dominant,a few,broad response,centralized
very-short,high,dominant,a few,broad response,moderately distributed
very-short,high,dominant,a few,broad response,highly distributed
very-short,high,dominant,a few,complete response,centralized
very-short,high,dominant,a few,complete response,moderately distributed
very-short,high,dominant,a few,complete response,highly distributed
very-short,high,dominant,several,no response,centralized
very-short,high,dominant,several,no response,moderately distributed
very-short,high,dominant,several,no response,highly distributed
very-short,high,dominant,several,minimal response,centralized
very-short,high,dominant,several,minimal response,moderately distributed
very-short,high,dominant,several,minimal response,highly distributed
very-short,high,dominant,several,partial response,centralized
very-short,high,dominant,several,partial response,moderately distributed
very-short,high,dominant,several,partial response,highly distributed
very-short,high,dominant,several,widespread response,centralized
very-short,high,dominant,several,widespread response,moderately distributed
very-short,high,dominant,several,widespread response,highly distributed
very-short,high,dominant,several,broad response,centralized
very-short,high,dominant,several,broad response,moderately distributed
very-short,high,dominant,several,broad response,highly distributed
very-short,high,dominant,several,complete response,centralized
very-short,high,dominant,several,complete response,moderately distributed
very-short,high,dominant,several,complete response,highly distributed
very-short,high,dominant,many,no response,centralized
very-short,high,dominant,many,no response,moderately distributed
very-short,high,dominant,many,no response,highly distributed
very-short,high,dominant,many,minimal response,centralized
very-short,high,dominant,many,minimal response,moderately distributed
very-short,high,dominant,many,minimal response,highly distributed
very-short,high,dominant,many,partial response,centralized
very-short,high,dominant,many,partial response,moderately distributed
very-short,high,dominant,many,partial response,highly distributed
very-short,high,dominant,many,widespread response,centralized
very-short,high,dominant,many,widespread response,moderately distributed
very-short,high,dominant,many,widespread response,highly distributed
very-short,high,dominant,many,broad response,centralized
very-short,high,dominant,many,broad response,moderately distributed
very-short,high,dominant,many,broad response,highly distributed
very-short,high,dominant,many,complete response,centralized
very-short,high,dominant,many,complete response,moderately distributed
very-short,high,dominant,many,complete response,highly distributed
very-short,high,dominant,broad sweep,no response,centralized
very-short,high,dominant,broad sweep,no response,moderately distributed
very-short,high,dominant,broad sweep,no response,highly distributed
very-short,high,dominant,broad sweep,minimal response,centralized
very-short,high,dominant,broad sweep,minimal response,moderately distributed
very-short,high,dominant,broad sweep,minimal response,highly distributed
very-short,high,dominant,broad sweep,partial response,centralized
very-short,high,dominant,broad sweep,partial response,moderately distributed
very-short,high,dominant,broad sweep,partial response,highly distributed
very-short,high,dominant,broad sweep,widespread response,centralized
very-short,high,dominant,broad sweep,widespread response,moderately distributed
very-short,high,dominant,broad sweep,widespread response,highly distributed
very-short,high,dominant,broad sweep,broad response,centralized
very-short,high,dominant,broad sweep,broad response,moderately distributed
very-short,high,dominant,broad sweep,broad response,highly distributed
very-short,high,dominant,broad sweep,complete response,centralized
very-short,high,dominant,broad sweep,complete response,moderately distributed
very-short,high,dominant,broad sweep,complete response,highly distributed
very-short,high,overwhelming,a few,no response,centralized
very-short,high,overwhelming,a few,no response,moderately distributed
very-short,high,overwhelming,a few,no response,highly distributed
very-short,high,overwhelming,a few,minimal response,centralized
very-short,high,overwhelming,a few,minimal response,moderately distributed
very-short,high,overwhelming,a few,minimal response,highly distributed
very-short,high,overwhelming,a few,partial response,centralized
very-short,high,overwhelming,a few,partial response,moderately distributed
very-short,high,overwhelming,a few,partial response,highly distributed
very-short,high,overwhelming,a few,widespread response,centralized
very-short,high,overwhelming,a few,widespread response,moderately distributed
very-short,high,overwhelming,a few,widespread response,highly distributed
very-short,high,overwhelming,a few,broad response,centralized
very-short,high,overwhelming,a few,broad response,moderately distributed
very-short,high,overwhelming,a few,broad response,highly distributed
very-short,high,overwhelming,a few,complete response,centralized
very-short,high,overwhelming,a few,complete response,moderately distributed
very-short,high,overwhelming,a few,complete response,highly distributed
very-short,high,overwhelming,several,no response,centralized
very-short,high,overwhelming,several,no response,moderately distributed
very-short,high,overwhelming,several,no response,highly distributed
very-short,high,overwhelming,several,minimal response,centralized
very-short,high,overwhelming,several,minimal response,moderately distributed
very-short,high,overwhelming,several,minimal response,highly distributed
very-short,high,overwhelming,several,partial response,centralized
very-short,high,overwhelming,several,partial response,moderately distributed
very-short,high,overwhelming,several,partial response,highly distributed
very-short,high,overwhelming,several,widespread response,centralized
very-short,high,overwhelming,several,widespread response,moderately distributed
very-short,high,overwhelming,several,widespread response,highly distributed
very-short,high,overwhelming,several,broad response,centralized
very-short,high,overwhelming,several,broad response,moderately distributed
very-short,high,overwhelming,several,broad response,highly distributed
very-short,high,overwhelming,several,complete response,centralized
very-short,high,overwhelming,several,complete response,moderately distributed
very-short,high,overwhelming,several,complete response,highly distributed
very-short,high,overwhelming,many,no response,centralized
very-short,high,overwhelming,many,no response,moderately distributed
very-short,high,overwhelming,many,no response,highly distributed
very-short,high,overwhelming,many,minimal response,centralized
very-short,high,overwhelming,many,minimal response,moderately distributed
very-short,high,overwhelming,many,minimal response,highly distributed
very-short,high,overwhelming,many,partial response,centralized
very-short,high,overwhelming,many,partial response,moderately distributed
very-short,high,overwhelming,many,partial response,highly distributed
very-short,high,overwhelming,many,widespread response,centralized
very-short,high,overwhelming,many,widespread response,moderately distributed
very-short,high,overwhelming,many,widespread response,highly distributed
very-short,high,overwhelming,many,broad response,centralized
very-short,high,overwhelming,many,broad response,moderately distributed
very-short,high,overwhelming,many,broad response,highly distributed
very-short,high,overwhelming,many,complete response,centralized
very-short,high,overwhelming,many,complete response,moderately distributed
very-short,high,overwhelming,many,complete response,highly distributed
very-short,high,overwhelming,broad sweep,no response,centralized
very-short,high,overwhelming,broad sweep,no response,moderately distributed
very-short,high,overwhelming,broad sweep,no response,highly distributed
very-short,high,overwhelming,broad sweep,minimal response,centralized
very-short,high,overwhelming,broad sweep,minimal response,moderately distributed
very-short,high,overwhelming,broad sweep,minimal response,highly distributed
very-short,high,overwhelming,broad sweep,partial response,centralized
very-short,high,overwhelming,broad sweep,partial response,moderately distributed
very-short,high,overwhelming,broad sweep,partial response,highly distributed
very-short,high,overwhelming,broad sweep,widespread response,centralized
very-short,high,overwhelming,broad sweep,widespread response,moderately distributed
very-short,high,overwhelming,broad sweep,widespread response,highly distributed
very-short,high,overwhelming,broad sweep,broad response,centralized
very-short,high,overwhelming,broad sweep,broad response,moderately distributed
very-short,high,overwhelming,broad sweep,broad response,highly distributed
very-short,high,overwhelming,broad sweep,complete response,centralized
very-short,high,overwhelming,broad sweep,complete response,moderately distributed
very-short,high,overwhelming,broad sweep,complete response,highly distributed
very-short,very high,minimal,a few,no response,centralized
very-short,very high,minimal,a few,no response,moderately distributed
very-short,very high,minimal,a few,no response,highly distributed
very-short,very high,minimal,a few,minimal response,centralized
very-short,very high,minimal,a few,minimal response,moderately distributed
very-short,very high,minimal,a few,minimal response,highly distributed
very-short,very high,minimal,a few,partial response,centralized
very-short,very high,minimal,a few,partial response,moderately distributed
very-short,very high,minimal,a few,partial response,highly distributed
very-short,very high,minimal,a few,widespread response,centralized
very-short,very high,minimal,a few,widespread response,moderately distributed
very-short,very high,minimal,a few,widespread response,highly distributed
very-short,very high,minimal,a few,broad response,centralized
very-short,very high,minimal,a few,broad response,moderately distributed
very-short,very high,minimal,a few,broad response,highly distributed
very-short,very high,minimal,a few,complete response,centralized
very-short,very high,minimal,a few,complete response,moderately distributed
very-short,very high,minimal,a few,complete response,highly distributed
very-short,very high,minimal,several,no response,centralized
very-short,very high,minimal,several,no response,moderately distributed
very-short,very high,minimal,several,no response,highly distributed
very-short,very high,minimal,several,minimal response,centralized
very-short,very high,minimal,several,minimal response,moderately distributed
very-short,very high,minimal,several,minimal response,highly distributed
very-short,very high,minimal,several,partial response,centralized
very-short,very high,minimal,several,partial response,moderately distributed
very-short,very high,minimal,several,partial response,highly distributed
very-short,very high,minimal,several,widespread response,centralized
very-short,very high,minimal,several,widespread response,moderately distributed
very-short,very high,minimal,several,widespread response,highly distributed
very-short,very high,minimal,several,broad response,centralized
very-short,very high,minimal,several,broad response,moderately distributed
very-short,very high,minimal,several,broad response,highly distributed
very-short,very high,minimal,several,complete response,centralized
very-short,very high,minimal,several,complete response,moderately distributed
very-short,very high,minimal,several,complete response,highly distributed
very-short,very high,minimal,many,no response,centralized
very-short,very high,minimal,many,no response,moderately distributed
very-short,very high,minimal,many,no response,highly distributed
very-short,very high,minimal,many,minimal response,centralized
very-short,very high,minimal,many,minimal response,moderately distributed
very-short,very high,minimal,many,minimal response,highly distributed
very-short,very high,minimal,many,partial response,centralized
very-short,very high,minimal,many,partial response,moderately distributed
very-short,very high,minimal,many,partial response,highly distributed
very-short,very high,minimal,many,widespread response,centralized
very-short,very high,minimal,many,widespread response,moderately distributed
very-short,very high,minimal,many,widespread response,highly distributed
very-short,very high,minimal,many,broad response,centralized
very-short,very high,minimal,many,broad response,moderately distributed
very-short,very high,minimal,many,broad response,highly distributed
very-short,very high,minimal,many,complete response,centralized
very-short,very high,minimal,many,complete response,moderately distributed
very-short,very high,minimal,many,complete response,highly distributed
very-short,very high,minimal,broad sweep,no response,centralized
very-short,very high,minimal,broad sweep,no response,moderately distributed
very-short,very high,minimal,broad sweep,no response,highly distributed
very-short,very high,minimal,broad sweep,minimal response,centralized
very-short,very high,minimal,broad sweep,minimal response,moderately distributed
very-short,very high,minimal,broad sweep,minimal response,highly distributed
very-short,very high,minimal,broad sweep,partial response,centralized
very-short,very high,minimal,broad sweep,partial response,moderately distributed
very-short,very high,minimal,broad sweep,partial response,highly distributed
very-short,very high,minimal,broad sweep,widespread response,centralized
very-short,very high,minimal,broad sweep,widespread response,moderately distributed
very-short,very high,minimal,broad sweep,widespread response,highly distributed
very-short,very high,minimal,broad sweep,broad response,centralized
very-short,very high,minimal,broad sweep,broad response,moderately distributed
very-short,very high,minimal,broad sweep,broad response,highly distributed
very-short,very high,minimal,broad sweep,complete response,centralized
very-short,very high,minimal,broad sweep,complete response,moderately distributed
very-short,very high,minimal,broad sweep,complete response,highly distributed
very-short,very high,low,a few,no response,centralized
very-short,very high,low,a few,no response,moderately distributed
very-short,very high,low,a few,no response,highly distributed
very-short,very high,low,a few,minimal response,centralized
very-short,very high,low,a few,minimal response,moderately distributed
very-short,very high,low,a few,minimal response,highly distributed
very-short,very high,low,a few,partial response,centralized
very-short,very high,low,a few,partial response,moderately distributed
very-short,very high,low,a few,partial response,highly distributed
very-short,very high,low,a few,widespread response,centralized
very-short,very high,low,a few,widespread response,moderately distributed
very-short,very high,low,a few,widespread response,highly distributed
very-short,very high,low,a few,broad response,centralized
very-short,very high,low,a few,broad response,moderately distributed
very-short,very high,low,a few,broad response,highly distributed
very-short,very high,low,a few,complete response,centralized
very-short,very high,low,a few,complete response,moderately distributed
very-short,very high,low,a few,complete response,highly distributed
very-short,very high,low,several,no response,centralized
very-short,very high,low,several,no response,moderately distributed
very-short,very high,low,several,no response,highly distributed
very-short,very high,low,several,minimal response,centralized
very-short,very high,low,several,minimal response,moderately distributed
very-short,very high,low,several,minimal response,highly distributed
very-short,very high,low,several,partial response,centralized
very-short,very high,low,several,partial response,moderately distributed
very-short,very high,low,several,partial response,highly distributed
very-short,very high,low,several,widespread response,centralized
very-short,very high,low,several,widespread response,moderately distributed
very-short,very high,low,several,widespread response,highly distributed
very-short,very high,low,several,broad response,centralized
very-short,very high,low,several,broad response,moderately distributed
very-short,very high,low,several,broad response,highly distributed
very-short,very high,low,several,complete response,centralized
very-short,very high,low,several,complete response,moderately distributed
very-short,very high,low,several,complete response,highly distributed
very-short,very high,low,many,no response,centralized
very-short,very high,low,many,no response,moderately distributed
very-short,very high,low,many,no response,highly distributed
very-short,very high,low,many,minimal response,centralized
very-short,very high,low,many,minimal response,moderately distributed
very-short,very high,low,many,minimal response,highly distributed
very-short,very high,low,many,partial response,centralized
very-short,very high,low,many,partial response,moderately distributed
very-short,very high,low,many,partial response,highly distributed
very-short,very high,low,many,widespread response,centralized
very-short,very high,low,many,widespread response,moderately distributed
very-short,very high,low,many,widespread response,highly distributed
very-short,very high,low,many,broad response,centralized
very-short,very high,low,many,broad response,moderately distributed
very-short,very high,low,many,broad response,highly distributed
very-short,very high,low,many,complete response,centralized
very-short,very high,low,many,complete response,moderately distributed
very-short,very high,low,many,complete response,highly distributed
very-short,very high,low,broad sweep,no response,centralized
very-short,very high,low,broad sweep,no response,moderately distributed
very-short,very high,low,broad sweep,no response,highly distributed
very-short,very high,low,broad sweep,minimal response,centralized
very-short,very high,low,broad sweep,minimal response,moderately distributed
very-short,very high,low,broad sweep,minimal response,highly distributed
very-short,very high,low,broad sweep,partial response,centralized
very-short,very high,low,broad sweep,partial response,moderately distributed
very-short,very high,low,broad sweep,partial response,highly distributed
very-short,very high,low,broad sweep,widespread response,centralized
very-short,very high,low,broad sweep,widespread response,moderately distributed
very-short,very high,low,broad sweep,widespread response,highly distributed
very-short,very high,low,broad sweep,broad response,centralized
very-short,very high,low,broad sweep,broad response,moderately distributed
very-short,very high,low,broad sweep,broad response,highly distributed
very-short,very high,low,broad sweep,complete response,centralized
very-short,very high,low,broad sweep,complete response,moderately distributed
very-short,very high,low,broad sweep,complete response,highly distributed
very-short,very high,moderate,a few,no response,centralized
very-short,very high,moderate,a few,no response,moderately distributed
very-short,very high,moderate,a few,no response,highly distributed
very-short,very high,moderate,a few,minimal response,centralized
very-short,very high,moderate,a few,minimal response,moderately distributed
very-short,very high,moderate,a few,minimal response,highly distributed
very-short,very high,moderate,a few,partial response,centralized
very-short,very high,moderate,a few,partial response,moderately distributed
very-short,very high,moderate,a few,partial response,highly distributed
very-short,very high,moderate,a few,widespread response,centralized
very-short,very high,moderate,a few,widespread response,moderately distributed
very-short,very high,moderate,a few,widespread response,highly distributed
very-short,very high,moderate,a few,broad response,centralized
very-short,very high,moderate,a few,broad response,moderately distributed
very-short,very high,moderate,a few,broad response,highly distributed
very-short,very high,moderate,a few,complete response,centralized
very-short,very high,moderate,a few,complete response,moderately distributed
very-short,very high,moderate,a few,complete response,highly distributed
very-short,very high,moderate,several,no response,centralized
very-short,very high,moderate,several,no response,moderately distributed
very-short,very high,moderate,several,no response,highly distributed
very-short,very high,moderate,several,minimal response,centralized
very-short,very high,moderate,several,minimal response,moderately distributed
very-short,very high,moderate,several,minimal response,highly distributed
very-short,very high,moderate,several,partial response,centralized
very-short,very high,moderate,several,partial response,moderately distributed
very-short,very high,moderate,several,partial response,highly distributed
very-short,very high,moderate,several,widespread response,centralized
very-short,very high,moderate,several,widespread response,moderately distributed
very-short,very high,moderate,several,widespread response,highly distributed
very-short,very high,moderate,several,broad response,centralized
very-short,very high,moderate,several,broad response,moderately distributed
very-short,very high,moderate,several,broad response,highly distributed
very-short,very high,moderate,several,complete response,centralized
very-short,very high,moderate,several,complete response,moderately distributed
very-short,very high,moderate,several,complete response,highly distributed
very-short,very high,moderate,many,no response,centralized
very-short,very high,moderate,many,no response,moderately distributed
very-short,very high,moderate,many,no response,highly distributed
very-short,very high,moderate,many,minimal response,centralized
very-short,very high,moderate,many,minimal response,moderately distributed
very-short,very high,moderate,many,minimal response,highly distributed
very-short,very high,moderate,many,partial response,centralized
very-short,very high,moderate,many,partial response,moderately distributed
very-short,very high,moderate,many,partial response,highly distributed
very-short,very high,moderate,many,widespread response,centralized
very-short,very high,moderate,many,widespread response,moderately distributed
very-short,very high,moderate,many,widespread response,highly distributed
very-short,very high,moderate,many,broad response,centralized
very-short,very high,moderate,many,broad response,moderately distributed
very-short,very high,moderate,many,broad response,highly distributed
very-short,very high,moderate,many,complete response,centralized
very-short,very high,moderate,many,complete response,moderately distributed
very-short,very high,moderate,many,complete response,highly distributed
very-short,very high,moderate,broad sweep,no response,centralized
very-short,very high,moderate,broad sweep,no response,moderately distributed
very-short,very high,moderate,broad sweep,no response,highly distributed
very-short,very high,moderate,broad sweep,minimal response,centralized
very-short,very high,moderate,broad sweep,minimal response,moderately distributed
very-short,very high,moderate,broad sweep,minimal response,highly distributed
very-short,very high,moderate,broad sweep,partial response,centralized
very-short,very high,moderate,broad sweep,partial response,moderately distributed
very-short,very high,moderate,broad sweep,partial response,highly distributed
very-short,very high,moderate,broad sweep,widespread response,centralized
very-short,very high,moderate,broad sweep,widespread response,moderately distributed
very-short,very high,moderate,broad sweep,widespread response,highly distributed
very-short,very high,moderate,broad sweep,broad response,centralized
very-short,very high,moderate,broad sweep,broad response,moderately distributed
very-short,very high,moderate,broad sweep,broad response,highly distributed
very-short,very high,moderate,broad sweep,complete response,centralized
very-short,very high,moderate,broad sweep,complete response,moderately distributed
very-short,very high,moderate,broad sweep,complete response,highly distributed
very-short,very high,dominant,a few,no response,centralized
very-short,very high,dominant,a few,no response,moderately distributed
very-short,very high,dominant,a few,no response,highly distributed
very-short,very high,dominant,a few,minimal response,centralized
very-short,very high,dominant,a few,minimal response,moderately distributed
very-short,very high,dominant,a few,minimal response,highly distributed
very-short,very high,dominant,a few,partial response,centralized
very-short,very high,dominant,a few,partial response,moderately distributed
very-short,very high,dominant,a few,partial response,highly distributed
very-short,very high,dominant,a few,widespread response,centralized
very-short,very high,dominant,a few,widespread response,moderately distributed
very-short,very high,dominant,a few,widespread response,highly distributed
very-short,very high,dominant,a few,broad response,centralized
very-short,very high,dominant,a few,broad response,moderately distributed
very-short,very high,dominant,a few,broad response,highly distributed
very-short,very high,dominant,a few,complete response,centralized
very-short,very high,dominant,a few,complete response,moderately distributed
very-short,very high,dominant,a few,complete response,highly distributed
very-short,very high,dominant,several,no response,centralized
very-short,very high,dominant,several,no response,moderately distributed
very-short,very high,dominant,several,no response,highly distributed
very-short,very high,dominant,several,minimal response,centralized
very-short,very high,dominant,several,minimal response,moderately distributed
very-short,very high,dominant,several,minimal response,highly distributed
very-short,very high,dominant,several,partial response,centralized
very-short,very high,dominant,several,partial response,moderately distributed
very-short,very high,dominant,several,partial response,highly distributed
very-short,very high,dominant,several,widespread response,centralized
very-short,very high,dominant,several,widespread response,moderately distributed
very-short,very high,dominant,several,widespread response,highly distributed
very-short,very high,dominant,several,broad response,centralized
very-short,very high,dominant,several,broad response,moderately distributed
very-short,very high,dominant,several,broad response,highly distributed
very-short,very high,dominant,several,complete response,centralized
very-short,very high,dominant,several,complete response,moderately distributed
very-short,very high,dominant,several,complete response,highly distributed
very-short,very high,dominant,many,no response,centralized
very-short,very high,dominant,many,no response,moderately distributed
very-short,very high,dominant,many,no response,highly distributed
very-short,very high,dominant,many,minimal response,centralized
very-short,very high,dominant,many,minimal response,moderately distributed
very-short,very high,dominant,many,minimal response,highly distributed
very-short,very high,dominant,many,partial response,centralized
very-short,very high,dominant,many,partial response,moderately distributed
very-short,very high,dominant,many,partial response,highly distributed
very-short,very high,dominant,many,widespread response,centralized
very-short,very high,dominant,many,widespread response,moderately distributed
very-short,very high,dominant,many,widespread response,highly distributed
very-short,very high,dominant,many,broad response,centralized
very-short,very high,dominant,many,broad response,moderately distributed
very-short,very high,dominant,many,broad response,highly distributed
very-short,very high,dominant,many,complete response,centralized
very-short,very high,dominant,many,complete response,moderately distributed
very-short,very high,dominant,many,complete response,highly distributed
very-short,very high,dominant,broad sweep,no response,centralized
very-short,very high,dominant,broad sweep,no response,moderately distributed
very-short,very high,dominant,broad sweep,no response,highly distributed
very-short,very high,dominant,broad sweep,minimal response,centralized
very-short,very high,dominant,broad sweep,minimal response,moderately distributed
very-short,very high,dominant,broad sweep,minimal response,highly distributed
very-short,very high,dominant,broad sweep,partial response,centralized
very-short,very high,dominant,broad sweep,partial response,moderately distributed
very-short,very high,dominant,broad sweep,partial response,highly distributed
very-short,very high,dominant,broad sweep,widespread response,centralized
very-short,very high,dominant,broad sweep,widespread response,moderately distributed
very-short,very high,dominant,broad sweep,widespread response,highly distributed
very-short,very high,dominant,broad sweep,broad response,centralized
very-short,very high,dominant,broad sweep,broad response,moderately distributed
very-short,very high,dominant,broad sweep,broad response,highly distributed
very-short,very high,dominant,broad sweep,complete response,centralized
very-short,very high,dominant,broad sweep,complete response,moderately distributed
very-short,very high,dominant,broad sweep,complete response,highly distributed
very-short,very high,overwhelming,a few,no response,centralized
very-short,very high,overwhelming,a few,no response,moderately distributed
very-short,very high,overwhelming,a few,no response,highly distributed
very-short,very high,overwhelming,a few,minimal response,centralized
very-short,very high,overwhelming,a few,minimal response,moderately distributed
very-short,very high,overwhelming,a few,minimal response,highly distributed
very-short,very high,overwhelming,a few,partial response,centralized
very-short,very high,overwhelming,a few,partial response,moderately distributed
very-short,very high,overwhelming,a few,partial response,highly distributed
very-short,very high,overwhelming,a few,widespread response,centralized
very-short,very high,overwhelming,a few,widespread response,moderately distributed
very-short,very high,overwhelming,a few,widespread response,highly distributed
very-short,very high,overwhelming,a few,broad response,centralized
very-short,very high,overwhelming,a few,broad response,moderately distributed
very-short,very high,overwhelming,a few,broad response,highly distributed
very-short,very high,overwhelming,a few,complete response,centralized
very-short,very high,overwhelming,a few,complete response,moderately distributed
very-short,very high,overwhelming,a few,complete response,highly distributed
very-short,very high,overwhelming,several,no response,centralized
very-short,very high,overwhelming,several,no response,moderately distributed
very-short,very high,overwhelming,several,no response,highly distributed
very-short,very high,overwhelming,several,minimal response,centralized
very-short,very high,overwhelming,several,minimal response,moderately distributed
very-short,very high,overwhelming,several,minimal response,highly distributed
very-short,very high,overwhelming,several,partial response,centralized
very-short,very high,overwhelming,several,partial response,moderately distributed
very-short,very high,overwhelming,several,partial response,highly distributed
very-short,very high,overwhelming,several,widespread response,centralized
very-short,very high,overwhelming,several,widespread response,moderately distributed
very-short,very high,overwhelming,several,widespread response,highly distributed
very-short,very high,overwhelming,several,broad response,centralized
very-short,very high,overwhelming,several,broad response,moderately distributed
very-short,very high,overwhelming,several,broad response,highly distributed
very-short,very high,overwhelming,several,complete response,centralized
very-short,very high,overwhelming,several,complete response,moderately distributed
very-short,very high,overwhelming,several,complete response,highly distributed
very-short,very high,overwhelming,many,no response,centralized
very-short,very high,overwhelming,many,no response,moderately distributed
very-short,very high,overwhelming,many,no response,highly distributed
very-short,very high,overwhelming,many,minimal response,centralized
very-short,very high,overwhelming,many,minimal response,moderately distributed
very-short,very high,overwhelming,many,minimal response,highly distributed
very-short,very high,overwhelming,many,partial response,centralized
very-short,very high,overwhelming,many,partial response,moderately distributed
very-short,very high,overwhelming,many,partial response,highly distributed
very-short,very high,overwhelming,many,widespread response,centralized
very-short,very high,overwhelming,many,widespread response,moderately distributed
very-short,very high,overwhelming,many,widespread response,highly distributed
very-short,very high,overwhelming,many,broad response,centralized
very-short,very high,overwhelming,many,broad response,moderately distributed
very-short,very high,overwhelming,many,broad response,highly distributed
very-short,very high,overwhelming,many,complete response,centralized
very-short,very high,overwhelming,many,complete response,moderately distributed
very-short,very high,overwhelming,many,complete response,highly distributed
very-short,very high,overwhelming,broad sweep,no response,centralized
very-short,very high,overwhelming,broad sweep,no response,moderately distributed
very-short,very high,overwhelming,broad sweep,no response,highly distributed
very-short,very high,overwhelming,broad sweep,minimal response,centralized
very-short,very high,overwhelming,broad sweep,minimal response,moderately distributed
very-short,very high,overwhelming,broad sweep,minimal response,highly distributed
very-short,very high,overwhelming,broad sweep,partial response,centralized
very-short,very high,overwhelming,broad sweep,partial response,moderately distributed
very-short,very high,overwhelming,broad sweep,partial response,highly distributed
very-short,very high,overwhelming,broad sweep,widespread response,centralized
very-short,very high,overwhelming,broad sweep,widespread response,moderately distributed
very-short,very high,overwhelming,broad sweep,widespread response,highly distributed
very-short,very high,overwhelming,broad sweep,broad response,centralized
very-short,very high,overwhelming,broad sweep,broad response,moderately distributed
very-short,very high,overwhelming,broad sweep,broad response,highly distributed
very-short,very high,overwhelming,broad sweep,complete response,centralized
very-short,very high,overwhelming,broad sweep,complete response,moderately distributed
very-short,very high,overwhelming,broad sweep,complete response,highly distributed
short,very low,minimal,a few,no response,centralized
short,very low,minimal,a few,no response,moderately distributed
short,very low,minimal,a few,minimal response,centralized
short,very low,minimal,a few,minimal response,moderately distributed
short,very low,minimal,a few,partial response,centralized
short,very low,minimal,a few,partial response,moderately distributed
short,very low,minimal,a few,widespread response,centralized
short,very low,minimal,a few,widespread response,moderately distributed
short,very low,minimal,a few,broad response,centralized
short,very low,minimal,a few,broad response,moderately distributed
short,very low,minimal,a few,complete response,centralized
short,very low,minimal,a few,complete response,moderately distributed
short,very low,minimal,several,no response,centralized
short,very low,minimal,several,no response,moderately distributed
short,very low,minimal,several,minimal response,centralized
short,very low,minimal,several,minimal response,moderately distributed
short,very low,minimal,several,partial response,centralized
short,very low,minimal,several,partial response,moderately distributed
short,very low,minimal,several,widespread response,centralized
short,very low,minimal,several,widespread response,moderately distributed
short,very low,minimal,several,broad response,centralized
short,very low,minimal,several,broad response,moderately distributed
short,very low,minimal,several,complete response,centralized
short,very low,minimal,several,complete response,moderately distributed
short,very low,low,a few,no response,centralized
short,very low,low,a few,no response,moderately distributed
short,very low,low,a few,minimal response,centralized
short,very low,low,a few,minimal response,moderately distributed
short,very low,low,a few,partial response,centralized
short,very low,low,a few,partial response,moderately distributed
short,very low,low,a few,widespread response,centralized
short,very low,low,a few,widespread response,moderately distributed
short,very low,low,a few,broad response,centralized
short,very low,low,a few,broad response,moderately distributed
short,very low,low,a few,complete response,centralized
short,very low,low,a few,complete response,moderately distributed
short,very low,low,several,no response,centralized
short,very low,low,several,no response,moderately distributed
short,very low,low,several,minimal response,centralized
short,very low,low,several,minimal response,moderately distributed
short,very low,low,several,partial response,centralized
short,very low,low,several,partial response,moderately distributed
short,very low,low,several,widespread response,centralized
short,very low,low,several,widespread response,moderately distributed
short,very low,low,several,broad response,centralized
short,very low,low,several,broad response,moderately distributed
short,very low,low,several,complete response,centralized
short,very low,low,several,complete response,moderately distributed
short,very low,moderate,a few,no response,centralized
short,very low,moderate,a few,no response,moderately distributed
short,very low,moderate,a few,minimal response,centralized
short,very low,moderate,a few,minimal response,moderately distributed
short,very low,moderate,a few,partial response,centralized
short,very low,moderate,a few,partial response,moderately distributed
short,very low,moderate,a few,widespread response,centralized
short,very low,moderate,a few,widespread response,moderately distributed
short,very low,moderate,a few,broad response,centralized
short,very low,moderate,a few,broad response,moderately distributed
short,very low,moderate,a few,complete response,centralized
short,very low,moderate,a few,complete response,moderately distributed
short,very low,moderate,several,no response,centralized
short,very low,moderate,several,no response,moderately distributed
short,very low,moderate,several,minimal response,centralized
short,very low,moderate,several,minimal response,moderately distributed
short,very low,moderate,several,partial response,centralized
short,very low,moderate,several,partial response,moderately distributed
short,very low,moderate,several,widespread response,centralized
short,very low,moderate,several,widespread response,moderately distributed
short,very low,moderate,several,broad response,centralized
short,very low,moderate,several,broad response,moderately distributed
short,very low,moderate,several,complete response,centralized
short,very low,moderate,several,complete response,moderately distributed
short,low,minimal,a few,no response,centralized
short,low,minimal,a few,no response,moderately distributed
short,low,minimal,a few,no response,highly distributed
short,low,minimal,a few,minimal response,centralized
short,low,minimal,a few,minimal response,moderately distributed
short,low,minimal,a few,minimal response,highly distributed
short,low,minimal,a few,partial response,centralized
short,low,minimal,a few,partial response,moderately distributed
short,low,minimal,a few,partial response,highly distributed
short,low,minimal,a few,widespread response,centralized
short,low,minimal,a few,widespread response,moderately distributed
short,low,minimal,a few,widespread response,highly distributed
short,low,minimal,a few,broad response,centralized
short,low,minimal,a few,broad response,moderately distributed
short,low,minimal,a few,broad response,highly distributed
short,low,minimal,a few,complete response,centralized
short,low,minimal,a few,complete response,moderately distributed
short,low,minimal,a few,complete response,highly distributed
short,low,minimal,several,no response,centralized
short,low,minimal,several,no response,moderately distributed
short,low,minimal,several,no response,highly distributed
short,low,minimal,several,minimal response,centralized
short,low,minimal,several,minimal response,moderately distributed
short,low,minimal,several,minimal response,highly distributed
short,low,minimal,several,partial response,centralized
short,low,minimal,several,partial response,moderately distributed
short,low,minimal,several,partial response,highly distributed
short,low,minimal,several,widespread response,centralized
short,low,minimal,several,widespread response,moderately distributed
short,low,minimal,several,widespread response,highly distributed
short,low,minimal,several,broad response,centralized
short,low,minimal,several,broad response,moderately distributed
short,low,minimal,several,broad response,highly distributed
short,low,minimal,several,complete response,centralized
short,low,minimal,several,complete response,moderately distributed
short,low,minimal,several,complete response,highly distributed
short,low,low,a few,no response,centralized
short,low,low,a few,no response,moderately distributed
short,low,low,a few,no response,highly distributed
short,low,low,a few,minimal response,centralized
short,low,low,a few,minimal response,moderately distributed
short,low,low,a few,minimal response,highly distributed
short,low,low,a few,partial response,centralized
short,low,low,a few,partial response,moderately distributed
short,low,low,a few,partial response,highly distributed
short,low,low,a few,widespread response,centralized
short,low,low,a few,widespread response,moderately distributed
short,low,low,a few,widespread response,highly distributed
short,low,low,a few,broad response,centralized
short,low,low,a few,broad response,moderately distributed
short,low,low,a few,broad response,highly distributed
short,low,low,a few,complete response,centralized
short,low,low,a few,complete response,moderately distributed
short,low,low,a few,complete response,highly distributed
short,low,low,several,no response,centralized
short,low,low,several,no response,moderately distributed
short,low,low,several,no response,highly distributed
short,low,low,several,minimal response,centralized
short,low,low,several,minimal response,moderately distributed
short,low,low,several,minimal response,highly distributed
short,low,low,several,partial response,centralized
short,low,low,several,partial response,moderately distributed
short,low,low,several,partial response,highly distributed
short,low,low,several,widespread response,centralized
short,low,low,several,widespread response,moderately distributed
short,low,low,several,widespread response,highly distributed
short,low,low,several,broad response,centralized
short,low,low,several,broad response,moderately distributed
short,low,low,several,broad response,highly distributed
short,low,low,several,complete response,centralized
short,low,low,several,complete response,moderately distributed
short,low,low,several,complete response,highly distributed
short,low,moderate,a few,no response,centralized
short,low,moderate,a few,no response,moderately distributed
short,low,moderate,a few,no response,highly distributed
short,low,moderate,a few,minimal response,centralized
short,low,moderate,a few,minimal response,moderately distributed
short,low,moderate,a few,minimal response,highly distributed
short,low,moderate,a few,partial response,centralized
short,low,moderate,a few,partial response,moderately distributed
short,low,moderate,a few,partial response,highly distributed
short,low,moderate,a few,widespread response,centralized
short,low,moderate,a few,widespread response,moderately distributed
short,low,moderate,a few,widespread response,highly distributed
short,low,moderate,a few,broad response,centralized
short,low,moderate,a few,broad response,moderately distributed
short,low,moderate,a few,broad response,highly distributed
short,low,moderate,a few,complete response,centralized
short,low,moderate,a few,complete response,moderately distributed
short,low,moderate,a few,complete response,highly distributed
short,low,moderate,several,no response,centralized
short,low,moderate,several,no response,moderately distributed
short,low,moderate,several,no response,highly distributed
short,low,moderate,several,minimal response,centralized
short,low,moderate,several,minimal response,moderately distributed
short,low,moderate,several,minimal response,highly distributed
short,low,moderate,several,partial response,centralized
short,low,moderate,several,partial response,moderately distributed
short,low,moderate,several,partial response,highly distributed
short,low,moderate,several,widespread response,centralized
short,low,moderate,several,widespread response,moderately distributed
short,low,moderate,several,widespread response,highly distributed
short,low,moderate,several,broad response,centralized
short,low,moderate,several,broad response,moderately distributed
short,low,moderate,several,broad response,highly distributed
short,low,moderate,several,complete response,centralized
short,low,moderate,several,complete response,moderately distributed
short,low,moderate,several,complete response,highly distributed
short,low,dominant,a few,no response,centralized
short,low,dominant,a few,no response,moderately distributed
short,low,dominant,a few,no response,highly distributed
short,low,dominant,a few,minimal response,centralized
short,low,dominant,a few,minimal response,moderately distributed
short,low,dominant,a few,minimal response,highly distributed
short,low,dominant,a few,partial response,centralized
short,low,dominant,a few,partial response,moderately distributed
short,low,dominant,a few,partial response,highly distributed
short,low,dominant,a few,widespread response,centralized
short,low,dominant,a few,widespread response,moderately distributed
short,low,dominant,a few,widespread response,highly distributed
short,low,dominant,a few,broad response,centralized
short,low,dominant,a few,broad response,moderately distributed
short,low,dominant,a few,broad response,highly distributed
short,low,dominant,a few,complete response,centralized
short,low,dominant,a few,complete response,moderately distributed
short,low,dominant,a few,complete response,highly distributed
short,low,dominant,several,no response,centralized
short,low,dominant,several,no response,moderately distributed
short,low,dominant,several,no response,highly distributed
short,low,dominant,several,minimal response,centralized
short,low,dominant,several,minimal response,moderately distributed
short,low,dominant,several,minimal response,highly distributed
short,low,dominant,several,partial response,centralized
short,low,dominant,several,partial response,moderately distributed
short,low,dominant,several,partial response,highly distributed
short,low,dominant,several,widespread response,centralized
short,low,dominant,several,widespread response,moderately distributed
short,low,dominant,several,widespread response,highly distributed
short,low,dominant,several,broad response,centralized
short,low,dominant,several,broad response,moderately distributed
short,low,dominant,several,broad response,highly distributed
short,low,dominant,several,complete response,centralized
short,low,dominant,several,complete response,moderately distributed
short,low,dominant,several,complete response,highly distributed
short,low,overwhelming,a few,no response,centralized
short,low,overwhelming,a few,no response,moderately distributed
short,low,overwhelming,a few,no response,highly distributed
short,low,overwhelming,a few,minimal response,centralized
short,low,overwhelming,a few,minimal response,moderately distributed
short,low,overwhelming,a few,minimal response,highly distributed
short,low,overwhelming,a few,partial response,centralized
short,low,overwhelming,a few,partial response,moderately distributed
short,low,overwhelming,a few,partial response,highly distributed
short,low,overwhelming,a few,widespread response,centralized
short,low,overwhelming,a few,widespread response,moderately distributed
short,low,overwhelming,a few,widespread response,highly distributed
short,low,overwhelming,a few,broad response,centralized
short,low,overwhelming,a few,broad response,moderately distributed
short,low,overwhelming,a few,broad response,highly distributed
short,low,overwhelming,a few,complete response,centralized
short,low,overwhelming,a few,complete response,moderately distributed
short,low,overwhelming,a few,complete response,highly distributed
short,low,overwhelming,several,no response,centralized
short,low,overwhelming,several,no response,moderately distributed
short,low,overwhelming,several,no response,highly distributed
short,low,overwhelming,several,minimal response,centralized
short,low,overwhelming,several,minimal response,moderately distributed
short,low,overwhelming,several,minimal response,highly distributed
short,low,overwhelming,several,partial response,centralized
short,low,overwhelming,several,partial response,moderately distributed
short,low,overwhelming,several,partial response,highly distributed
short,low,overwhelming,several,widespread response,centralized
short,low,overwhelming,several,widespread response,moderately distributed
short,low,overwhelming,several,widespread response,highly distributed
short,low,overwhelming,several,broad response,centralized
short,low,overwhelming,several,broad response,moderately distributed
short,low,overwhelming,several,broad response,highly distributed
short,low,overwhelming,several,complete response,centralized
short,low,overwhelming,several,complete response,moderately distributed
short,low,overwhelming,several,complete response,highly distributed
short,moderate,minimal,a few,no response,centralized
short,moderate,minimal,a few,no response,moderately distributed
short,moderate,minimal,a few,no response,highly distributed
short,moderate,minimal,a few,minimal response,centralized
short,moderate,minimal,a few,minimal response,moderately distributed
short,moderate,minimal,a few,minimal response,highly distributed
short,moderate,minimal,a few,partial response,centralized
short,moderate,minimal,a few,partial response,moderately distributed
short,moderate,minimal,a few,partial response,highly distributed
short,moderate,minimal,a few,widespread response,centralized
short,moderate,minimal,a few,widespread response,moderately distributed
short,moderate,minimal,a few,widespread response,highly distributed
short,moderate,minimal,a few,broad response,centralized
short,moderate,minimal,a few,broad response,moderately distributed
short,moderate,minimal,a few,broad response,highly distributed
short,moderate,minimal,a few,complete response,centralized
short,moderate,minimal,a few,complete response,moderately distributed
short,moderate,minimal,a few,complete response,highly distributed
short,moderate,minimal,several,no response,centralized
short,moderate,minimal,several,no response,moderately distributed
short,moderate,minimal,several,no response,highly distributed
short,moderate,minimal,several,minimal response,centralized
short,moderate,minimal,several,minimal response,moderately distributed
short,moderate,minimal,several,minimal response,highly distributed
short,moderate,minimal,several,partial response,centralized
short,moderate,minimal,several,partial response,moderately distributed
short,moderate,minimal,several,partial response,highly distributed
short,moderate,minimal,several,widespread response,centralized
short,moderate,minimal,several,widespread response,moderately distributed
short,moderate,minimal,several,widespread response,highly distributed
short,moderate,minimal,several,broad response,centralized
short,moderate,minimal,several,broad response,moderately distributed
short,moderate,minimal,several,broad response,highly distributed
short,moderate,minimal,several,complete response,centralized
short,moderate,minimal,several,complete response,moderately distributed
short,moderate,minimal,several,complete response,highly distributed
short,moderate,minimal,many,no response,centralized
short,moderate,minimal,many,no response,moderately distributed
short,moderate,minimal,many,no response,highly distributed
short,moderate,minimal,many,minimal response,centralized
short,moderate,minimal,many,minimal response,moderately distributed
short,moderate,minimal,many,minimal response,highly distributed
short,moderate,minimal,many,partial response,centralized
short,moderate,minimal,many,partial response,moderately distributed
short,moderate,minimal,many,partial response,highly distributed
short,moderate,minimal,many,widespread response,centralized
short,moderate,minimal,many,widespread response,moderately distributed
short,moderate,minimal,many,widespread response,highly distributed
short,moderate,minimal,many,broad response,centralized
short,moderate,minimal,many,broad response,moderately distributed
short,moderate,minimal,many,broad response,highly distributed
short,moderate,minimal,many,complete response,centralized
short,moderate,minimal,many,complete response,moderately distributed
short,moderate,minimal,many,complete response,highly distributed
short,moderate,minimal,broad sweep,no response,centralized
short,moderate,minimal,broad sweep,no response,moderately distributed
short,moderate,minimal,broad sweep,no response,highly distributed
short,moderate,minimal,broad sweep,minimal response,centralized
short,moderate,minimal,broad sweep,minimal response,moderately distributed
short,moderate,minimal,broad sweep,minimal response,highly distributed
short,moderate,minimal,broad sweep,partial response,centralized
short,moderate,minimal,broad sweep,partial response,moderately distributed
short,moderate,minimal,broad sweep,partial response,highly distributed
short,moderate,minimal,broad sweep,widespread response,centralized
short,moderate,minimal,broad sweep,widespread response,moderately distributed
short,moderate,minimal,broad sweep,widespread response,highly distributed
short,moderate,minimal,broad sweep,broad response,centralized
short,moderate,minimal,broad sweep,broad response,moderately distributed
short,moderate,minimal,broad sweep,broad response,highly distributed
short,moderate,minimal,broad sweep,complete response,centralized
short,moderate,minimal,broad sweep,complete response,moderately distributed
short,moderate,minimal,broad sweep,complete response,highly distributed
short,moderate,low,a few,no response,centralized
short,moderate,low,a few,no response,moderately distributed
short,moderate,low,a few,no response,highly distributed
short,moderate,low,a few,minimal response,centralized
short,moderate,low,a few,minimal response,moderately distributed
short,moderate,low,a few,minimal response,highly distributed
short,moderate,low,a few,partial response,centralized
short,moderate,low,a few,partial response,moderately distributed
short,moderate,low,a few,partial response,highly distributed
short,moderate,low,a few,widespread response,centralized
short,moderate,low,a few,widespread response,moderately distributed
short,moderate,low,a few,widespread response,highly distributed
short,moderate,low,a few,broad response,centralized
short,moderate,low,a few,broad response,moderately distributed
short,moderate,low,a few,broad response,highly distributed
short,moderate,low,a few,complete response,centralized
short,moderate,low,a few,complete response,moderately distributed
short,moderate,low,a few,complete response,highly distributed
short,moderate,low,several,no response,centralized
short,moderate,low,several,no response,moderately distributed
short,moderate,low,several,no response,highly distributed
short,moderate,low,several,minimal response,centralized
short,moderate,low,several,minimal response,moderately distributed
short,moderate,low,several,minimal response,highly distributed
short,moderate,low,several,partial response,centralized
short,moderate,low,several,partial response,moderately distributed
short,moderate,low,several,partial response,highly distributed
short,moderate,low,several,widespread response,centralized
short,moderate,low,several,widespread response,moderately distributed
short,moderate,low,several,widespread response,highly distributed
short,moderate,low,several,broad response,centralized
short,moderate,low,several,broad response,moderately distributed
short,moderate,low,several,broad response,highly distributed
short,moderate,low,several,complete response,centralized
short,moderate,low,several,complete response,moderately distributed
short,moderate,low,several,complete response,highly distributed
short,moderate,low,many,no response,centralized
short,moderate,low,many,no response,moderately distributed
short,moderate,low,many,no response,highly distributed
short,moderate,low,many,minimal response,centralized
short,moderate,low,many,minimal response,moderately distributed
short,moderate,low,many,minimal response,highly distributed
short,moderate,low,many,partial response,centralized
short,moderate,low,many,partial response,moderately distributed
short,moderate,low,many,partial response,highly distributed
short,moderate,low,many,widespread response,centralized
short,moderate,low,many,widespread response,moderately distributed
short,moderate,low,many,widespread response,highly distributed
short,moderate,low,many,broad response,centralized
short,moderate,low,many,broad response,moderately distributed
short,moderate,low,many,broad response,highly distributed
short,moderate,low,many,complete response,centralized
short,moderate,low,many,complete response,moderately distributed
short,moderate,low,many,complete response,highly distributed
short,moderate,low,broad sweep,no response,centralized
short,moderate,low,broad sweep,no response,moderately distributed
short,moderate,low,broad sweep,no response,highly distributed
short,moderate,low,broad sweep,minimal response,centralized
short,moderate,low,broad sweep,minimal response,moderately distributed
short,moderate,low,broad sweep,minimal response,highly distributed
short,moderate,low,broad sweep,partial response,centralized
short,moderate,low,broad sweep,partial response,moderately distributed
short,moderate,low,broad sweep,partial response,highly distributed
short,moderate,low,broad sweep,widespread response,centralized
short,moderate,low,broad sweep,widespread response,moderately distributed
short,moderate,low,broad sweep,widespread response,highly distributed
short,moderate,low,broad sweep,broad response,centralized
short,moderate,low,broad sweep,broad response,moderately distributed
short,moderate,low,broad sweep,broad response,highly distributed
short,moderate,low,broad sweep,complete response,centralized
short,moderate,low,broad sweep,complete response,moderately distributed
short,moderate,low,broad sweep,complete response,highly distributed
short,moderate,moderate,a few,no response,centralized
short,moderate,moderate,a few,no response,moderately distributed
short,moderate,moderate,a few,no response,highly distributed
short,moderate,moderate,a few,minimal response,centralized
short,moderate,moderate,a few,minimal response,moderately distributed
short,moderate,moderate,a few,minimal response,highly distributed
short,moderate,moderate,a few,partial response,centralized
short,moderate,moderate,a few,partial response,moderately distributed
short,moderate,moderate,a few,partial response,highly distributed
short,moderate,moderate,a few,widespread response,centralized
short,moderate,moderate,a few,widespread response,moderately distributed
short,moderate,moderate,a few,widespread response,highly distributed
short,moderate,moderate,a few,broad response,centralized
short,moderate,moderate,a few,broad response,moderately distributed
short,moderate,moderate,a few,broad response,highly distributed
short,moderate,moderate,a few,complete response,centralized
short,moderate,moderate,a few,complete response,moderately distributed
short,moderate,moderate,a few,complete response,highly distributed
short,moderate,moderate,several,no response,centralized
short,moderate,moderate,several,no response,moderately distributed
short,moderate,moderate,several,no response,highly distributed
short,moderate,moderate,several,minimal response,centralized
short,moderate,moderate,several,minimal response,moderately distributed
short,moderate,moderate,several,minimal response,highly distributed
short,moderate,moderate,several,partial response,centralized
short,moderate,moderate,several,partial response,moderately distributed
short,moderate,moderate,several,partial response,highly distributed
short,moderate,moderate,several,widespread response,centralized
short,moderate,moderate,several,widespread response,moderately distributed
short,moderate,moderate,several,widespread response,highly distributed
short,moderate,moderate,several,broad response,centralized
short,moderate,moderate,several,broad response,moderately distributed
short,moderate,moderate,several,broad response,highly distributed
short,moderate,moderate,several,complete response,centralized
short,moderate,moderate,several,complete response,moderately distributed
short,moderate,moderate,several,complete response,highly distributed
short,moderate,moderate,many,no response,centralized
short,moderate,moderate,many,no response,moderately distributed
short,moderate,moderate,many,no response,highly distributed
short,moderate,moderate,many,minimal response,centralized
short,moderate,moderate,many,minimal response,moderately distributed
short,moderate,moderate,many,minimal response,highly distributed
short,moderate,moderate,many,partial response,centralized
short,moderate,moderate,many,partial response,moderately distributed
short,moderate,moderate,many,partial response,highly distributed
short,moderate,moderate,many,widespread response,centralized
short,moderate,moderate,many,widespread response,moderately distributed
short,moderate,moderate,many,widespread response,highly distributed
short,moderate,moderate,many,broad response,centralized
short,moderate,moderate,many,broad response,moderately distributed
short,moderate,moderate,many,broad response,highly distributed
short,moderate,moderate,many,complete response,centralized
short,moderate,moderate,many,complete response,moderately distributed
short,moderate,moderate,many,complete response,highly distributed
short,moderate,moderate,broad sweep,no response,centralized
short,moderate,moderate,broad sweep,no response,moderately distributed
short,moderate,moderate,broad sweep,no response,highly distributed
short,moderate,moderate,broad sweep,minimal response,centralized
short,moderate,moderate,broad sweep,minimal response,moderately distributed
short,moderate,moderate,broad sweep,minimal response,highly distributed
short,moderate,moderate,broad sweep,partial response,centralized
short,moderate,moderate,broad sweep,partial response,moderately distributed
short,moderate,moderate,broad sweep,partial response,highly distributed
short,moderate,moderate,broad sweep,widespread response,centralized
short,moderate,moderate,broad sweep,widespread response,moderately distributed
short,moderate,moderate,broad sweep,widespread response,highly distributed
short,moderate,moderate,broad sweep,broad response,centralized
short,moderate,moderate,broad sweep,broad response,moderately distributed
short,moderate,moderate,broad sweep,broad response,highly distributed
short,moderate,moderate,broad sweep,complete response,centralized
short,moderate,moderate,broad sweep,complete response,moderately distributed
short,moderate,moderate,broad sweep,complete response,highly distributed
short,moderate,dominant,a few,no response,centralized
short,moderate,dominant,a few,no response,moderately distributed
short,moderate,dominant,a few,no response,highly distributed
short,moderate,dominant,a few,minimal response,centralized
short,moderate,dominant,a few,minimal response,moderately distributed
short,moderate,dominant,a few,minimal response,highly distributed
short,moderate,dominant,a few,partial response,centralized
short,moderate,dominant,a few,partial response,moderately distributed
short,moderate,dominant,a few,partial response,highly distributed
short,moderate,dominant,a few,widespread response,centralized
short,moderate,dominant,a few,widespread response,moderately distributed
short,moderate,dominant,a few,widespread response,highly distributed
short,moderate,dominant,a few,broad response,centralized
short,moderate,dominant,a few,broad response,moderately distributed
short,moderate,dominant,a few,broad response,highly distributed
short,moderate,dominant,a few,complete response,centralized
short,moderate,dominant,a few,complete response,moderately distributed
short,moderate,dominant,a few,complete response,highly distributed
short,moderate,dominant,several,no response,centralized
short,moderate,dominant,several,no response,moderately distributed
short,moderate,dominant,several,no response,highly distributed
short,moderate,dominant,several,minimal response,centralized
short,moderate,dominant,several,minimal response,moderately distributed
short,moderate,dominant,several,minimal response,highly distributed
short,moderate,dominant,several,partial response,centralized
short,moderate,dominant,several,partial response,moderately distributed
short,moderate,dominant,several,partial response,highly distributed
short,moderate,dominant,several,widespread response,centralized
short,moderate,dominant,several,widespread response,moderately distributed
short,moderate,dominant,several,widespread response,highly distributed
short,moderate,dominant,several,broad response,centralized
short,moderate,dominant,several,broad response,moderately distributed
short,moderate,dominant,several,broad response,highly distributed
short,moderate,dominant,several,complete response,centralized
short,moderate,dominant,several,complete response,moderately distributed
short,moderate,dominant,several,complete response,highly distributed
short,moderate,dominant,many,no response,centralized
short,moderate,dominant,many,no response,moderately distributed
short,moderate,dominant,many,no response,highly distributed
short,moderate,dominant,many,minimal response,centralized
short,moderate,dominant,many,minimal response,moderately distributed
short,moderate,dominant,many,minimal response,highly distributed
short,moderate,dominant,many,partial response,centralized
short,moderate,dominant,many,partial response,moderately distributed
short,moderate,dominant,many,partial response,highly distributed
short,moderate,dominant,many,widespread response,centralized
short,moderate,dominant,many,widespread response,moderately distributed
short,moderate,dominant,many,widespread response,highly distributed
short,moderate,dominant,many,broad response,centralized
short,moderate,dominant,many,broad response,moderately distributed
short,moderate,dominant,many,broad response,highly distributed
short,moderate,dominant,many,complete response,centralized
short,moderate,dominant,many,complete response,moderately distributed
short,moderate,dominant,many,complete response,highly distributed
short,moderate,dominant,broad sweep,no response,centralized
short,moderate,dominant,broad sweep,no response,moderately distributed
short,moderate,dominant,broad sweep,no response,highly distributed
short,moderate,dominant,broad sweep,minimal response,centralized
short,moderate,dominant,broad sweep,minimal response,moderately distributed
short,moderate,dominant,broad sweep,minimal response,highly distributed
short,moderate,dominant,broad sweep,partial response,centralized
short,moderate,dominant,broad sweep,partial response,moderately distributed
short,moderate,dominant,broad sweep,partial response,highly distributed
short,moderate,dominant,broad sweep,widespread response,centralized
short,moderate,dominant,broad sweep,widespread response,moderately distributed
short,moderate,dominant,broad sweep,widespread response,highly distributed
short,moderate,dominant,broad sweep,broad response,centralized
short,moderate,dominant,broad sweep,broad response,moderately distributed
short,moderate,dominant,broad sweep,broad response,highly distributed
short,moderate,dominant,broad sweep,complete response,centralized
short,moderate,dominant,broad sweep,complete response,moderately distributed
short,moderate,dominant,broad sweep,complete response,highly distributed
short,moderate,overwhelming,a few,no response,centralized
short,moderate,overwhelming,a few,no response,moderately distributed
short,moderate,overwhelming,a few,no response,highly distributed
short,moderate,overwhelming,a few,minimal response,centralized
short,moderate,overwhelming,a few,minimal response,moderately distributed
short,moderate,overwhelming,a few,minimal response,highly distributed
short,moderate,overwhelming,a few,partial response,centralized
short,moderate,overwhelming,a few,partial response,moderately distributed
short,moderate,overwhelming,a few,partial response,highly distributed
short,moderate,overwhelming,a few,widespread response,centralized
short,moderate,overwhelming,a few,widespread response,moderately distributed
short,moderate,overwhelming,a few,widespread response,highly distributed
short,moderate,overwhelming,a few,broad response,centralized
short,moderate,overwhelming,a few,broad response,moderately distributed
short,moderate,overwhelming,a few,broad response,highly distributed
short,moderate,overwhelming,a few,complete response,centralized
short,moderate,overwhelming,a few,complete response,moderately distributed
short,moderate,overwhelming,a few,complete response,highly distributed
short,moderate,overwhelming,several,no response,centralized
short,moderate,overwhelming,several,no response,moderately distributed
short,moderate,overwhelming,several,no response,highly distributed
short,moderate,overwhelming,several,minimal response,centralized
short,moderate,overwhelming,several,minimal response,moderately distributed
short,moderate,overwhelming,several,minimal response,highly distributed
short,moderate,overwhelming,several,partial response,centralized
short,moderate,overwhelming,several,partial response,moderately distributed
short,moderate,overwhelming,several,partial response,highly distributed
short,moderate,overwhelming,several,widespread response,centralized
short,moderate,overwhelming,several,widespread response,moderately distributed
short,moderate,overwhelming,several,widespread response,highly distributed
short,moderate,overwhelming,several,broad response,centralized
short,moderate,overwhelming,several,broad response,moderately distributed
short,moderate,overwhelming,several,broad response,highly distributed
short,moderate,overwhelming,several,complete response,centralized
short,moderate,overwhelming,several,complete response,moderately distributed
short,moderate,overwhelming,several,complete response,highly distributed
short,moderate,overwhelming,many,no response,centralized
short,moderate,overwhelming,many,no response,moderately distributed
short,moderate,overwhelming,many,no response,highly distributed
short,moderate,overwhelming,many,minimal response,centralized
short,moderate,overwhelming,many,minimal response,moderately distributed
short,moderate,overwhelming,many,minimal response,highly distributed
short,moderate,overwhelming,many,partial response,centralized
short,moderate,overwhelming,many,partial response,moderately distributed
short,moderate,overwhelming,many,partial response,highly distributed
short,moderate,overwhelming,many,widespread response,centralized
short,moderate,overwhelming,many,widespread response,moderately distributed
short,moderate,overwhelming,many,widespread response,highly distributed
short,moderate,overwhelming,many,broad response,centralized
short,moderate,overwhelming,many,broad response,moderately distributed
short,moderate,overwhelming,many,broad response,highly distributed
short,moderate,overwhelming,many,complete response,centralized
short,moderate,overwhelming,many,complete response,moderately distributed
short,moderate,overwhelming,many,complete response,highly distributed
short,moderate,overwhelming,broad sweep,no response,centralized
short,moderate,overwhelming,broad sweep,no response,moderately distributed
short,moderate,overwhelming,broad sweep,no response,highly distributed
short,moderate,overwhelming,broad sweep,minimal response,centralized
short,moderate,overwhelming,broad sweep,minimal response,moderately distributed
short,moderate,overwhelming,broad sweep,minimal response,highly distributed
short,moderate,overwhelming,broad sweep,partial response,centralized
short,moderate,overwhelming,broad sweep,partial response,moderately distributed
short,moderate,overwhelming,broad sweep,partial response,highly distributed
short,moderate,overwhelming,broad sweep,widespread response,centralized
short,moderate,overwhelming,broad sweep,widespread response,moderately distributed
short,moderate,overwhelming,broad sweep,widespread response,highly distributed
short,moderate,overwhelming,broad sweep,broad response,centralized
short,moderate,overwhelming,broad sweep,broad response,moderately distributed
short,moderate,overwhelming,broad sweep,broad response,highly distributed
short,moderate,overwhelming,broad sweep,complete response,centralized
short,moderate,overwhelming,broad sweep,complete response,moderately distributed
short,moderate,overwhelming,broad sweep,complete response,highly distributed
short,high,minimal,a few,no response,centralized
short,high,minimal,a few,no response,moderately distributed
short,high,minimal,a few,no response,highly distributed
short,high,minimal,a few,minimal response,centralized
short,high,minimal,a few,minimal response,moderately distributed
short,high,minimal,a few,minimal response,highly distributed
short,high,minimal,a few,partial response,centralized
short,high,minimal,a few,partial response,moderately distributed
short,high,minimal,a few,partial response,highly distributed
short,high,minimal,a few,widespread response,centralized
short,high,minimal,a few,widespread response,moderately distributed
short,high,minimal,a few,widespread response,highly distributed
short,high,minimal,a few,broad response,centralized
short,high,minimal,a few,broad response,moderately distributed
short,high,minimal,a few,broad response,highly distributed
short,high,minimal,a few,complete response,centralized
short,high,minimal,a few,complete response,moderately distributed
short,high,minimal,a few,complete response,highly distributed
short,high,minimal,several,no response,centralized
short,high,minimal,several,no response,moderately distributed
short,high,minimal,several,no response,highly distributed
short,high,minimal,several,minimal response,centralized
short,high,minimal,several,minimal response,moderately distributed
short,high,minimal,several,minimal response,highly distributed
short,high,minimal,several,partial response,centralized
short,high,minimal,several,partial response,moderately distributed
short,high,minimal,several,partial response,highly distributed
short,high,minimal,several,widespread response,centralized
short,high,minimal,several,widespread response,moderately distributed
short,high,minimal,several,widespread response,highly distributed
short,high,minimal,several,broad response,centralized
short,high,minimal,several,broad response,moderately distributed
short,high,minimal,several,broad response,highly distributed
short,high,minimal,several,complete response,centralized
short,high,minimal,several,complete response,moderately distributed
short,high,minimal,several,complete response,highly distributed
short,high,minimal,many,no response,centralized
short,high,minimal,many,no response,moderately distributed
short,high,minimal,many,no response,highly distributed
short,high,minimal,many,minimal response,centralized
short,high,minimal,many,minimal response,moderately distributed
short,high,minimal,many,minimal response,highly distributed
short,high,minimal,many,partial response,centralized
short,high,minimal,many,partial response,moderately distributed
short,high,minimal,many,partial response,highly distributed
short,high,minimal,many,widespread response,centralized
short,high,minimal,many,widespread response,moderately distributed
short,high,minimal,many,widespread response,highly distributed
short,high,minimal,many,broad response,centralized
short,high,minimal,many,broad response,moderately distributed
short,high,minimal,many,broad response,highly distributed
short,high,minimal,many,complete response,centralized
short,high,minimal,many,complete response,moderately distributed
short,high,minimal,many,complete response,highly distributed
short,high,minimal,broad sweep,no response,centralized
short,high,minimal,broad sweep,no response,moderately distributed
short,high,minimal,broad sweep,no response,highly distributed
short,high,minimal,broad sweep,minimal response,centralized
short,high,minimal,broad sweep,minimal response,moderately distributed
short,high,minimal,broad sweep,minimal response,highly distributed
short,high,minimal,broad sweep,partial response,centralized
short,high,minimal,broad sweep,partial response,moderately distributed
short,high,minimal,broad sweep,partial response,highly distributed
short,high,minimal,broad sweep,widespread response,centralized
short,high,minimal,broad sweep,widespread response,moderately distributed
short,high,minimal,broad sweep,widespread response,highly distributed
short,high,minimal,broad sweep,broad response,centralized
short,high,minimal,broad sweep,broad response,moderately distributed
short,high,minimal,broad sweep,broad response,highly distributed
short,high,minimal,broad sweep,complete response,centralized
short,high,minimal,broad sweep,complete response,moderately distributed
short,high,minimal,broad sweep,complete response,highly distributed
short,high,low,a few,no response,centralized
short,high,low,a few,no response,moderately distributed
short,high,low,a few,no response,highly distributed
short,high,low,a few,minimal response,centralized
short,high,low,a few,minimal response,moderately distributed
short,high,low,a few,minimal response,highly distributed
short,high,low,a few,partial response,centralized
short,high,low,a few,partial response,moderately distributed
short,high,low,a few,partial response,highly distributed
short,high,low,a few,widespread response,centralized
short,high,low,a few,widespread response,moderately distributed
short,high,low,a few,widespread response,highly distributed
short,high,low,a few,broad response,centralized
short,high,low,a few,broad response,moderately distributed
short,high,low,a few,broad response,highly distributed
short,high,low,a few,complete response,centralized
short,high,low,a few,complete response,moderately distributed
short,high,low,a few,complete response,highly distributed
short,high,low,several,no response,centralized
short,high,low,several,no response,moderately distributed
short,high,low,several,no response,highly distributed
short,high,low,several,minimal response,centralized
short,high,low,several,minimal response,moderately distributed
short,high,low,several,minimal response,highly distributed
short,high,low,several,partial response,centralized
short,high,low,several,partial response,moderately distributed
short,high,low,several,partial response,highly distributed
short,high,low,several,widespread response,centralized
short,high,low,several,widespread response,moderately distributed
short,high,low,several,widespread response,highly distributed
short,high,low,several,broad response,centralized
short,high,low,several,broad response,moderately distributed
short,high,low,several,broad response,highly distributed
short,high,low,several,complete response,centralized
short,high,low,several,complete response,moderately distributed
short,high,low,several,complete response,highly distributed
short,high,low,many,no response,centralized
short,high,low,many,no response,moderately distributed
short,high,low,many,no response,highly distributed
short,high,low,many,minimal response,centralized
short,high,low,many,minimal response,moderately distributed
short,high,low,many,minimal response,highly distributed
short,high,low,many,partial response,centralized
short,high,low,many,partial response,moderately distributed
short,high,low,many,partial response,highly distributed
short,high,low,many,widespread response,centralized
short,high,low,many,widespread response,moderately distributed
short,high,low,many,widespread response,highly distributed
short,high,low,many,broad response,centralized
short,high,low,many,broad response,moderately distributed
short,high,low,many,broad response,highly distributed
short,high,low,many,complete response,centralized
short,high,low,many,complete response,moderately distributed
short,high,low,many,complete response,highly distributed
short,high,low,broad sweep,no response,centralized
short,high,low,broad sweep,no response,moderately distributed
short,high,low,broad sweep,no response,highly distributed
short,high,low,broad sweep,minimal response,centralized
short,high,low,broad sweep,minimal response,moderately distributed
short,high,low,broad sweep,minimal response,highly distributed
short,high,low,broad sweep,partial response,centralized
short,high,low,broad sweep,partial response,moderately distributed
short,high,low,broad sweep,partial response,highly distributed
short,high,low,broad sweep,widespread response,centralized
short,high,low,broad sweep,widespread response,moderately distributed
short,high,low,broad sweep,widespread response,highly distributed
short,high,low,broad sweep,broad response,centralized
short,high,low,broad sweep,broad response,moderately distributed
short,high,low,broad sweep,broad response,highly distributed
short,high,low,broad sweep,complete response,centralized
short,high,low,broad sweep,complete response,moderately distributed
short,high,low,broad sweep,complete response,highly distributed
short,high,moderate,a few,no response,centralized
short,high,moderate,a few,no response,moderately distributed
short,high,moderate,a few,no response,highly distributed
short,high,moderate,a few,minimal response,centralized
short,high,moderate,a few,minimal response,moderately distributed
short,high,moderate,a few,minimal response,highly distributed
short,high,moderate,a few,partial response,centralized
short,high,moderate,a few,partial response,moderately distributed
short,high,moderate,a few,partial response,highly distributed
short,high,moderate,a few,widespread response,centralized
short,high,moderate,a few,widespread response,moderately distributed
short,high,moderate,a few,widespread response,highly distributed
short,high,moderate,a few,broad response,centralized
short,high,moderate,a few,broad response,moderately distributed
short,high,moderate,a few,broad response,highly distributed
short,high,moderate,a few,complete response,centralized
short,high,moderate,a few,complete response,moderately distributed
short,high,moderate,a few,complete response,highly distributed
short,high,moderate,several,no response,centralized
short,high,moderate,several,no response,moderately distributed
short,high,moderate,several,no response,highly distributed
short,high,moderate,several,minimal response,centralized
short,high,moderate,several,minimal response,moderately distributed
short,high,moderate,several,minimal response,highly distributed
short,high,moderate,several,partial response,centralized
short,high,moderate,several,partial response,moderately distributed
short,high,moderate,several,partial response,highly distributed
short,high,moderate,several,widespread response,centralized
short,high,moderate,several,widespread response,moderately distributed
short,high,moderate,several,widespread response,highly distributed
short,high,moderate,several,broad response,centralized
short,high,moderate,several,broad response,moderately distributed
short,high,moderate,several,broad response,highly distributed
short,high,moderate,several,complete response,centralized
short,high,moderate,several,complete response,moderately distributed
short,high,moderate,several,complete response,highly distributed
short,high,moderate,many,no response,centralized
short,high,moderate,many,no response,moderately distributed
short,high,moderate,many,no response,highly distributed
short,high,moderate,many,minimal response,centralized
short,high,moderate,many,minimal response,moderately distributed
short,high,moderate,many,minimal response,highly distributed
short,high,moderate,many,partial response,centralized
short,high,moderate,many,partial response,moderately distributed
short,high,moderate,many,partial response,highly distributed
short,high,moderate,many,widespread response,centralized
short,high,moderate,many,widespread response,moderately distributed
short,high,moderate,many,widespread response,highly distributed
short,high,moderate,many,broad response,centralized
short,high,moderate,many,broad response,moderately distributed
short,high,moderate,many,broad response,highly distributed
short,high,moderate,many,complete response,centralized
short,high,moderate,many,complete response,moderately distributed
short,high,moderate,many,complete response,highly distributed
short,high,moderate,broad sweep,no response,centralized
short,high,moderate,broad sweep,no response,moderately distributed
short,high,moderate,broad sweep,no response,highly distributed
short,high,moderate,broad sweep,minimal response,centralized
short,high,moderate,broad sweep,minimal response,moderately distributed
short,high,moderate,broad sweep,minimal response,highly distributed
short,high,moderate,broad sweep,partial response,centralized
short,high,moderate,broad sweep,partial response,moderately distributed
short,high,moderate,broad sweep,partial response,highly distributed
short,high,moderate,broad sweep,widespread response,centralized
short,high,moderate,broad sweep,widespread response,moderately distributed
short,high,moderate,broad sweep,widespread response,highly distributed
short,high,moderate,broad sweep,broad response,centralized
short,high,moderate,broad sweep,broad response,moderately distributed
short,high,moderate,broad sweep,broad response,highly distributed
short,high,moderate,broad sweep,complete response,centralized
short,high,moderate,broad sweep,complete response,moderately distributed
short,high,moderate,broad sweep,complete response,highly distributed
short,high,dominant,a few,no response,centralized
short,high,dominant,a few,no response,moderately distributed
short,high,dominant,a few,no response,highly distributed
short,high,dominant,a few,minimal response,centralized
short,high,dominant,a few,minimal response,moderately distributed
short,high,dominant,a few,minimal response,highly distributed
short,high,dominant,a few,partial response,centralized
short,high,dominant,a few,partial response,moderately distributed
short,high,dominant,a few,partial response,highly distributed
short,high,dominant,a few,widespread response,centralized
short,high,dominant,a few,widespread response,moderately distributed
short,high,dominant,a few,widespread response,highly distributed
short,high,dominant,a few,broad response,centralized
short,high,dominant,a few,broad response,moderately distributed
short,high,dominant,a few,broad response,highly distributed
short,high,dominant,a few,complete response,centralized
short,high,dominant,a few,complete response,moderately distributed
short,high,dominant,a few,complete response,highly distributed
short,high,dominant,several,no response,centralized
short,high,dominant,several,no response,moderately distributed
short,high,dominant,several,no response,highly distributed
short,high,dominant,several,minimal response,centralized
short,high,dominant,several,minimal response,moderately distributed
short,high,dominant,several,minimal response,highly distributed
short,high,dominant,several,partial response,centralized
short,high,dominant,several,partial response,moderately distributed
short,high,dominant,several,partial response,highly distributed
short,high,dominant,several,widespread response,centralized
short,high,dominant,several,widespread response,moderately distributed
short,high,dominant,several,widespread response,highly distributed
short,high,dominant,several,broad response,centralized
short,high,dominant,several,broad response,moderately distributed
short,high,dominant,several,broad response,highly distributed
short,high,dominant,several,complete response,centralized
short,high,dominant,several,complete response,moderately distributed
short,high,dominant,several,complete response,highly distributed
short,high,dominant,many,no response,centralized
short,high,dominant,many,no response,moderately distributed
short,high,dominant,many,no response,highly distributed
short,high,dominant,many,minimal response,centralized
short,high,dominant,many,minimal response,moderately distributed
short,high,dominant,many,minimal response,highly distributed
short,high,dominant,many,partial response,centralized
short,high,dominant,many,partial response,moderately distributed
short,high,dominant,many,partial response,highly distributed
short,high,dominant,many,widespread response,centralized
short,high,dominant,many,widespread response,moderately distributed
short,high,dominant,many,widespread response,highly distributed
short,high,dominant,many,broad response,centralized
short,high,dominant,many,broad response,moderately distributed
short,high,dominant,many,broad response,highly distributed
short,high,dominant,many,complete response,centralized
short,high,dominant,many,complete response,moderately distributed
short,high,dominant,many,complete response,highly distributed
short,high,dominant,broad sweep,no response,centralized
short,high,dominant,broad sweep,no response,moderately distributed
short,high,dominant,broad sweep,no response,highly distributed
short,high,dominant,broad sweep,minimal response,centralized
short,high,dominant,broad sweep,minimal response,moderately distributed
short,high,dominant,broad sweep,minimal response,highly distributed
short,high,dominant,broad sweep,partial response,centralized
short,high,dominant,broad sweep,partial response,moderately distributed
short,high,dominant,broad sweep,partial response,highly distributed
short,high,dominant,broad sweep,widespread response,centralized
short,high,dominant,broad sweep,widespread response,moderately distributed
short,high,dominant,broad sweep,widespread response,highly distributed
short,high,dominant,broad sweep,broad response,centralized
short,high,dominant,broad sweep,broad response,moderately distributed
short,high,dominant,broad sweep,broad response,highly distributed
short,high,dominant,broad sweep,complete response,centralized
short,high,dominant,broad sweep,complete response,moderately distributed
short,high,dominant,broad sweep,complete response,highly distributed
short,high,overwhelming,a few,no response,centralized
short,high,overwhelming,a few,no response,moderately distributed
short,high,overwhelming,a few,no response,highly distributed
short,high,overwhelming,a few,minimal response,centralized
short,high,overwhelming,a few,minimal response,moderately distributed
short,high,overwhelming,a few,minimal response,highly distributed
short,high,overwhelming,a few,partial response,centralized
short,high,overwhelming,a few,partial response,moderately distributed
short,high,overwhelming,a few,partial response,highly distributed
short,high,overwhelming,a few,widespread response,centralized
short,high,overwhelming,a few,widespread response,moderately distributed
short,high,overwhelming,a few,widespread response,highly distributed
short,high,overwhelming,a few,broad response,centralized
short,high,overwhelming,a few,broad response,moderately distributed
short,high,overwhelming,a few,broad response,highly distributed
short,high,overwhelming,a few,complete response,centralized
short,high,overwhelming,a few,complete response,moderately distributed
short,high,overwhelming,a few,complete response,highly distributed
short,high,overwhelming,several,no response,centralized
short,high,overwhelming,several,no response,moderately distributed
short,high,overwhelming,several,no response,highly distributed
short,high,overwhelming,several,minimal response,centralized
short,high,overwhelming,several,minimal response,moderately distributed
short,high,overwhelming,several,minimal response,highly distributed
short,high,overwhelming,several,partial response,centralized
short,high,overwhelming,several,partial response,moderately distributed
short,high,overwhelming,several,partial response,highly distributed
short,high,overwhelming,several,widespread response,centralized
short,high,overwhelming,several,widespread response,moderately distributed
short,high,overwhelming,several,widespread response,highly distributed
short,high,overwhelming,several,broad response,centralized
short,high,overwhelming,several,broad response,moderately distributed
short,high,overwhelming,several,broad response,highly distributed
short,high,overwhelming,several,complete response,centralized
short,high,overwhelming,several,complete response,moderately distributed
short,high,overwhelming,several,complete response,highly distributed
short,high,overwhelming,many,no response,centralized
short,high,overwhelming,many,no response,moderately distributed
short,high,overwhelming,many,no response,highly distributed
short,high,overwhelming,many,minimal response,centralized
short,high,overwhelming,many,minimal response,moderately distributed
short,high,overwhelming,many,minimal response,highly distributed
short,high,overwhelming,many,partial response,centralized
short,high,overwhelming,many,partial response,moderately distributed
short,high,overwhelming,many,partial response,highly distributed
short,high,overwhelming,many,widespread response,centralized
short,high,overwhelming,many,widespread response,moderately distributed
short,high,overwhelming,many,widespread response,highly distributed
short,high,overwhelming,many,broad response,centralized
short,high,overwhelming,many,broad response,moderately distributed
short,high,overwhelming,many,broad response,highly distributed
short,high,overwhelming,many,complete response,centralized
short,high,overwhelming,many,complete response,moderately distributed
short,high,overwhelming,many,complete response,highly distributed
short,high,overwhelming,broad sweep,no response,centralized
short,high,overwhelming,broad sweep,no response,moderately distributed
short,high,overwhelming,broad sweep,no response,highly distributed
short,high,overwhelming,broad sweep,minimal response,centralized
short,high,overwhelming,broad sweep,minimal response,moderately distributed
short,high,overwhelming,broad sweep,minimal response,highly distributed
short,high,overwhelming,broad sweep,partial response,centralized
short,high,overwhelming,broad sweep,partial response,moderately distributed
short,high,overwhelming,broad sweep,partial response,highly distributed
short,high,overwhelming,broad sweep,widespread response,centralized
short,high,overwhelming,broad sweep,widespread response,moderately distributed
short,high,overwhelming,broad sweep,widespread response,highly distributed
short,high,overwhelming,broad sweep,broad response,centralized
short,high,overwhelming,broad sweep,broad response,moderately distributed
short,high,overwhelming,broad sweep,broad response,highly distributed
short,high,overwhelming,broad sweep,complete response,centralized
short,high,overwhelming,broad sweep,complete response,moderately distributed
short,high,overwhelming,broad sweep,complete response,highly distributed
short,very high,minimal,a few,no response,centralized
short,very high,minimal,a few,no response,moderately distributed
short,very high,minimal,a few,no response,highly distributed
short,very high,minimal,a few,minimal response,centralized
short,very high,minimal,a few,minimal response,moderately distributed
short,very high,minimal,a few,minimal response,highly distributed
short,very high,minimal,a few,partial response,centralized
short,very high,minimal,a few,partial response,moderately distributed
short,very high,minimal,a few,partial response,highly distributed
short,very high,minimal,a few,widespread response,centralized
short,very high,minimal,a few,widespread response,moderately distributed
short,very high,minimal,a few,widespread response,highly distributed
short,very high,minimal,a few,broad response,centralized
short,very high,minimal,a few,broad response,moderately distributed
short,very high,minimal,a few,broad response,highly distributed
short,very high,minimal,a few,complete response,centralized
short,very high,minimal,a few,complete response,moderately distributed
short,very high,minimal,a few,complete response,highly distributed
short,very high,minimal,several,no response,centralized
short,very high,minimal,several,no response,moderately distributed
short,very high,minimal,several,no response,highly distributed
short,very high,minimal,several,minimal response,centralized
short,very high,minimal,several,minimal response,moderately distributed
short,very high,minimal,several,minimal response,highly distributed
short,very high,minimal,several,partial response,centralized
short,very high,minimal,several,partial response,moderately distributed
short,very high,minimal,several,partial response,highly distributed
short,very high,minimal,several,widespread response,centralized
short,very high,minimal,several,widespread response,moderately distributed
short,very high,minimal,several,widespread response,highly distributed
short,very high,minimal,several,broad response,centralized
short,very high,minimal,several,broad response,moderately distributed
short,very high,minimal,several,broad response,highly distributed
short,very high,minimal,several,complete response,centralized
short,very high,minimal,several,complete response,moderately distributed
short,very high,minimal,several,complete response,highly distributed
short,very high,minimal,many,no response,centralized
short,very high,minimal,many,no response,moderately distributed
short,very high,minimal,many,no response,highly distributed
short,very high,minimal,many,minimal response,centralized
short,very high,minimal,many,minimal response,moderately distributed
short,very high,minimal,many,minimal response,highly distributed
short,very high,minimal,many,partial response,centralized
short,very high,minimal,many,partial response,moderately distributed
short,very high,minimal,many,partial response,highly distributed
short,very high,minimal,many,widespread response,centralized
short,very high,minimal,many,widespread response,moderately distributed
short,very high,minimal,many,widespread response,highly distributed
short,very high,minimal,many,broad response,centralized
short,very high,minimal,many,broad response,moderately distributed
short,very high,minimal,many,broad response,highly distributed
short,very high,minimal,many,complete response,centralized
short,very high,minimal,many,complete response,moderately distributed
short,very high,minimal,many,complete response,highly distributed
short,very high,minimal,broad sweep,no response,centralized
short,very high,minimal,broad sweep,no response,moderately distributed
short,very high,minimal,broad sweep,no response,highly distributed
short,very high,minimal,broad sweep,minimal response,centralized
short,very high,minimal,broad sweep,minimal response,moderately distributed
short,very high,minimal,broad sweep,minimal response,highly distributed
short,very high,minimal,broad sweep,partial response,centralized
short,very high,minimal,broad sweep,partial response,moderately distributed
short,very high,minimal,broad sweep,partial response,highly distributed
short,very high,minimal,broad sweep,widespread response,centralized
short,very high,minimal,broad sweep,widespread response,moderately distributed
short,very high,minimal,broad sweep,widespread response,highly distributed
short,very high,minimal,broad sweep,broad response,centralized
short,very high,minimal,broad sweep,broad response,moderately distributed
short,very high,minimal,broad sweep,broad response,highly distributed
short,very high,minimal,broad sweep,complete response,centralized
short,very high,minimal,broad sweep,complete response,moderately distributed
short,very high,minimal,broad sweep,complete response,highly distributed
short,very high,low,a few,no response,centralized
short,very high,low,a few,no response,moderately distributed
short,very high,low,a few,no response,highly distributed
short,very high,low,a few,minimal response,centralized
short,very high,low,a few,minimal response,moderately distributed
short,very high,low,a few,minimal response,highly distributed
short,very high,low,a few,partial response,centralized
short,very high,low,a few,partial response,moderately distributed
short,very high,low,a few,partial response,highly distributed
short,very high,low,a few,widespread response,centralized
short,very high,low,a few,widespread response,moderately distributed
short,very high,low,a few,widespread response,highly distributed
short,very high,low,a few,broad response,centralized
short,very high,low,a few,broad response,moderately distributed
short,very high,low,a few,broad response,highly distributed
short,very high,low,a few,complete response,centralized
short,very high,low,a few,complete response,moderately distributed
short,very high,low,a few,complete response,highly distributed
short,very high,low,several,no response,centralized
short,very high,low,several,no response,moderately distributed
short,very high,low,several,no response,highly distributed
short,very high,low,several,minimal response,centralized
short,very high,low,several,minimal response,moderately distributed
short,very high,low,several,minimal response,highly distributed
short,very high,low,several,partial response,centralized
short,very high,low,several,partial response,moderately distributed
short,very high,low,several,partial response,highly distributed
short,very high,low,several,widespread response,centralized
short,very high,low,several,widespread response,moderately distributed
short,very high,low,several,widespread response,highly distributed
short,very high,low,several,broad response,centralized
short,very high,low,several,broad response,moderately distributed
short,very high,low,several,broad response,highly distributed
short,very high,low,several,complete response,centralized
short,very high,low,several,complete response,moderately distributed
short,very high,low,several,complete response,highly distributed
short,very high,low,many,no response,centralized
short,very high,low,many,no response,moderately distributed
short,very high,low,many,no response,highly distributed
short,very high,low,many,minimal response,centralized
short,very high,low,many,minimal response,moderately distributed
short,very high,low,many,minimal response,highly distributed
short,very high,low,many,partial response,centralized
short,very high,low,many,partial response,moderately distributed
short,very high,low,many,partial response,highly distributed
short,very high,low,many,widespread response,centralized
short,very high,low,many,widespread response,moderately distributed
short,very high,low,many,widespread response,highly distributed
short,very high,low,many,broad response,centralized
short,very high,low,many,broad response,moderately distributed
short,very high,low,many,broad response,highly distributed
short,very high,low,many,complete response,centralized
short,very high,low,many,complete response,moderately distributed
short,very high,low,many,complete response,highly distributed
short,very high,low,broad sweep,no response,centralized
short,very high,low,broad sweep,no response,moderately distributed
short,very high,low,broad sweep,no response,highly distributed
short,very high,low,broad sweep,minimal response,centralized
short,very high,low,broad sweep,minimal response,moderately distributed
short,very high,low,broad sweep,minimal response,highly distributed
short,very high,low,broad sweep,partial response,centralized
short,very high,low,broad sweep,partial response,moderately distributed
short,very high,low,broad sweep,partial response,highly distributed
short,very high,low,broad sweep,widespread response,centralized
short,very high,low,broad sweep,widespread response,moderately distributed
short,very high,low,broad sweep,widespread response,highly distributed
short,very high,low,broad sweep,broad response,centralized
short,very high,low,broad sweep,broad response,moderately distributed
short,very high,low,broad sweep,broad response,highly distributed
short,very high,low,broad sweep,complete response,centralized
short,very high,low,broad sweep,complete response,moderately distributed
short,very high,low,broad sweep,complete response,highly distributed
short,very high,moderate,a few,no response,centralized
short,very high,moderate,a few,no response,moderately distributed
short,very high,moderate,a few,no response,highly distributed
short,very high,moderate,a few,minimal response,centralized
short,very high,moderate,a few,minimal response,moderately distributed
short,very high,moderate,a few,minimal response,highly distributed
short,very high,moderate,a few,partial response,centralized
short,very high,moderate,a few,partial response,moderately distributed
short,very high,moderate,a few,partial response,highly distributed
short,very high,moderate,a few,widespread response,centralized
short,very high,moderate,a few,widespread response,moderately distributed
short,very high,moderate,a few,widespread response,highly distributed
short,very high,moderate,a few,broad response,centralized
short,very high,moderate,a few,broad response,moderately distributed
short,very high,moderate,a few,broad response,highly distributed
short,very high,moderate,a few,complete response,centralized
short,very high,moderate,a few,complete response,moderately distributed
short,very high,moderate,a few,complete response,highly distributed
short,very high,moderate,several,no response,centralized
short,very high,moderate,several,no response,moderately distributed
short,very high,moderate,several,no response,highly distributed
short,very high,moderate,several,minimal response,centralized
short,very high,moderate,several,minimal response,moderately distributed
short,very high,moderate,several,minimal response,highly distributed
short,very high,moderate,several,partial response,centralized
short,very high,moderate,several,partial response,moderately distributed
short,very high,moderate,several,partial response,highly distributed
short,very high,moderate,several,widespread response,centralized
short,very high,moderate,several,widespread response,moderately distributed
short,very high,moderate,several,widespread response,highly distributed
short,very high,moderate,several,broad response,centralized
short,very high,moderate,several,broad response,moderately distributed
short,very high,moderate,several,broad response,highly distributed
short,very high,moderate,several,complete response,centralized
short,very high,moderate,several,complete response,moderately distributed
short,very high,moderate,several,complete response,highly distributed
short,very high,moderate,many,no response,centralized
short,very high,moderate,many,no response,moderately distributed
short,very high,moderate,many,no response,highly distributed
short,very high,moderate,many,minimal response,centralized
short,very high,moderate,many,minimal response,moderately distributed
short,very high,moderate,many,minimal response,highly distributed
short,very high,moderate,many,partial response,centralized
short,very high,moderate,many,partial response,moderately distributed
short,very high,moderate,many,partial response,highly distributed
short,very high,moderate,many,widespread response,centralized
short,very high,moderate,many,widespread response,moderately distributed
short,very high,moderate,many,widespread response,highly distributed
short,very high,moderate,many,broad response,centralized
short,very high,moderate,many,broad response,moderately distributed
short,very high,moderate,many,broad response,highly distributed
short,very high,moderate,many,complete response,centralized
short,very high,moderate,many,complete response,moderately distributed
short,very high,moderate,many,complete response,highly distributed
short,very high,moderate,broad sweep,no response,centralized
short,very high,moderate,broad sweep,no response,moderately distributed
short,very high,moderate,broad sweep,no response,highly distributed
short,very high,moderate,broad sweep,minimal response,centralized
short,very high,moderate,broad sweep,minimal response,moderately distributed
short,very high,moderate,broad sweep,minimal response,highly distributed
short,very high,moderate,broad sweep,partial response,centralized
short,very high,moderate,broad sweep,partial response,moderately distributed
short,very high,moderate,broad sweep,partial response,highly distributed
short,very high,moderate,broad sweep,widespread response,centralized
short,very high,moderate,broad sweep,widespread response,moderately distributed
short,very high,moderate,broad sweep,widespread response,highly distributed
short,very high,moderate,broad sweep,broad response,centralized
short,very high,moderate,broad sweep,broad response,moderately distributed
short,very high,moderate,broad sweep,broad response,highly distributed
short,very high,moderate,broad sweep,complete response,centralized
short,very high,moderate,broad sweep,complete response,moderately distributed
short,very high,moderate,broad sweep,complete response,highly distributed
short,very high,dominant,a few,no response,centralized
short,very high,dominant,a few,no response,moderately distributed
short,very high,dominant,a few,no response,highly distributed
short,very high,dominant,a few,minimal response,centralized
short,very high,dominant,a few,minimal response,moderately distributed
short,very high,dominant,a few,minimal response,highly distributed
short,very high,dominant,a few,partial response,centralized
short,very high,dominant,a few,partial response,moderately distributed
short,very high,dominant,a few,partial response,highly distributed
short,very high,dominant,a few,widespread response,centralized
short,very high,dominant,a few,widespread response,moderately distributed
short,very high,dominant,a few,widespread response,highly distributed
short,very high,dominant,a few,broad response,centralized
short,very high,dominant,a few,broad response,moderately distributed
short,very high,dominant,a few,broad response,highly distributed
short,very high,dominant,a few,complete response,centralized
short,very high,dominant,a few,complete response,moderately distributed
short,very high,dominant,a few,complete response,highly distributed
short,very high,dominant,several,no response,centralized
short,very high,dominant,several,no response,moderately distributed
short,very high,dominant,several,no response,highly distributed
short,very high,dominant,several,minimal response,centralized
short,very high,dominant,several,minimal response,moderately distributed
short,very high,dominant,several,minimal response,highly distributed
short,very high,dominant,several,partial response,centralized
short,very high,dominant,several,partial response,moderately distributed
short,very high,dominant,several,partial response,highly distributed
short,very high,dominant,several,widespread response,centralized
short,very high,dominant,several,widespread response,moderately distributed
short,very high,dominant,several,widespread response,highly distributed
short,very high,dominant,several,broad response,centralized
short,very high,dominant,several,broad response,moderately distributed
short,very high,dominant,several,broad response,highly distributed
short,very high,dominant,several,complete response,centralized
short,very high,dominant,several,complete response,moderately distributed
short,very high,dominant,several,complete response,highly distributed
short,very high,dominant,many,no response,centralized
short,very high,dominant,many,no response,moderately distributed
short,very high,dominant,many,no response,highly distributed
short,very high,dominant,many,minimal response,centralized
short,very high,dominant,many,minimal response,moderately distributed
short,very high,dominant,many,minimal response,highly distributed
short,very high,dominant,many,partial response,centralized
short,very high,dominant,many,partial response,moderately distributed
short,very high,dominant,many,partial response,highly distributed
short,very high,dominant,many,widespread response,centralized
short,very high,dominant,many,widespread response,moderately distributed
short,very high,dominant,many,widespread response,highly distributed
short,very high,dominant,many,broad response,centralized
short,very high,dominant,many,broad response,moderately distributed
short,very high,dominant,many,broad response,highly distributed
short,very high,dominant,many,complete response,centralized
short,very high,dominant,many,complete response,moderately distributed
short,very high,dominant,many,complete response,highly distributed
short,very high,dominant,broad sweep,no response,centralized
short,very high,dominant,broad sweep,no response,moderately distributed
short,very high,dominant,broad sweep,no response,highly distributed
short,very high,dominant,broad sweep,minimal response,centralized
short,very high,dominant,broad sweep,minimal response,moderately distributed
short,very high,dominant,broad sweep,minimal response,highly distributed
short,very high,dominant,broad sweep,partial response,centralized
short,very high,dominant,broad sweep,partial response,moderately distributed
short,very high,dominant,broad sweep,partial response,highly distributed
short,very high,dominant,broad sweep,widespread response,centralized
short,very high,dominant,broad sweep,widespread response,moderately distributed
short,very high,dominant,broad sweep,widespread response,highly distributed
short,very high,dominant,broad sweep,broad response,centralized
short,very high,dominant,broad sweep,broad response,moderately distributed
short,very high,dominant,broad sweep,broad response,highly distributed
short,very high,dominant,broad sweep,complete response,centralized
short,very high,dominant,broad sweep,complete response,moderately distributed
short,very high,dominant,broad sweep,complete response,highly distributed
short,very high,overwhelming,a few,no response,centralized
short,very high,overwhelming,a few,no response,moderately distributed
short,very high,overwhelming,a few,no response,highly distributed
short,very high,overwhelming,a few,minimal response,centralized
short,very high,overwhelming,a few,minimal response,moderately distributed
short,very high,overwhelming,a few,minimal response,highly distributed
short,very high,overwhelming,a few,partial response,centralized
short,very high,overwhelming,a few,partial response,moderately distributed
short,very high,overwhelming,a few,partial response,highly distributed
short,very high,overwhelming,a few,widespread response,centralized
short,very high,overwhelming,a few,widespread response,moderately distributed
short,very high,overwhelming,a few,widespread response,highly distributed
short,very high,overwhelming,a few,broad response,centralized
short,very high,overwhelming,a few,broad response,moderately distributed
short,very high,overwhelming,a few,broad response,highly distributed
short,very high,overwhelming,a few,complete response,centralized
short,very high,overwhelming,a few,complete response,moderately distributed
short,very high,overwhelming,a few,complete response,highly distributed
short,very high,overwhelming,several,no response,centralized
short,very high,overwhelming,several,no response,moderately distributed
short,very high,overwhelming,several,no response,highly distributed
short,very high,overwhelming,several,minimal response,centralized
short,very high,overwhelming,several,minimal response,moderately distributed
short,very high,overwhelming,several,minimal response,highly distributed
short,very high,overwhelming,several,partial response,centralized
short,very high,overwhelming,several,partial response,moderately distributed
short,very high,overwhelming,several,partial response,highly distributed
short,very high,overwhelming,several,widespread response,centralized
short,very high,overwhelming,several,widespread response,moderately distributed
short,very high,overwhelming,several,widespread response,highly distributed
short,very high,overwhelming,several,broad response,centralized
short,very high,overwhelming,several,broad response,moderately distributed
short,very high,overwhelming,several,broad response,highly distributed
short,very high,overwhelming,several,complete response,centralized
short,very high,overwhelming,several,complete response,moderately distributed
short,very high,overwhelming,several,complete response,highly distributed
short,very high,overwhelming,many,no response,centralized
short,very high,overwhelming,many,no response,moderately distributed
short,very high,overwhelming,many,no response,highly distributed
short,very high,overwhelming,many,minimal response,centralized
short,very high,overwhelming,many,minimal response,moderately distributed
short,very high,overwhelming,many,minimal response,highly distributed
short,very high,overwhelming,many,partial response,centralized
short,very high,overwhelming,many,partial response,moderately distributed
short,very high,overwhelming,many,partial response,highly distributed
short,very high,overwhelming,many,widespread response,centralized
short,very high,overwhelming,many,widespread response,moderately distributed
short,very high,overwhelming,many,widespread response,highly distributed
short,very high,overwhelming,many,broad response,centralized
short,very high,overwhelming,many,broad response,moderately distributed
short,very high,overwhelming,many,broad response,highly distributed
short,very high,overwhelming,many,complete response,centralized
short,very high,overwhelming,many,complete response,moderately distributed
short,very high,overwhelming,many,complete response,highly distributed
short,very high,overwhelming,broad sweep,no response,centralized
short,very high,overwhelming,broad sweep,no response,moderately distributed
short,very high,overwhelming,broad sweep,no response,highly distributed
short,very high,overwhelming,broad sweep,minimal response,centralized
short,very high,overwhelming,broad sweep,minimal response,moderately distributed
short,very high,overwhelming,broad sweep,minimal response,highly distributed
short,very high,overwhelming,broad sweep,partial response,centralized
short,very high,overwhelming,broad sweep,partial response,moderately distributed
short,very high,overwhelming,broad sweep,partial response,highly distributed
short,very high,overwhelming,broad sweep,widespread response,centralized
short,very high,overwhelming,broad sweep,widespread response,moderately distributed
short,very high,overwhelming,broad sweep,widespread response,highly distributed
short,very high,overwhelming,broad sweep,broad response,centralized
short,very high,overwhelming,broad sweep,broad response,moderately distributed
short,very high,overwhelming,broad sweep,broad response,highly distributed
short,very high,overwhelming,broad sweep,complete response,centralized
short,very high,overwhelming,broad sweep,complete response,moderately distributed
short,very high,overwhelming,broad sweep,complete response,highly distributed
moderate,very low,minimal,a few,no response,centralized
moderate,very low,minimal,a few,no response,moderately distributed
moderate,very low,minimal,a few,minimal response,centralized
moderate,very low,minimal,a few,minimal response,moderately distributed
moderate,very low,minimal,a few,partial response,centralized
moderate,very low,minimal,a few,partial response,moderately distributed
moderate,very low,minimal,a few,widespread response,centralized
moderate,very low,minimal,a few,widespread response,moderately distributed
moderate,very low,minimal,a few,broad response,centralized
moderate,very low,minimal,a few,broad response,moderately distributed
moderate,very low,minimal,a few,complete response,centralized
moderate,very low,minimal,a few,complete response,moderately distributed
moderate,very low,minimal,several,no response,centralized
moderate,very low,minimal,several,no response,moderately distributed
moderate,very low,minimal,several,minimal response,centralized
moderate,very low,minimal,several,minimal response,moderately distributed
moderate,very low,minimal,several,partial response,centralized
moderate,very low,minimal,several,partial response,moderately distributed
moderate,very low,minimal,several,widespread response,centralized
moderate,very low,minimal,several,widespread response,moderately distributed
moderate,very low,minimal,several,broad response,centralized
moderate,very low,minimal,several,broad response,moderately distributed
moderate,very low,minimal,several,complete response,centralized
moderate,very low,minimal,several,complete response,moderately distributed
moderate,very low,low,a few,no response,centralized
moderate,very low,low,a few,no response,moderately distributed
moderate,very low,low,a few,minimal response,centralized
moderate,very low,low,a few,minimal response,moderately distributed
moderate,very low,low,a few,partial response,centralized
moderate,very low,low,a few,partial response,moderately distributed
moderate,very low,low,a few,widespread response,centralized
moderate,very low,low,a few,widespread response,moderately distributed
moderate,very low,low,a few,broad response,centralized
moderate,very low,low,a few,broad response,moderately distributed
moderate,very low,low,a few,complete response,centralized
moderate,very low,low,a few,complete response,moderately distributed
moderate,very low,low,several,no response,centralized
moderate,very low,low,several,no response,moderately distributed
moderate,very low,low,several,minimal response,centralized
moderate,very low,low,several,minimal response,moderately distributed
moderate,very low,low,several,partial response,centralized
moderate,very low,low,several,partial response,moderately distributed
moderate,very low,low,several,widespread response,centralized
moderate,very low,low,several,widespread response,moderately distributed
moderate,very low,low,several,broad response,centralized
moderate,very low,low,several,broad response,moderately distributed
moderate,very low,low,several,complete response,centralized
moderate,very low,low,several,complete response,moderately distributed
moderate,very low,moderate,a few,no response,centralized
moderate,very low,moderate,a few,no response,moderately distributed
moderate,very low,moderate,a few,minimal response,centralized
moderate,very low,moderate,a few,minimal response,moderately distributed
moderate,very low,moderate,a few,partial response,centralized
moderate,very low,moderate,a few,partial response,moderately distributed
moderate,very low,moderate,a few,widespread response,centralized
moderate,very low,moderate,a few,widespread response,moderately distributed
moderate,very low,moderate,a few,broad response,centralized
moderate,very low,moderate,a few,broad response,moderately distributed
moderate,very low,moderate,a few,complete response,centralized
moderate,very low,moderate,a few,complete response,moderately distributed
moderate,very low,moderate,several,no response,centralized
moderate,very low,moderate,several,no response,moderately distributed
moderate,very low,moderate,several,minimal response,centralized
moderate,very low,moderate,several,minimal response,moderately distributed
moderate,very low,moderate,several,partial response,centralized
moderate,very low,moderate,several,partial response,moderately distributed
moderate,very low,moderate,several,widespread response,centralized
moderate,very low,moderate,several,widespread response,moderately distributed
moderate,very low,moderate,several,broad response,centralized
moderate,very low,moderate,several,broad response,moderately distributed
moderate,very low,moderate,several,complete response,centralized
moderate,very low,moderate,several,complete response,moderately distributed
moderate,low,minimal,a few,no response,centralized
moderate,low,minimal,a few,no response,moderately distributed
moderate,low,minimal,a few,no response,highly distributed
moderate,low,minimal,a few,minimal response,centralized
moderate,low,minimal,a few,minimal response,moderately distributed
moderate,low,minimal,a few,minimal response,highly distributed
moderate,low,minimal,a few,partial response,centralized
moderate,low,minimal,a few,partial response,moderately distributed
moderate,low,minimal,a few,partial response,highly distributed
moderate,low,minimal,a few,widespread response,centralized
moderate,low,minimal,a few,widespread response,moderately distributed
moderate,low,minimal,a few,widespread response,highly distributed
moderate,low,minimal,a few,broad response,centralized
moderate,low,minimal,a few,broad response,moderately distributed
moderate,low,minimal,a few,broad response,highly distributed
moderate,low,minimal,a few,complete response,centralized
moderate,low,minimal,a few,complete response,moderately distributed
moderate,low,minimal,a few,complete response,highly distributed
moderate,low,minimal,several,no response,centralized
moderate,low,minimal,several,no response,moderately distributed
moderate,low,minimal,several,no response,highly distributed
moderate,low,minimal,several,minimal response,centralized
moderate,low,minimal,several,minimal response,moderately distributed
moderate,low,minimal,several,minimal response,highly distributed
moderate,low,minimal,several,partial response,centralized
moderate,low,minimal,several,partial response,moderately distributed
moderate,low,minimal,several,partial response,highly distributed
moderate,low,minimal,several,widespread response,centralized
moderate,low,minimal,several,widespread response,moderately distributed
moderate,low,minimal,several,widespread response,highly distributed
moderate,low,minimal,several,broad response,centralized
moderate,low,minimal,several,broad response,moderately distributed
moderate,low,minimal,several,broad response,highly distributed
moderate,low,minimal,several,complete response,centralized
moderate,low,minimal,several,complete response,moderately distributed
moderate,low,minimal,several,complete response,highly distributed
moderate,low,low,a few,no response,centralized
moderate,low,low,a few,no response,moderately distributed
moderate,low,low,a few,no response,highly distributed
moderate,low,low,a few,minimal response,centralized
moderate,low,low,a few,minimal response,moderately distributed
moderate,low,low,a few,minimal response,highly distributed
moderate,low,low,a few,partial response,centralized
moderate,low,low,a few,partial response,moderately distributed
moderate,low,low,a few,partial response,highly distributed
moderate,low,low,a few,widespread response,centralized
moderate,low,low,a few,widespread response,moderately distributed
moderate,low,low,a few,widespread response,highly distributed
moderate,low,low,a few,broad response,centralized
moderate,low,low,a few,broad response,moderately distributed
moderate,low,low,a few,broad response,highly distributed
moderate,low,low,a few,complete response,centralized
moderate,low,low,a few,complete response,moderately distributed
moderate,low,low,a few,complete response,highly distributed
moderate,low,low,several,no response,centralized
moderate,low,low,several,no response,moderately distributed
moderate,low,low,several,no response,highly distributed
moderate,low,low,several,minimal response,centralized
moderate,low,low,several,minimal response,moderately distributed
moderate,low,low,several,minimal response,highly distributed
moderate,low,low,several,partial response,centralized
moderate,low,low,several,partial response,moderately distributed
moderate,low,low,several,partial response,highly distributed
moderate,low,low,several,widespread response,centralized
moderate,low,low,several,widespread response,moderately distributed
moderate,low,low,several,widespread response,highly distributed
moderate,low,low,several,broad response,centralized
moderate,low,low,several,broad response,moderately distributed
moderate,low,low,several,broad response,highly distributed
moderate,low,low,several,complete response,centralized
moderate,low,low,several,complete response,moderately distributed
moderate,low,low,several,complete response,highly distributed
moderate,low,moderate,a few,no response,centralized
moderate,low,moderate,a few,no response,moderately distributed
moderate,low,moderate,a few,no response,highly distributed
moderate,low,moderate,a few,minimal response,centralized
moderate,low,moderate,a few,minimal response,moderately distributed
moderate,low,moderate,a few,minimal response,highly distributed
moderate,low,moderate,a few,partial response,centralized
moderate,low,moderate,a few,partial response,moderately distributed
moderate,low,moderate,a few,partial response,highly distributed
moderate,low,moderate,a few,widespread response,centralized
moderate,low,moderate,a few,widespread response,moderately distributed
moderate,low,moderate,a few,widespread response,highly distributed
moderate,low,moderate,a few,broad response,centralized
moderate,low,moderate,a few,broad response,moderately distributed
moderate,low,moderate,a few,broad response,highly distributed
moderate,low,moderate,a few,complete response,centralized
moderate,low,moderate,a few,complete response,moderately distributed
moderate,low,moderate,a few,complete response,highly distributed
moderate,low,moderate,several,no response,centralized
moderate,low,moderate,several,no response,moderately distributed
moderate,low,moderate,several,no response,highly distributed
moderate,low,moderate,several,minimal response,centralized
moderate,low,moderate,several,minimal response,moderately distributed
moderate,low,moderate,several,minimal response,highly distributed
moderate,low,moderate,several,partial response,centralized
moderate,low,moderate,several,partial response,moderately distributed
moderate,low,moderate,several,partial response,highly distributed
moderate,low,moderate,several,widespread response,centralized
moderate,low,moderate,several,widespread response,moderately distributed
moderate,low,moderate,several,widespread response,highly distributed
moderate,low,moderate,several,broad response,centralized
moderate,low,moderate,several,broad response,moderately distributed
moderate,low,moderate,several,broad response,highly distributed
moderate,low,moderate,several,complete response,centralized
moderate,low,moderate,several,complete response,moderately distributed
moderate,low,moderate,several,complete response,highly distributed
moderate,low,dominant,a few,no response,centralized
moderate,low,dominant,a few,no response,moderately distributed
moderate,low,dominant,a few,no response,highly distributed
moderate,low,dominant,a few,minimal response,centralized
moderate,low,dominant,a few,minimal response,moderately distributed
moderate,low,dominant,a few,minimal response,highly distributed
moderate,low,dominant,a few,partial response,centralized
moderate,low,dominant,a few,partial response,moderately distributed
moderate,low,dominant,a few,partial response,highly distributed
moderate,low,dominant,a few,widespread response,centralized
moderate,low,dominant,a few,widespread response,moderately distributed
moderate,low,dominant,a few,widespread response,highly distributed
moderate,low,dominant,a few,broad response,centralized
moderate,low,dominant,a few,broad response,moderately distributed
moderate,low,dominant,a few,broad response,highly distributed
moderate,low,dominant,a few,complete response,centralized
moderate,low,dominant,a few,complete response,moderately distributed
moderate,low,dominant,a few,complete response,highly distributed
moderate,low,dominant,several,no response,centralized
moderate,low,dominant,several,no response,moderately distributed
moderate,low,dominant,several,no response,highly distributed
moderate,low,dominant,several,minimal response,centralized
moderate,low,dominant,several,minimal response,moderately distributed
moderate,low,dominant,several,minimal response,highly distributed
moderate,low,dominant,several,partial response,centralized
moderate,low,dominant,several,partial response,moderately distributed
moderate,low,dominant,several,partial response,highly distributed
moderate,low,dominant,several,widespread response,centralized
moderate,low,dominant,several,widespread response,moderately distributed
moderate,low,dominant,several,widespread response,highly distributed
moderate,low,dominant,several,broad response,centralized
moderate,low,dominant,several,broad response,moderately distributed
moderate,low,dominant,several,broad response,highly distributed
moderate,low,dominant,several,complete response,centralized
moderate,low,dominant,several,complete response,moderately distributed
moderate,low,dominant,several,complete response,highly distributed
moderate,low,overwhelming,a few,no response,centralized
moderate,low,overwhelming,a few,no response,moderately distributed
moderate,low,overwhelming,a few,no response,highly distributed
moderate,low,overwhelming,a few,minimal response,centralized
moderate,low,overwhelming,a few,minimal response,moderately distributed
moderate,low,overwhelming,a few,minimal response,highly distributed
moderate,low,overwhelming,a few,partial response,centralized
moderate,low,overwhelming,a few,partial response,moderately distributed
moderate,low,overwhelming,a few,partial response,highly distributed
moderate,low,overwhelming,a few,widespread response,centralized
moderate,low,overwhelming,a few,widespread response,moderately distributed
moderate,low,overwhelming,a few,widespread response,highly distributed
moderate,low,overwhelming,a few,broad response,centralized
moderate,low,overwhelming,a few,broad response,moderately distributed
moderate,low,overwhelming,a few,broad response,highly distributed
moderate,low,overwhelming,a few,complete response,centralized
moderate,low,overwhelming,a few,complete response,moderately distributed
moderate,low,overwhelming,a few,complete response,highly distributed
moderate,low,overwhelming,several,no response,centralized
moderate,low,overwhelming,several,no response,moderately distributed
moderate,low,overwhelming,several,no response,highly distributed
moderate,low,overwhelming,several,minimal response,centralized
moderate,low,overwhelming,several,minimal response,moderately distributed
moderate,low,overwhelming,several,minimal response,highly distributed
moderate,low,overwhelming,several,partial response,centralized
moderate,low,overwhelming,several,partial response,moderately distributed
moderate,low,overwhelming,several,partial response,highly distributed
moderate,low,overwhelming,several,widespread response,centralized
moderate,low,overwhelming,several,widespread response,moderately distributed
moderate,low,overwhelming,several,widespread response,highly distributed
moderate,low,overwhelming,several,broad response,centralized
moderate,low,overwhelming,several,broad response,moderately distributed
moderate,low,overwhelming,several,broad response,highly distributed
moderate,low,overwhelming,several,complete response,centralized
moderate,low,overwhelming,several,complete response,moderately distributed
moderate,low,overwhelming,several,complete response,highly distributed
moderate,moderate,minimal,a few,no response,centralized
moderate,moderate,minimal,a few,no response,moderately distributed
moderate,moderate,minimal,a few,no response,highly distributed
moderate,moderate,minimal,a few,minimal response,centralized
moderate,moderate,minimal,a few,minimal response,moderately distributed
moderate,moderate,minimal,a few,minimal response,highly distributed
moderate,moderate,minimal,a few,partial response,centralized
moderate,moderate,minimal,a few,partial response,moderately distributed
moderate,moderate,minimal,a few,partial response,highly distributed
moderate,moderate,minimal,a few,widespread response,centralized
moderate,moderate,minimal,a few,widespread response,moderately distributed
moderate,moderate,minimal,a few,widespread response,highly distributed
moderate,moderate,minimal,a few,broad response,centralized
moderate,moderate,minimal,a few,broad response,moderately distributed
moderate,moderate,minimal,a few,broad response,highly distributed
moderate,moderate,minimal,a few,complete response,centralized
moderate,moderate,minimal,a few,complete response,moderately distributed
moderate,moderate,minimal,a few,complete response,highly distributed
moderate,moderate,minimal,several,no response,centralized
moderate,moderate,minimal,several,no response,moderately distributed
moderate,moderate,minimal,several,no response,highly distributed
moderate,moderate,minimal,several,minimal response,centralized
moderate,moderate,minimal,several,minimal response,moderately distributed
moderate,moderate,minimal,several,minimal response,highly distributed
moderate,moderate,minimal,several,partial response,centralized
moderate,moderate,minimal,several,partial response,moderately distributed
moderate,moderate,minimal,several,partial response,highly distributed
moderate,moderate,minimal,several,widespread response,centralized
moderate,moderate,minimal,several,widespread response,moderately distributed
moderate,moderate,minimal,several,widespread response,highly distributed
moderate,moderate,minimal,several,broad response,centralized
moderate,moderate,minimal,several,broad response,moderately distributed
moderate,moderate,minimal,several,broad response,highly distributed
moderate,moderate,minimal,several,complete response,centralized
moderate,moderate,minimal,several,complete response,moderately distributed
moderate,moderate,minimal,several,complete response,highly distributed
moderate,moderate,minimal,many,no response,centralized
moderate,moderate,minimal,many,no response,moderately distributed
moderate,moderate,minimal,many,no response,highly distributed
moderate,moderate,minimal,many,minimal response,centralized
moderate,moderate,minimal,many,minimal response,moderately distributed
moderate,moderate,minimal,many,minimal response,highly distributed
moderate,moderate,minimal,many,partial response,centralized
moderate,moderate,minimal,many,partial response,moderately distributed
moderate,moderate,minimal,many,partial response,highly distributed
moderate,moderate,minimal,many,widespread response,centralized
moderate,moderate,minimal,many,widespread response,moderately distributed
moderate,moderate,minimal,many,widespread response,highly distributed
moderate,moderate,minimal,many,broad response,centralized
moderate,moderate,minimal,many,broad response,moderately distributed
moderate,moderate,minimal,many,broad response,highly distributed
moderate,moderate,minimal,many,complete response,centralized
moderate,moderate,minimal,many,complete response,moderately distributed
moderate,moderate,minimal,many,complete response,highly distributed
moderate,moderate,minimal,broad sweep,no response,centralized
moderate,moderate,minimal,broad sweep,no response,moderately distributed
moderate,moderate,minimal,broad sweep,no response,highly distributed
moderate,moderate,minimal,broad sweep,minimal response,centralized
moderate,moderate,minimal,broad sweep,minimal response,moderately distributed
moderate,moderate,minimal,broad sweep,minimal response,highly distributed
moderate,moderate,minimal,broad sweep,partial response,centralized
moderate,moderate,minimal,broad sweep,partial response,moderately distributed
moderate,moderate,minimal,broad sweep,partial response,highly distributed
moderate,moderate,minimal,broad sweep,widespread response,centralized
moderate,moderate,minimal,broad sweep,widespread response,moderately distributed
moderate,moderate,minimal,broad sweep,widespread response,highly distributed
moderate,moderate,minimal,broad sweep,broad response,centralized
moderate,moderate,minimal,broad sweep,broad response,moderately distributed
moderate,moderate,minimal,broad sweep,broad response,highly distributed
moderate,moderate,minimal,broad sweep,complete response,centralized
moderate,moderate,minimal,broad sweep,complete response,moderately distributed
moderate,moderate,minimal,broad sweep,complete response,highly distributed
moderate,moderate,low,a few,no response,centralized
moderate,moderate,low,a few,no response,moderately distributed
moderate,moderate,low,a few,no response,highly distributed
moderate,moderate,low,a few,minimal response,centralized
moderate,moderate,low,a few,minimal response,moderately distributed
moderate,moderate,low,a few,minimal response,highly distributed
moderate,moderate,low,a few,partial response,centralized
moderate,moderate,low,a few,partial response,moderately distributed
moderate,moderate,low,a few,partial response,highly distributed
moderate,moderate,low,a few,widespread response,centralized
moderate,moderate,low,a few,widespread response,moderately distributed
moderate,moderate,low,a few,widespread response,highly distributed
moderate,moderate,low,a few,broad response,centralized
moderate,moderate,low,a few,broad response,moderately distributed
moderate,moderate,low,a few,broad response,highly distributed
moderate,moderate,low,a few,complete response,centralized
moderate,moderate,low,a few,complete response,moderately distributed
moderate,moderate,low,a few,complete response,highly distributed
moderate,moderate,low,several,no response,centralized
moderate,moderate,low,several,no response,moderately distributed
moderate,moderate,low,several,no response,highly distributed
moderate,moderate,low,several,minimal response,centralized
moderate,moderate,low,several,minimal response,moderately distributed
moderate,moderate,low,several,minimal response,highly distributed
moderate,moderate,low,several,partial response,centralized
moderate,moderate,low,several,partial response,moderately distributed
moderate,moderate,low,several,partial response,highly distributed
moderate,moderate,low,several,widespread response,centralized
moderate,moderate,low,several,widespread response,moderately distributed
moderate,moderate,low,several,widespread response,highly distributed
moderate,moderate,low,several,broad response,centralized
moderate,moderate,low,several,broad response,moderately distributed
moderate,moderate,low,several,broad response,highly distributed
moderate,moderate,low,several,complete response,centralized
moderate,moderate,low,several,complete response,moderately distributed
moderate,moderate,low,several,complete response,highly distributed
moderate,moderate,low,many,no response,centralized
moderate,moderate,low,many,no response,moderately distributed
moderate,moderate,low,many,no response,highly distributed
moderate,moderate,low,many,minimal response,centralized
moderate,moderate,low,many,minimal response,moderately distributed
moderate,moderate,low,many,minimal response,highly distributed
moderate,moderate,low,many,partial response,centralized
moderate,moderate,low,many,partial response,moderately distributed
moderate,moderate,low,many,partial response,highly distributed
moderate,moderate,low,many,widespread response,centralized
moderate,moderate,low,many,widespread response,moderately distributed
moderate,moderate,low,many,widespread response,highly distributed
moderate,moderate,low,many,broad response,centralized
moderate,moderate,low,many,broad response,moderately distributed
moderate,moderate,low,many,broad response,highly distributed
moderate,moderate,low,many,complete response,centralized
moderate,moderate,low,many,complete response,moderately distributed
moderate,moderate,low,many,complete response,highly distributed
moderate,moderate,low,broad sweep,no response,centralized
moderate,moderate,low,broad sweep,no response,moderately distributed
moderate,moderate,low,broad sweep,no response,highly distributed
moderate,moderate,low,broad sweep,minimal response,centralized
moderate,moderate,low,broad sweep,minimal response,moderately distributed
moderate,moderate,low,broad sweep,minimal response,highly distributed
moderate,moderate,low,broad sweep,partial response,centralized
moderate,moderate,low,broad sweep,partial response,moderately distributed
moderate,moderate,low,broad sweep,partial response,highly distributed
moderate,moderate,low,broad sweep,widespread response,centralized
moderate,moderate,low,broad sweep,widespread response,moderately distributed
moderate,moderate,low,broad sweep,widespread response,highly distributed
moderate,moderate,low,broad sweep,broad response,centralized
moderate,moderate,low,broad sweep,broad response,moderately distributed
moderate,moderate,low,broad sweep,broad response,highly distributed
moderate,moderate,low,broad sweep,complete response,centralized
moderate,moderate,low,broad sweep,complete response,moderately distributed
moderate,moderate,low,broad sweep,complete response,highly distributed
moderate,moderate,moderate,a few,no response,centralized
moderate,moderate,moderate,a few,no response,moderately distributed
moderate,moderate,moderate,a few,no response,highly distributed
moderate,moderate,moderate,a few,minimal response,centralized
moderate,moderate,moderate,a few,minimal response,moderately distributed
moderate,moderate,moderate,a few,minimal response,highly distributed
moderate,moderate,moderate,a few,partial response,centralized
moderate,moderate,moderate,a few,partial response,moderately distributed
moderate,moderate,moderate,a few,partial response,highly distributed
moderate,moderate,moderate,a few,widespread response,centralized
moderate,moderate,moderate,a few,widespread response,moderately distributed
moderate,moderate,moderate,a few,widespread response,highly distributed
moderate,moderate,moderate,a few,broad response,centralized
moderate,moderate,moderate,a few,broad response,moderately distributed
moderate,moderate,moderate,a few,broad response,highly distributed
moderate,moderate,moderate,a few,complete response,centralized
moderate,moderate,moderate,a few,complete response,moderately distributed
moderate,moderate,moderate,a few,complete response,highly distributed
moderate,moderate,moderate,several,no response,centralized
moderate,moderate,moderate,several,no response,moderately distributed
moderate,moderate,moderate,several,no response,highly distributed
moderate,moderate,moderate,several,minimal response,centralized
moderate,moderate,moderate,several,minimal response,moderately distributed
moderate,moderate,moderate,several,minimal response,highly distributed
moderate,moderate,moderate,several,partial response,centralized
moderate,moderate,moderate,several,partial response,moderately distributed
moderate,moderate,moderate,several,partial response,highly distributed
moderate,moderate,moderate,several,widespread response,centralized
moderate,moderate,moderate,several,widespread response,moderately distributed
moderate,moderate,moderate,several,widespread response,highly distributed
moderate,moderate,moderate,several,broad response,centralized
moderate,moderate,moderate,several,broad response,moderately distributed
moderate,moderate,moderate,several,broad response,highly distributed
moderate,moderate,moderate,several,complete response,centralized
moderate,moderate,moderate,several,complete response,moderately distributed
moderate,moderate,moderate,several,complete response,highly distributed
moderate,moderate,moderate,many,no response,centralized
moderate,moderate,moderate,many,no response,moderately distributed
moderate,moderate,moderate,many,no response,highly distributed
moderate,moderate,moderate,many,minimal response,centralized
moderate,moderate,moderate,many,minimal response,moderately distributed
moderate,moderate,moderate,many,minimal response,highly distributed
moderate,moderate,moderate,many,partial response,centralized
moderate,moderate,moderate,many,partial response,moderately distributed
moderate,moderate,moderate,many,partial response,highly distributed
moderate,moderate,moderate,many,widespread response,centralized
moderate,moderate,moderate,many,widespread response,moderately distributed
moderate,moderate,moderate,many,widespread response,highly distributed
moderate,moderate,moderate,many,broad response,centralized
moderate,moderate,moderate,many,broad response,moderately distributed
moderate,moderate,moderate,many,broad response,highly distributed
moderate,moderate,moderate,many,complete response,centralized
moderate,moderate,moderate,many,complete response,moderately distributed
moderate,moderate,moderate,many,complete response,highly distributed
moderate,moderate,moderate,broad sweep,no response,centralized
moderate,moderate,moderate,broad sweep,no response,moderately distributed
moderate,moderate,moderate,broad sweep,no response,highly distributed
moderate,moderate,moderate,broad sweep,minimal response,centralized
moderate,moderate,moderate,broad sweep,minimal response,moderately distributed
moderate,moderate,moderate,broad sweep,minimal response,highly distributed
moderate,moderate,moderate,broad sweep,partial response,centralized
moderate,moderate,moderate,broad sweep,partial response,moderately distributed
moderate,moderate,moderate,broad sweep,partial response,highly distributed
moderate,moderate,moderate,broad sweep,widespread response,centralized
moderate,moderate,moderate,broad sweep,widespread response,moderately distributed
moderate,moderate,moderate,broad sweep,widespread response,highly distributed
moderate,moderate,moderate,broad sweep,broad response,centralized
moderate,moderate,moderate,broad sweep,broad response,moderately distributed
moderate,moderate,moderate,broad sweep,broad response,highly distributed
moderate,moderate,moderate,broad sweep,complete response,centralized
moderate,moderate,moderate,broad sweep,complete response,moderately distributed
moderate,moderate,moderate,broad sweep,complete response,highly distributed
moderate,moderate,dominant,a few,no response,centralized
moderate,moderate,dominant,a few,no response,moderately distributed
moderate,moderate,dominant,a few,no response,highly distributed
moderate,moderate,dominant,a few,minimal response,centralized
moderate,moderate,dominant,a few,minimal response,moderately distributed
moderate,moderate,dominant,a few,minimal response,highly distributed
moderate,moderate,dominant,a few,partial response,centralized
moderate,moderate,dominant,a few,partial response,moderately distributed
moderate,moderate,dominant,a few,partial response,highly distributed
moderate,moderate,dominant,a few,widespread response,centralized
moderate,moderate,dominant,a few,widespread response,moderately distributed
moderate,moderate,dominant,a few,widespread response,highly distributed
moderate,moderate,dominant,a few,broad response,centralized
moderate,moderate,dominant,a few,broad response,moderately distributed
moderate,moderate,dominant,a few,broad response,highly distributed
moderate,moderate,dominant,a few,complete response,centralized
moderate,moderate,dominant,a few,complete response,moderately distributed
moderate,moderate,dominant,a few,complete response,highly distributed
moderate,moderate,dominant,several,no response,centralized
moderate,moderate,dominant,several,no response,moderately distributed
moderate,moderate,dominant,several,no response,highly distributed
moderate,moderate,dominant,several,minimal response,centralized
moderate,moderate,dominant,several,minimal response,moderately distributed
moderate,moderate,dominant,several,minimal response,highly distributed
moderate,moderate,dominant,several,partial response,centralized
moderate,moderate,dominant,several,partial response,moderately distributed
moderate,moderate,dominant,several,partial response,highly distributed
moderate,moderate,dominant,several,widespread response,centralized
moderate,moderate,dominant,several,widespread response,moderately distributed
moderate,moderate,dominant,several,widespread response,highly distributed
moderate,moderate,dominant,several,broad response,centralized
moderate,moderate,dominant,several,broad response,moderately distributed
moderate,moderate,dominant,several,broad response,highly distributed
moderate,moderate,dominant,several,complete response,centralized
moderate,moderate,dominant,several,complete response,moderately distributed
moderate,moderate,dominant,several,complete response,highly distributed
moderate,moderate,dominant,many,no response,centralized
moderate,moderate,dominant,many,no response,moderately distributed
moderate,moderate,dominant,many,no response,highly distributed
moderate,moderate,dominant,many,minimal response,centralized
moderate,moderate,dominant,many,minimal response,moderately distributed
moderate,moderate,dominant,many,minimal response,highly distributed
moderate,moderate,dominant,many,partial response,centralized
moderate,moderate,dominant,many,partial response,moderately distributed
moderate,moderate,dominant,many,partial response,highly distributed
moderate,moderate,dominant,many,widespread response,centralized
moderate,moderate,dominant,many,widespread response,moderately distributed
moderate,moderate,dominant,many,widespread response,highly distributed
moderate,moderate,dominant,many,broad response,centralized
moderate,moderate,dominant,many,broad response,moderately distributed
moderate,moderate,dominant,many,broad response,highly distributed
moderate,moderate,dominant,many,complete response,centralized
moderate,moderate,dominant,many,complete response,moderately distributed
moderate,moderate,dominant,many,complete response,highly distributed
moderate,moderate,dominant,broad sweep,no response,centralized
moderate,moderate,dominant,broad sweep,no response,moderately distributed
moderate,moderate,dominant,broad sweep,no response,highly distributed
moderate,moderate,dominant,broad sweep,minimal response,centralized
moderate,moderate,dominant,broad sweep,minimal response,moderately distributed
moderate,moderate,dominant,broad sweep,minimal response,highly distributed
moderate,moderate,dominant,broad sweep,partial response,centralized
moderate,moderate,dominant,broad sweep,partial response,moderately distributed
moderate,moderate,dominant,broad sweep,partial response,highly distributed
moderate,moderate,dominant,broad sweep,widespread response,centralized
moderate,moderate,dominant,broad sweep,widespread response,moderately distributed
moderate,moderate,dominant,broad sweep,widespread response,highly distributed
moderate,moderate,dominant,broad sweep,broad response,centralized
moderate,moderate,dominant,broad sweep,broad response,moderately distributed
moderate,moderate,dominant,broad sweep,broad response,highly distributed
moderate,moderate,dominant,broad sweep,complete response,centralized
moderate,moderate,dominant,broad sweep,complete response,moderately distributed
moderate,moderate,dominant,broad sweep,complete response,highly distributed
moderate,moderate,overwhelming,a few,no response,centralized
moderate,moderate,overwhelming,a few,no response,moderately distributed
moderate,moderate,overwhelming,a few,no response,highly distributed
moderate,moderate,overwhelming,a few,minimal response,centralized
moderate,moderate,overwhelming,a few,minimal response,moderately distributed
moderate,moderate,overwhelming,a few,minimal response,highly distributed
moderate,moderate,overwhelming,a few,partial response,centralized
moderate,moderate,overwhelming,a few,partial response,moderately distributed
moderate,moderate,overwhelming,a few,partial response,highly distributed
moderate,moderate,overwhelming,a few,widespread response,centralized
moderate,moderate,overwhelming,a few,widespread response,moderately distributed
moderate,moderate,overwhelming,a few,widespread response,highly distributed
moderate,moderate,overwhelming,a few,broad response,centralized
moderate,moderate,overwhelming,a few,broad response,moderately distributed
moderate,moderate,overwhelming,a few,broad response,highly distributed
moderate,moderate,overwhelming,a few,complete response,centralized
moderate,moderate,overwhelming,a few,complete response,moderately distributed
moderate,moderate,overwhelming,a few,complete response,highly distributed
moderate,moderate,overwhelming,several,no response,centralized
moderate,moderate,overwhelming,several,no response,moderately distributed
moderate,moderate,overwhelming,several,no response,highly distributed
moderate,moderate,overwhelming,several,minimal response,centralized
moderate,moderate,overwhelming,several,minimal response,moderately distributed
moderate,moderate,overwhelming,several,minimal response,highly distributed
moderate,moderate,overwhelming,several,partial response,centralized
moderate,moderate,overwhelming,several,partial response,moderately distributed
moderate,moderate,overwhelming,several,partial response,highly distributed
moderate,moderate,overwhelming,several,widespread response,centralized
moderate,moderate,overwhelming,several,widespread response,moderately distributed
moderate,moderate,overwhelming,several,widespread response,highly distributed
moderate,moderate,overwhelming,several,broad response,centralized
moderate,moderate,overwhelming,several,broad response,moderately distributed
moderate,moderate,overwhelming,several,broad response,highly distributed
moderate,moderate,overwhelming,several,complete response,centralized
moderate,moderate,overwhelming,several,complete response,moderately distributed
moderate,moderate,overwhelming,several,complete response,highly distributed
moderate,moderate,overwhelming,many,no response,centralized
moderate,moderate,overwhelming,many,no response,moderately distributed
moderate,moderate,overwhelming,many,no response,highly distributed
moderate,moderate,overwhelming,many,minimal response,centralized
moderate,moderate,overwhelming,many,minimal response,moderately distributed
moderate,moderate,overwhelming,many,minimal response,highly distributed
moderate,moderate,overwhelming,many,partial response,centralized
moderate,moderate,overwhelming,many,partial response,moderately distributed
moderate,moderate,overwhelming,many,partial response,highly distributed
moderate,moderate,overwhelming,many,widespread response,centralized
moderate,moderate,overwhelming,many,widespread response,moderately distributed
moderate,moderate,overwhelming,many,widespread response,highly distributed
moderate,moderate,overwhelming,many,broad response,centralized
moderate,moderate,overwhelming,many,broad response,moderately distributed
moderate,moderate,overwhelming,many,broad response,highly distributed
moderate,moderate,overwhelming,many,complete response,centralized
moderate,moderate,overwhelming,many,complete response,moderately distributed
moderate,moderate,overwhelming,many,complete response,highly distributed
moderate,moderate,overwhelming,broad sweep,no response,centralized
moderate,moderate,overwhelming,broad sweep,no response,moderately distributed
moderate,moderate,overwhelming,broad sweep,no response,highly distributed
moderate,moderate,overwhelming,broad sweep,minimal response,centralized
moderate,moderate,overwhelming,broad sweep,minimal response,moderately distributed
moderate,moderate,overwhelming,broad sweep,minimal response,highly distributed
moderate,moderate,overwhelming,broad sweep,partial response,centralized
moderate,moderate,overwhelming,broad sweep,partial response,moderately distributed
moderate,moderate,overwhelming,broad sweep,partial response,highly distributed
moderate,moderate,overwhelming,broad sweep,widespread response,centralized
moderate,moderate,overwhelming,broad sweep,widespread response,moderately distributed
moderate,moderate,overwhelming,broad sweep,widespread response,highly distributed
moderate,moderate,overwhelming,broad sweep,broad response,centralized
moderate,moderate,overwhelming,broad sweep,broad response,moderately distributed
moderate,moderate,overwhelming,broad sweep,broad response,highly distributed
moderate,moderate,overwhelming,broad sweep,complete response,centralized
moderate,moderate,overwhelming,broad sweep,complete response,moderately distributed
moderate,moderate,overwhelming,broad sweep,complete response,highly distributed
moderate,high,minimal,a few,no response,centralized
moderate,high,minimal,a few,no response,moderately distributed
moderate,high,minimal,a few,no response,highly distributed
moderate,high,minimal,a few,minimal response,centralized
moderate,high,minimal,a few,minimal response,moderately distributed
moderate,high,minimal,a few,minimal response,highly distributed
moderate,high,minimal,a few,partial response,centralized
moderate,high,minimal,a few,partial response,moderately distributed
moderate,high,minimal,a few,partial response,highly distributed
moderate,high,minimal,a few,widespread response,centralized
moderate,high,minimal,a few,widespread response,moderately distributed
moderate,high,minimal,a few,widespread response,highly distributed
moderate,high,minimal,a few,broad response,centralized
moderate,high,minimal,a few,broad response,moderately distributed
moderate,high,minimal,a few,broad response,highly distributed
moderate,high,minimal,a few,complete response,centralized
moderate,high,minimal,a few,complete response,moderately distributed
moderate,high,minimal,a few,complete response,highly distributed
moderate,high,minimal,several,no response,centralized
moderate,high,minimal,several,no response,moderately distributed
moderate,high,minimal,several,no response,highly distributed
moderate,high,minimal,several,minimal response,centralized
moderate,high,minimal,several,minimal response,moderately distributed
moderate,high,minimal,several,minimal response,highly distributed
moderate,high,minimal,several,partial response,centralized
moderate,high,minimal,several,partial response,moderately distributed
moderate,high,minimal,several,partial response,highly distributed
moderate,high,minimal,several,widespread response,centralized
moderate,high,minimal,several,widespread response,moderately distributed
moderate,high,minimal,several,widespread response,highly distributed
moderate,high,minimal,several,broad response,centralized
moderate,high,minimal,several,broad response,moderately distributed
moderate,high,minimal,several,broad response,highly distributed
moderate,high,minimal,several,complete response,centralized
moderate,high,minimal,several,complete response,moderately distributed
moderate,high,minimal,several,complete response,highly distributed
moderate,high,minimal,many,no response,centralized
moderate,high,minimal,many,no response,moderately distributed
moderate,high,minimal,many,no response,highly distributed
moderate,high,minimal,many,minimal response,centralized
moderate,high,minimal,many,minimal response,moderately distributed
moderate,high,minimal,many,minimal response,highly distributed
moderate,high,minimal,many,partial response,centralized
moderate,high,minimal,many,partial response,moderately distributed
moderate,high,minimal,many,partial response,highly distributed
moderate,high,minimal,many,widespread response,centralized
moderate,high,minimal,many,widespread response,moderately distributed
moderate,high,minimal,many,widespread response,highly distributed
moderate,high,minimal,many,broad response,centralized
moderate,high,minimal,many,broad response,moderately distributed
moderate,high,minimal,many,broad response,highly distributed
moderate,high,minimal,many,complete response,centralized
moderate,high,minimal,many,complete response,moderately distributed
moderate,high,minimal,many,complete response,highly distributed
moderate,high,minimal,broad sweep,no response,centralized
moderate,high,minimal,broad sweep,no response,moderately distributed
moderate,high,minimal,broad sweep,no response,highly distributed
moderate,high,minimal,broad sweep,minimal response,centralized
moderate,high,minimal,broad sweep,minimal response,moderately distributed
moderate,high,minimal,broad sweep,minimal response,highly distributed
moderate,high,minimal,broad sweep,partial response,centralized
moderate,high,minimal,broad sweep,partial response,moderately distributed
moderate,high,minimal,broad sweep,partial response,highly distributed
moderate,high,minimal,broad sweep,widespread response,centralized
moderate,high,minimal,broad sweep,widespread response,moderately distributed
moderate,high,minimal,broad sweep,widespread response,highly distributed
moderate,high,minimal,broad sweep,broad response,centralized
moderate,high,minimal,broad sweep,broad response,moderately distributed
moderate,high,minimal,broad sweep,broad response,highly distributed
moderate,high,minimal,broad sweep,complete response,centralized
moderate,high,minimal,broad sweep,complete response,moderately distributed
moderate,high,minimal,broad sweep,complete response,highly distributed
moderate,high,low,a few,no response,centralized
moderate,high,low,a few,no response,moderately distributed
moderate,high,low,a few,no response,highly distributed
moderate,high,low,a few,minimal response,centralized
moderate,high,low,a few,minimal response,moderately distributed
moderate,high,low,a few,minimal response,highly distributed
moderate,high,low,a few,partial response,centralized
moderate,high,low,a few,partial response,moderately distributed
moderate,high,low,a few,partial response,highly distributed
moderate,high,low,a few,widespread response,centralized
moderate,high,low,a few,widespread response,moderately distributed
moderate,high,low,a few,widespread response,highly distributed
moderate,high,low,a few,broad response,centralized
moderate,high,low,a few,broad response,moderately distributed
moderate,high,low,a few,broad response,highly distributed
moderate,high,low,a few,complete response,centralized
moderate,high,low,a few,complete response,moderately distributed
moderate,high,low,a few,complete response,highly distributed
moderate,high,low,several,no response,centralized
moderate,high,low,several,no response,moderately distributed
moderate,high,low,several,no response,highly distributed
moderate,high,low,several,minimal response,centralized
moderate,high,low,several,minimal response,moderately distributed
moderate,high,low,several,minimal response,highly distributed
moderate,high,low,several,partial response,centralized
moderate,high,low,several,partial response,moderately distributed
moderate,high,low,several,partial response,highly distributed
moderate,high,low,several,widespread response,centralized
moderate,high,low,several,widespread response,moderately distributed
moderate,high,low,several,widespread response,highly distributed
moderate,high,low,several,broad response,centralized
moderate,high,low,several,broad response,moderately distributed
moderate,high,low,several,broad response,highly distributed
moderate,high,low,several,complete response,centralized
moderate,high,low,several,complete response,moderately distributed
moderate,high,low,several,complete response,highly distributed
moderate,high,low,many,no response,centralized
moderate,high,low,many,no response,moderately distributed
moderate,high,low,many,no response,highly distributed
moderate,high,low,many,minimal response,centralized
moderate,high,low,many,minimal response,moderately distributed
moderate,high,low,many,minimal response,highly distributed
moderate,high,low,many,partial response,centralized
moderate,high,low,many,partial response,moderately distributed
moderate,high,low,many,partial response,highly distributed
moderate,high,low,many,widespread response,centralized
moderate,high,low,many,widespread response,moderately distributed
moderate,high,low,many,widespread response,highly distributed
moderate,high,low,many,broad response,centralized
moderate,high,low,many,broad response,moderately distributed
moderate,high,low,many,broad response,highly distributed
moderate,high,low,many,complete response,centralized
moderate,high,low,many,complete response,moderately distributed
moderate,high,low,many,complete response,highly distributed
moderate,high,low,broad sweep,no response,centralized
moderate,high,low,broad sweep,no response,moderately distributed
moderate,high,low,broad sweep,no response,highly distributed
moderate,high,low,broad sweep,minimal response,centralized
moderate,high,low,broad sweep,minimal response,moderately distributed
moderate,high,low,broad sweep,minimal response,highly distributed
moderate,high,low,broad sweep,partial response,centralized
moderate,high,low,broad sweep,partial response,moderately distributed
moderate,high,low,broad sweep,partial response,highly distributed
moderate,high,low,broad sweep,widespread response,centralized
moderate,high,low,broad sweep,widespread response,moderately distributed
moderate,high,low,broad sweep,widespread response,highly distributed
moderate,high,low,broad sweep,broad response,centralized
moderate,high,low,broad sweep,broad response,moderately distributed
moderate,high,low,broad sweep,broad response,highly distributed
moderate,high,low,broad sweep,complete response,centralized
moderate,high,low,broad sweep,complete response,moderately distributed
moderate,high,low,broad sweep,complete response,highly distributed
moderate,high,moderate,a few,no response,centralized
moderate,high,moderate,a few,no response,moderately distributed
moderate,high,moderate,a few,no response,highly distributed
moderate,high,moderate,a few,minimal response,centralized
moderate,high,moderate,a few,minimal response,moderately distributed
moderate,high,moderate,a few,minimal response,highly distributed
moderate,high,moderate,a few,partial response,centralized
moderate,high,moderate,a few,partial response,moderately distributed
moderate,high,moderate,a few,partial response,highly distributed
moderate,high,moderate,a few,widespread response,centralized
moderate,high,moderate,a few,widespread response,moderately distributed
moderate,high,moderate,a few,widespread response,highly distributed
moderate,high,moderate,a few,broad response,centralized
moderate,high,moderate,a few,broad response,moderately distributed
moderate,high,moderate,a few,broad response,highly distributed
moderate,high,moderate,a few,complete response,centralized
moderate,high,moderate,a few,complete response,moderately distributed
moderate,high,moderate,a few,complete response,highly distributed
moderate,high,moderate,several,no response,centralized
moderate,high,moderate,several,no response,moderately distributed
moderate,high,moderate,several,no response,highly distributed
moderate,high,moderate,several,minimal response,centralized
moderate,high,moderate,several,minimal response,moderately distributed
moderate,high,moderate,several,minimal response,highly distributed
moderate,high,moderate,several,partial response,centralized
moderate,high,moderate,several,partial response,moderately distributed
moderate,high,moderate,several,partial response,highly distributed
moderate,high,moderate,several,widespread response,centralized
moderate,high,moderate,several,widespread response,moderately distributed
moderate,high,moderate,several,widespread response,highly distributed
moderate,high,moderate,several,broad response,centralized
moderate,high,moderate,several,broad response,moderately distributed
moderate,high,moderate,several,broad response,highly distributed
moderate,high,moderate,several,complete response,centralized
moderate,high,moderate,several,complete response,moderately distributed
moderate,high,moderate,several,complete response,highly distributed
moderate,high,moderate,many,no response,centralized
moderate,high,moderate,many,no response,moderately distributed
moderate,high,moderate,many,no response,highly distributed
moderate,high,moderate,many,minimal response,centralized
moderate,high,moderate,many,minimal response,moderately distributed
moderate,high,moderate,many,minimal response,highly distributed
moderate,high,moderate,many,partial response,centralized
moderate,high,moderate,many,partial response,moderately distributed
moderate,high,moderate,many,partial response,highly distributed
moderate,high,moderate,many,widespread response,centralized
moderate,high,moderate,many,widespread response,moderately distributed
moderate,high,moderate,many,widespread response,highly distributed
moderate,high,moderate,many,broad response,centralized
moderate,high,moderate,many,broad response,moderately distributed
moderate,high,moderate,many,broad response,highly distributed
moderate,high,moderate,many,complete response,centralized
moderate,high,moderate,many,complete response,moderately distributed
moderate,high,moderate,many,complete response,highly distributed
moderate,high,moderate,broad sweep,no response,centralized
moderate,high,moderate,broad sweep,no response,moderately distributed
moderate,high,moderate,broad sweep,no response,highly distributed
moderate,high,moderate,broad sweep,minimal response,centralized
moderate,high,moderate,broad sweep,minimal response,moderately distributed
moderate,high,moderate,broad sweep,minimal response,highly distributed
moderate,high,moderate,broad sweep,partial response,centralized
moderate,high,moderate,broad sweep,partial response,moderately distributed
moderate,high,moderate,broad sweep,partial response,highly distributed
moderate,high,moderate,broad sweep,widespread response,centralized
moderate,high,moderate,broad sweep,widespread response,moderately distributed
moderate,high,moderate,broad sweep,widespread response,highly distributed
moderate,high,moderate,broad sweep,broad response,centralized
moderate,high,moderate,broad sweep,broad response,moderately distributed
moderate,high,moderate,broad sweep,broad response,highly distributed
moderate,high,moderate,broad sweep,complete response,centralized
moderate,high,moderate,broad sweep,complete response,moderately distributed
moderate,high,moderate,broad sweep,complete response,highly distributed
moderate,high,dominant,a few,no response,centralized
moderate,high,dominant,a few,no response,moderately distributed
moderate,high,dominant,a few,no response,highly distributed
moderate,high,dominant,a few,minimal response,centralized
moderate,high,dominant,a few,minimal response,moderately distributed
moderate,high,dominant,a few,minimal response,highly distributed
moderate,high,dominant,a few,partial response,centralized
moderate,high,dominant,a few,partial response,moderately distributed
moderate,high,dominant,a few,partial response,highly distributed
moderate,high,dominant,a few,widespread response,centralized
moderate,high,dominant,a few,widespread response,moderately distributed
moderate,high,dominant,a few,widespread response,highly distributed
moderate,high,dominant,a few,broad response,centralized
moderate,high,dominant,a few,broad response,moderately distributed
moderate,high,dominant,a few,broad response,highly distributed
moderate,high,dominant,a few,complete response,centralized
moderate,high,dominant,a few,complete response,moderately distributed
moderate,high,dominant,a few,complete response,highly distributed
moderate,high,dominant,several,no response,centralized
moderate,high,dominant,several,no response,moderately distributed
moderate,high,dominant,several,no response,highly distributed
moderate,high,dominant,several,minimal response,centralized
moderate,high,dominant,several,minimal response,moderately distributed
moderate,high,dominant,several,minimal response,highly distributed
moderate,high,dominant,several,partial response,centralized
moderate,high,dominant,several,partial response,moderately distributed
moderate,high,dominant,several,partial response,highly distributed
moderate,high,dominant,several,widespread response,centralized
moderate,high,dominant,several,widespread response,moderately distributed
moderate,high,dominant,several,widespread response,highly distributed
moderate,high,dominant,several,broad response,centralized
moderate,high,dominant,several,broad response,moderately distributed
moderate,high,dominant,several,broad response,highly distributed
moderate,high,dominant,several,complete response,centralized
moderate,high,dominant,several,complete response,moderately distributed
moderate,high,dominant,several,complete response,highly distributed
moderate,high,dominant,many,no response,centralized
moderate,high,dominant,many,no response,moderately distributed
moderate,high,dominant,many,no response,highly distributed
moderate,high,dominant,many,minimal response,centralized
moderate,high,dominant,many,minimal response,moderately distributed
moderate,high,dominant,many,minimal response,highly distributed
moderate,high,dominant,many,partial response,centralized
moderate,high,dominant,many,partial response,moderately distributed
moderate,high,dominant,many,partial response,highly distributed
moderate,high,dominant,many,widespread response,centralized
moderate,high,dominant,many,widespread response,moderately distributed
moderate,high,dominant,many,widespread response,highly distributed
moderate,high,dominant,many,broad response,centralized
moderate,high,dominant,many,broad response,moderately distributed
moderate,high,dominant,many,broad response,highly distributed
moderate,high,dominant,many,complete response,centralized
moderate,high,dominant,many,complete response,moderately distributed
moderate,high,dominant,many,complete response,highly distributed
moderate,high,dominant,broad sweep,no response,centralized
moderate,high,dominant,broad sweep,no response,moderately distributed
moderate,high,dominant,broad sweep,no response,highly distributed
moderate,high,dominant,broad sweep,minimal response,centralized
moderate,high,dominant,broad sweep,minimal response,moderately distributed
moderate,high,dominant,broad sweep,minimal response,highly distributed
moderate,high,dominant,broad sweep,partial response,centralized
moderate,high,dominant,broad sweep,partial response,moderately distributed
moderate,high,dominant,broad sweep,partial response,highly distributed
moderate,high,dominant,broad sweep,widespread response,centralized
moderate,high,dominant,broad sweep,widespread response,moderately distributed
moderate,high,dominant,broad sweep,widespread response,highly distributed
moderate,high,dominant,broad sweep,broad response,centralized
moderate,high,dominant,broad sweep,broad response,moderately distributed
moderate,high,dominant,broad sweep,broad response,highly distributed
moderate,high,dominant,broad sweep,complete response,centralized
moderate,high,dominant,broad sweep,complete response,moderately distributed
moderate,high,dominant,broad sweep,complete response,highly distributed
moderate,high,overwhelming,a few,no response,centralized
moderate,high,overwhelming,a few,no response,moderately distributed
moderate,high,overwhelming,a few,no response,highly distributed
moderate,high,overwhelming,a few,minimal response,centralized
moderate,high,overwhelming,a few,minimal response,moderately distributed
moderate,high,overwhelming,a few,minimal response,highly distributed
moderate,high,overwhelming,a few,partial response,centralized
moderate,high,overwhelming,a few,partial response,moderately distributed
moderate,high,overwhelming,a few,partial response,highly distributed
moderate,high,overwhelming,a few,widespread response,centralized
moderate,high,overwhelming,a few,widespread response,moderately distributed
moderate,high,overwhelming,a few,widespread response,highly distributed
moderate,high,overwhelming,a few,broad response,centralized
moderate,high,overwhelming,a few,broad response,moderately distributed
moderate,high,overwhelming,a few,broad response,highly distributed
moderate,high,overwhelming,a few,complete response,centralized
moderate,high,overwhelming,a few,complete response,moderately distributed
moderate,high,overwhelming,a few,complete response,highly distributed
moderate,high,overwhelming,several,no response,centralized
moderate,high,overwhelming,several,no response,moderately distributed
moderate,high,overwhelming,several,no response,highly distributed
moderate,high,overwhelming,several,minimal response,centralized
moderate,high,overwhelming,several,minimal response,moderately distributed
moderate,high,overwhelming,several,minimal response,highly distributed
moderate,high,overwhelming,several,partial response,centralized
moderate,high,overwhelming,several,partial response,moderately distributed
moderate,high,overwhelming,several,partial response,highly distributed
moderate,high,overwhelming,several,widespread response,centralized
moderate,high,overwhelming,several,widespread response,moderately distributed
moderate,high,overwhelming,several,widespread response,highly distributed
moderate,high,overwhelming,several,broad response,centralized
moderate,high,overwhelming,several,broad response,moderately distributed
moderate,high,overwhelming,several,broad response,highly distributed
moderate,high,overwhelming,several,complete response,centralized
moderate,high,overwhelming,several,complete response,moderately distributed
moderate,high,overwhelming,several,complete response,highly distributed
moderate,high,overwhelming,many,no response,centralized
moderate,high,overwhelming,many,no response,moderately distributed
moderate,high,overwhelming,many,no response,highly distributed
moderate,high,overwhelming,many,minimal response,centralized
moderate,high,overwhelming,many,minimal response,moderately distributed
moderate,high,overwhelming,many,minimal response,highly distributed
moderate,high,overwhelming,many,partial response,centralized
moderate,high,overwhelming,many,partial response,moderately distributed
moderate,high,overwhelming,many,partial response,highly distributed
moderate,high,overwhelming,many,widespread response,centralized
moderate,high,overwhelming,many,widespread response,moderately distributed
moderate,high,overwhelming,many,widespread response,highly distributed
moderate,high,overwhelming,many,broad response,centralized
moderate,high,overwhelming,many,broad response,moderately distributed
moderate,high,overwhelming,many,broad response,highly distributed
moderate,high,overwhelming,many,complete response,centralized
moderate,high,overwhelming,many,complete response,moderately distributed
moderate,high,overwhelming,many,complete response,highly distributed
moderate,high,overwhelming,broad sweep,no response,centralized
moderate,high,overwhelming,broad sweep,no response,moderately distributed
moderate,high,overwhelming,broad sweep,no response,highly distributed
moderate,high,overwhelming,broad sweep,minimal response,centralized
moderate,high,overwhelming,broad sweep,minimal response,moderately distributed
moderate,high,overwhelming,broad sweep,minimal response,highly distributed
moderate,high,overwhelming,broad sweep,partial response,centralized
moderate,high,overwhelming,broad sweep,partial response,moderately distributed
moderate,high,overwhelming,broad sweep,partial response,highly distributed
moderate,high,overwhelming,broad sweep,widespread response,centralized
moderate,high,overwhelming,broad sweep,widespread response,moderately distributed
moderate,high,overwhelming,broad sweep,widespread response,highly distributed
moderate,high,overwhelming,broad sweep,broad response,centralized
moderate,high,overwhelming,broad sweep,broad response,moderately distributed
moderate,high,overwhelming,broad sweep,broad response,highly distributed
moderate,high,overwhelming,broad sweep,complete response,centralized
moderate,high,overwhelming,broad sweep,complete response,moderately distributed
moderate,high,overwhelming,broad sweep,complete response,highly distributed
moderate,very high,minimal,a few,no response,centralized
moderate,very high,minimal,a few,no response,moderately distributed
moderate,very high,minimal,a few,no response,highly distributed
moderate,very high,minimal,a few,minimal response,centralized
moderate,very high,minimal,a few,minimal response,moderately distributed
moderate,very high,minimal,a few,minimal response,highly distributed
moderate,very high,minimal,a few,partial response,centralized
moderate,very high,minimal,a few,partial response,moderately distributed
moderate,very high,minimal,a few,partial response,highly distributed
moderate,very high,minimal,a few,widespread response,centralized
moderate,very high,minimal,a few,widespread response,moderately distributed
moderate,very high,minimal,a few,widespread response,highly distributed
moderate,very high,minimal,a few,broad response,centralized
moderate,very high,minimal,a few,broad response,moderately distributed
moderate,very high,minimal,a few,broad response,highly distributed
moderate,very high,minimal,a few,complete response,centralized
moderate,very high,minimal,a few,complete response,moderately distributed
moderate,very high,minimal,a few,complete response,highly distributed
moderate,very high,minimal,several,no response,centralized
moderate,very high,minimal,several,no response,moderately distributed
moderate,very high,minimal,several,no response,highly distributed
moderate,very high,minimal,several,minimal response,centralized
moderate,very high,minimal,several,minimal response,moderately distributed
moderate,very high,minimal,several,minimal response,highly distributed
moderate,very high,minimal,several,partial response,centralized
moderate,very high,minimal,several,partial response,moderately distributed
moderate,very high,minimal,several,partial response,highly distributed
moderate,very high,minimal,several,widespread response,centralized
moderate,very high,minimal,several,widespread response,moderately distributed
moderate,very high,minimal,several,widespread response,highly distributed
moderate,very high,minimal,several,broad response,centralized
moderate,very high,minimal,several,broad response,moderately distributed
moderate,very high,minimal,several,broad response,highly distributed
moderate,very high,minimal,several,complete response,centralized
moderate,very high,minimal,several,complete response,moderately distributed
moderate,very high,minimal,several,complete response,highly distributed
moderate,very high,minimal,many,no response,centralized
moderate,very high,minimal,many,no response,moderately distributed
moderate,very high,minimal,many,no response,highly distributed
moderate,very high,minimal,many,minimal response,centralized
moderate,very high,minimal,many,minimal response,moderately distributed
moderate,very high,minimal,many,minimal response,highly distributed
moderate,very high,minimal,many,partial response,centralized
moderate,very high,minimal,many,partial response,moderately distributed
moderate,very high,minimal,many,partial response,highly distributed
moderate,very high,minimal,many,widespread response,centralized
moderate,very high,minimal,many,widespread response,moderately distributed
moderate,very high,minimal,many,widespread response,highly distributed
moderate,very high,minimal,many,broad response,centralized
moderate,very high,minimal,many,broad response,moderately distributed
moderate,very high,minimal,many,broad response,highly distributed
moderate,very high,minimal,many,complete response,centralized
moderate,very high,minimal,many,complete response,moderately distributed
moderate,very high,minimal,many,complete response,highly distributed
moderate,very high,minimal,broad sweep,no response,centralized
moderate,very high,minimal,broad sweep,no response,moderately distributed
moderate,very high,minimal,broad sweep,no response,highly distributed
moderate,very high,minimal,broad sweep,minimal response,centralized
moderate,very high,minimal,broad sweep,minimal response,moderately distributed
moderate,very high,minimal,broad sweep,minimal response,highly distributed
moderate,very high,minimal,broad sweep,partial response,centralized
moderate,very high,minimal,broad sweep,partial response,moderately distributed
moderate,very high,minimal,broad sweep,partial response,highly distributed
moderate,very high,minimal,broad sweep,widespread response,centralized
moderate,very high,minimal,broad sweep,widespread response,moderately distributed
moderate,very high,minimal,broad sweep,widespread response,highly distributed
moderate,very high,minimal,broad sweep,broad response,centralized
moderate,very high,minimal,broad sweep,broad response,moderately distributed
moderate,very high,minimal,broad sweep,broad response,highly distributed
moderate,very high,minimal,broad sweep,complete response,centralized
moderate,very high,minimal,broad sweep,complete response,moderately distributed
moderate,very high,minimal,broad sweep,complete response,highly distributed
moderate,very high,low,a few,no response,centralized
moderate,very high,low,a few,no response,moderately distributed
moderate,very high,low,a few,no response,highly distributed
moderate,very high,low,a few,minimal response,centralized
moderate,very high,low,a few,minimal response,moderately distributed
moderate,very high,low,a few,minimal response,highly distributed
moderate,very high,low,a few,partial response,centralized
moderate,very high,low,a few,partial response,moderately distributed
moderate,very high,low,a few,partial response,highly distributed
moderate,very high,low,a few,widespread response,centralized
moderate,very high,low,a few,widespread response,moderately distributed
moderate,very high,low,a few,widespread response,highly distributed
moderate,very high,low,a few,broad response,centralized
moderate,very high,low,a few,broad response,moderately distributed
moderate,very high,low,a few,broad response,highly distributed
moderate,very high,low,a few,complete response,centralized
moderate,very high,low,a few,complete response,moderately distributed
moderate,very high,low,a few,complete response,highly distributed
moderate,very high,low,several,no response,centralized
moderate,very high,low,several,no response,moderately distributed
moderate,very high,low,several,no response,highly distributed
moderate,very high,low,several,minimal response,centralized
moderate,very high,low,several,minimal response,moderately distributed
moderate,very high,low,several,minimal response,highly distributed
moderate,very high,low,several,partial response,centralized
moderate,very high,low,several,partial response,moderately distributed
moderate,very high,low,several,partial response,highly distributed
moderate,very high,low,several,widespread response,centralized
moderate,very high,low,several,widespread response,moderately distributed
moderate,very high,low,several,widespread response,highly distributed
moderate,very high,low,several,broad response,centralized
moderate,very high,low,several,broad response,moderately distributed
moderate,very high,low,several,broad response,highly distributed
moderate,very high,low,several,complete response,centralized
moderate,very high,low,several,complete response,moderately distributed
moderate,very high,low,several,complete response,highly distributed
moderate,very high,low,many,no response,centralized
moderate,very high,low,many,no response,moderately distributed
moderate,very high,low,many,no response,highly distributed
moderate,very high,low,many,minimal response,centralized
moderate,very high,low,many,minimal response,moderately distributed
moderate,very high,low,many,minimal response,highly distributed
moderate,very high,low,many,partial response,centralized
moderate,very high,low,many,partial response,moderately distributed
moderate,very high,low,many,partial response,highly distributed
moderate,very high,low,many,widespread response,centralized
moderate,very high,low,many,widespread response,moderately distributed
moderate,very high,low,many,widespread response,highly distributed
moderate,very high,low,many,broad response,centralized
moderate,very high,low,many,broad response,moderately distributed
moderate,very high,low,many,broad response,highly distributed
moderate,very high,low,many,complete response,centralized
moderate,very high,low,many,complete response,moderately distributed
moderate,very high,low,many,complete response,highly distributed
moderate,very high,low,broad sweep,no response,centralized
moderate,very high,low,broad sweep,no response,moderately distributed
moderate,very high,low,broad sweep,no response,highly distributed
moderate,very high,low,broad sweep,minimal response,centralized
moderate,very high,low,broad sweep,minimal response,moderately distributed
moderate,very high,low,broad sweep,minimal response,highly distributed
moderate,very high,low,broad sweep,partial response,centralized
moderate,very high,low,broad sweep,partial response,moderately distributed
moderate,very high,low,broad sweep,partial response,highly distributed
moderate,very high,low,broad sweep,widespread response,centralized
moderate,very high,low,broad sweep,widespread response,moderately distributed
moderate,very high,low,broad sweep,widespread response,highly distributed
moderate,very high,low,broad sweep,broad response,centralized
moderate,very high,low,broad sweep,broad response,moderately distributed
moderate,very high,low,broad sweep,broad response,highly distributed
moderate,very high,low,broad sweep,complete response,centralized
moderate,very high,low,broad sweep,complete response,moderately distributed
moderate,very high,low,broad sweep,complete response,highly distributed
moderate,very high,moderate,a few,no response,centralized
moderate,very high,moderate,a few,no response,moderately distributed
moderate,very high,moderate,a few,no response,highly distributed
moderate,very high,moderate,a few,minimal response,centralized
moderate,very high,moderate,a few,minimal response,moderately distributed
moderate,very high,moderate,a few,minimal response,highly distributed
moderate,very high,moderate,a few,partial response,centralized
moderate,very high,moderate,a few,partial response,moderately distributed
moderate,very high,moderate,a few,partial response,highly distributed
moderate,very high,moderate,a few,widespread response,centralized
moderate,very high,moderate,a few,widespread response,moderately distributed
moderate,very high,moderate,a few,widespread response,highly distributed
moderate,very high,moderate,a few,broad response,centralized
moderate,very high,moderate,a few,broad response,moderately distributed
moderate,very high,moderate,a few,broad response,highly distributed
moderate,very high,moderate,a few,complete response,centralized
moderate,very high,moderate,a few,complete response,moderately distributed
moderate,very high,moderate,a few,complete response,highly distributed
moderate,very high,moderate,several,no response,centralized
moderate,very high,moderate,several,no response,moderately distributed
moderate,very high,moderate,several,no response,highly distributed
moderate,very high,moderate,several,minimal response,centralized
moderate,very high,moderate,several,minimal response,moderately distributed
moderate,very high,moderate,several,minimal response,highly distributed
moderate,very high,moderate,several,partial response,centralized
moderate,very high,moderate,several,partial response,moderately distributed
moderate,very high,moderate,several,partial response,highly distributed
moderate,very high,moderate,several,widespread response,centralized
moderate,very high,moderate,several,widespread response,moderately distributed
moderate,very high,moderate,several,widespread response,highly distributed
moderate,very high,moderate,several,broad response,centralized
moderate,very high,moderate,several,broad response,moderately distributed
moderate,very high,moderate,several,broad response,highly distributed
moderate,very high,moderate,several,complete response,centralized
moderate,very high,moderate,several,complete response,moderately distributed
moderate,very high,moderate,several,complete response,highly distributed
moderate,very high,moderate,many,no response,centralized
moderate,very high,moderate,many,no response,moderately distributed
moderate,very high,moderate,many,no response,highly distributed
moderate,very high,moderate,many,minimal response,centralized
moderate,very high,moderate,many,minimal response,moderately distributed
moderate,very high,moderate,many,minimal response,highly distributed
moderate,very high,moderate,many,partial response,centralized
moderate,very high,moderate,many,partial response,moderately distributed
moderate,very high,moderate,many,partial response,highly distributed
moderate,very high,moderate,many,widespread response,centralized
moderate,very high,moderate,many,widespread response,moderately distributed
moderate,very high,moderate,many,widespread response,highly distributed
moderate,very high,moderate,many,broad response,centralized
moderate,very high,moderate,many,broad response,moderately distributed
moderate,very high,moderate,many,broad response,highly distributed
moderate,very high,moderate,many,complete response,centralized
moderate,very high,moderate,many,complete response,moderately distributed
moderate,very high,moderate,many,complete response,highly distributed
moderate,very high,moderate,broad sweep,no response,centralized
moderate,very high,moderate,broad sweep,no response,moderately distributed
moderate,very high,moderate,broad sweep,no response,highly distributed
moderate,very high,moderate,broad sweep,minimal response,centralized
moderate,very high,moderate,broad sweep,minimal response,moderately distributed
moderate,very high,moderate,broad sweep,minimal response,highly distributed
moderate,very high,moderate,broad sweep,partial response,centralized
moderate,very high,moderate,broad sweep,partial response,moderately distributed
moderate,very high,moderate,broad sweep,partial response,highly distributed
moderate,very high,moderate,broad sweep,widespread response,centralized
moderate,very high,moderate,broad sweep,widespread response,moderately distributed
moderate,very high,moderate,broad sweep,widespread response,highly distributed
moderate,very high,moderate,broad sweep,broad response,centralized
moderate,very high,moderate,broad sweep,broad response,moderately distributed
moderate,very high,moderate,broad sweep,broad response,highly distributed
moderate,very high,moderate,broad sweep,complete response,centralized
moderate,very high,moderate,broad sweep,complete response,moderately distributed
moderate,very high,moderate,broad sweep,complete response,highly distributed
moderate,very high,dominant,a few,no response,centralized
moderate,very high,dominant,a few,no response,moderately distributed
moderate,very high,dominant,a few,no response,highly distributed
moderate,very high,dominant,a few,minimal response,centralized
moderate,very high,dominant,a few,minimal response,moderately distributed
moderate,very high,dominant,a few,minimal response,highly distributed
moderate,very high,dominant,a few,partial response,centralized
moderate,very high,dominant,a few,partial response,moderately distributed
moderate,very high,dominant,a few,partial response,highly distributed
moderate,very high,dominant,a few,widespread response,centralized
moderate,very high,dominant,a few,widespread response,moderately distributed
moderate,very high,dominant,a few,widespread response,highly distributed
moderate,very high,dominant,a few,broad response,centralized
moderate,very high,dominant,a few,broad response,moderately distributed
moderate,very high,dominant,a few,broad response,highly distributed
moderate,very high,dominant,a few,complete response,centralized
moderate,very high,dominant,a few,complete response,moderately distributed
moderate,very high,dominant,a few,complete response,highly distributed
moderate,very high,dominant,several,no response,centralized
moderate,very high,dominant,several,no response,moderately distributed
moderate,very high,dominant,several,no response,highly distributed
moderate,very high,dominant,several,minimal response,centralized
moderate,very high,dominant,several,minimal response,moderately distributed
moderate,very high,dominant,several,minimal response,highly distributed
moderate,very high,dominant,several,partial response,centralized
moderate,very high,dominant,several,partial response,moderately distributed
moderate,very high,dominant,several,partial response,highly distributed
moderate,very high,dominant,several,widespread response,centralized
moderate,very high,dominant,several,widespread response,moderately distributed
moderate,very high,dominant,several,widespread response,highly distributed
moderate,very high,dominant,several,broad response,centralized
moderate,very high,dominant,several,broad response,moderately distributed
moderate,very high,dominant,several,broad response,highly distributed
moderate,very high,dominant,several,complete response,centralized
moderate,very high,dominant,several,complete response,moderately distributed
moderate,very high,dominant,several,complete response,highly distributed
moderate,very high,dominant,many,no response,centralized
moderate,very high,dominant,many,no response,moderately distributed
moderate,very high,dominant,many,no response,highly distributed
moderate,very high,dominant,many,minimal response,centralized
moderate,very high,dominant,many,minimal response,moderately distributed
moderate,very high,dominant,many,minimal response,highly distributed
moderate,very high,dominant,many,partial response,centralized
moderate,very high,dominant,many,partial response,moderately distributed
moderate,very high,dominant,many,partial response,highly distributed
moderate,very high,dominant,many,widespread response,centralized
moderate,very high,dominant,many,widespread response,moderately distributed
moderate,very high,dominant,many,widespread response,highly distributed
moderate,very high,dominant,many,broad response,centralized
moderate,very high,dominant,many,broad response,moderately distributed
moderate,very high,dominant,many,broad response,highly distributed
moderate,very high,dominant,many,complete response,centralized
moderate,very high,dominant,many,complete response,moderately distributed
moderate,very high,dominant,many,complete response,highly distributed
moderate,very high,dominant,broad sweep,no response,centralized
moderate,very high,dominant,broad sweep,no response,moderately distributed
moderate,very high,dominant,broad sweep,no response,highly distributed
moderate,very high,dominant,broad sweep,minimal response,centralized
moderate,very high,dominant,broad sweep,minimal response,moderately distributed
moderate,very high,dominant,broad sweep,minimal response,highly distributed
moderate,very high,dominant,broad sweep,partial response,centralized
moderate,very high,dominant,broad sweep,partial response,moderately distributed
moderate,very high,dominant,broad sweep,partial response,highly distributed
moderate,very high,dominant,broad sweep,widespread response,centralized
moderate,very high,dominant,broad sweep,widespread response,moderately distributed
moderate,very high,dominant,broad sweep,widespread response,highly distributed
moderate,very high,dominant,broad sweep,broad response,centralized
moderate,very high,dominant,broad sweep,broad response,moderately distributed
moderate,very high,dominant,broad sweep,broad response,highly distributed
moderate,very high,dominant,broad sweep,complete response,centralized
moderate,very high,dominant,broad sweep,complete response,moderately distributed
moderate,very high,dominant,broad sweep,complete response,highly distributed
moderate,very high,overwhelming,a few,no response,centralized
moderate,very high,overwhelming,a few,no response,moderately distributed
moderate,very high,overwhelming,a few,no response,highly distributed
moderate,very high,overwhelming,a few,minimal response,centralized
moderate,very high,overwhelming,a few,minimal response,moderately distributed
moderate,very high,overwhelming,a few,minimal response,highly distributed
moderate,very high,overwhelming,a few,partial response,centralized
moderate,very high,overwhelming,a few,partial response,moderately distributed
moderate,very high,overwhelming,a few,partial response,highly distributed
moderate,very high,overwhelming,a few,widespread response,centralized
moderate,very high,overwhelming,a few,widespread response,moderately distributed
moderate,very high,overwhelming,a few,widespread response,highly distributed
moderate,very high,overwhelming,a few,broad response,centralized
moderate,very high,overwhelming,a few,broad response,moderately distributed
moderate,very high,overwhelming,a few,broad response,highly distributed
moderate,very high,overwhelming,a few,complete response,centralized
moderate,very high,overwhelming,a few,complete response,moderately distributed
moderate,very high,overwhelming,a few,complete response,highly distributed
moderate,very high,overwhelming,several,no response,centralized
moderate,very high,overwhelming,several,no response,moderately distributed
moderate,very high,overwhelming,several,no response,highly distributed
moderate,very high,overwhelming,several,minimal response,centralized
moderate,very high,overwhelming,several,minimal response,moderately distributed
moderate,very high,overwhelming,several,minimal response,highly distributed
moderate,very high,overwhelming,several,partial response,centralized
moderate,very high,overwhelming,several,partial response,moderately distributed
moderate,very high,overwhelming,several,partial response,highly distributed
moderate,very high,overwhelming,several,widespread response,centralized
moderate,very high,overwhelming,several,widespread response,moderately distributed
moderate,very high,overwhelming,several,widespread response,highly distributed
moderate,very high,overwhelming,several,broad response,centralized
moderate,very high,overwhelming,several,broad response,moderately distributed
moderate,very high,overwhelming,several,broad response,highly distributed
moderate,very high,overwhelming,several,complete response,centralized
moderate,very high,overwhelming,several,complete response,moderately distributed
moderate,very high,overwhelming,several,complete response,highly distributed
moderate,very high,overwhelming,many,no response,centralized
moderate,very high,overwhelming,many,no response,moderately distributed
moderate,very high,overwhelming,many,no response,highly distributed
moderate,very high,overwhelming,many,minimal response,centralized
moderate,very high,overwhelming,many,minimal response,moderately distributed
moderate,very high,overwhelming,many,minimal response,highly distributed
moderate,very high,overwhelming,many,partial response,centralized
moderate,very high,overwhelming,many,partial response,moderately distributed
moderate,very high,overwhelming,many,partial response,highly distributed
moderate,very high,overwhelming,many,widespread response,centralized
moderate,very high,overwhelming,many,widespread response,moderately distributed
moderate,very high,overwhelming,many,widespread response,highly distributed
moderate,very high,overwhelming,many,broad response,centralized
moderate,very high,overwhelming,many,broad response,moderately distributed
moderate,very high,overwhelming,many,broad response,highly distributed
moderate,very high,overwhelming,many,complete response,centralized
moderate,very high,overwhelming,many,complete response,moderately distributed
moderate,very high,overwhelming,many,complete response,highly distributed
moderate,very high,overwhelming,broad sweep,no response,centralized
moderate,very high,overwhelming,broad sweep,no response,moderately distributed
moderate,very high,overwhelming,broad sweep,no response,highly distributed
moderate,very high,overwhelming,broad sweep,minimal response,centralized
moderate,very high,overwhelming,broad sweep,minimal response,moderately distributed
moderate,very high,overwhelming,broad sweep,minimal response,highly distributed
moderate,very high,overwhelming,broad sweep,partial response,centralized
moderate,very high,overwhelming,broad sweep,partial response,moderately distributed
moderate,very high,overwhelming,broad sweep,partial response,highly distributed
moderate,very high,overwhelming,broad sweep,widespread response,centralized
moderate,very high,overwhelming,broad sweep,widespread response,moderately distributed
moderate,very high,overwhelming,broad sweep,widespread response,highly distributed
moderate,very high,overwhelming,broad sweep,broad response,centralized
moderate,very high,overwhelming,broad sweep,broad response,moderately distributed
moderate,very high,overwhelming,broad sweep,broad response,highly distributed
moderate,very high,overwhelming,broad sweep,complete response,centralized
moderate,very high,overwhelming,broad sweep,complete response,moderately distributed
moderate,very high,overwhelming,broad sweep,complete response,highly distributed
long,very low,minimal,a few,no response,centralized
long,very low,minimal,a few,no response,moderately distributed
long,very low,minimal,a few,minimal response,centralized
long,very low,minimal,a few,minimal response,moderately distributed
long,very low,minimal,a few,partial response,centralized
long,very low,minimal,a few,partial response,moderately distributed
long,very low,minimal,a few,widespread response,centralized
long,very low,minimal,a few,widespread response,moderately distributed
long,very low,minimal,a few,broad response,centralized
long,very low,minimal,a few,broad response,moderately distributed
long,very low,minimal,a few,complete response,centralized
long,very low,minimal,a few,complete response,moderately distributed
long,very low,minimal,several,no response,centralized
long,very low,minimal,several,no response,moderately distributed
long,very low,minimal,several,minimal response,centralized
long,very low,minimal,several,minimal response,moderately distributed
long,very low,minimal,several,partial response,centralized
long,very low,minimal,several,partial response,moderately distributed
long,very low,minimal,several,widespread response,centralized
long,very low,minimal,several,widespread response,moderately distributed
long,very low,minimal,several,broad response,centralized
long,very low,minimal,several,broad response,moderately distributed
long,very low,minimal,several,complete response,centralized
long,very low,minimal,several,complete response,moderately distributed
long,very low,minimal,many,no response,centralized
long,very low,minimal,many,no response,moderately distributed
long,very low,minimal,many,minimal response,centralized
long,very low,minimal,many,minimal response,moderately distributed
long,very low,minimal,many,partial response,centralized
long,very low,minimal,many,partial response,moderately distributed
long,very low,minimal,many,widespread response,centralized
long,very low,minimal,many,widespread response,moderately distributed
long,very low,minimal,many,broad response,centralized
long,very low,minimal,many,broad response,moderately distributed
long,very low,minimal,many,complete response,centralized
long,very low,minimal,many,complete response,moderately distributed
long,very low,minimal,broad sweep,no response,centralized
long,very low,minimal,broad sweep,no response,moderately distributed
long,very low,minimal,broad sweep,no response,highly distributed
long,very low,minimal,broad sweep,minimal response,centralized
long,very low,minimal,broad sweep,minimal response,moderately distributed
long,very low,minimal,broad sweep,minimal response,highly distributed
long,very low,minimal,broad sweep,partial response,centralized
long,very low,minimal,broad sweep,partial response,moderately distributed
long,very low,minimal,broad sweep,partial response,highly distributed
long,very low,minimal,broad sweep,widespread response,centralized
long,very low,minimal,broad sweep,widespread response,moderately distributed
long,very low,minimal,broad sweep,widespread response,highly distributed
long,very low,minimal,broad sweep,broad response,centralized
long,very low,minimal,broad sweep,broad response,moderately distributed
long,very low,minimal,broad sweep,broad response,highly distributed
long,very low,minimal,broad sweep,complete response,centralized
long,very low,minimal,broad sweep,complete response,moderately distributed
long,very low,minimal,broad sweep,complete response,highly distributed
long,very low,low,a few,no response,centralized
long,very low,low,a few,no response,moderately distributed
long,very low,low,a few,minimal response,centralized
long,very low,low,a few,minimal response,moderately distributed
long,very low,low,a few,partial response,centralized
long,very low,low,a few,partial response,moderately distributed
long,very low,low,a few,widespread response,centralized
long,very low,low,a few,widespread response,moderately distributed
long,very low,low,a few,broad response,centralized
long,very low,low,a few,broad response,moderately distributed
long,very low,low,a few,complete response,centralized
long,very low,low,a few,complete response,moderately distributed
long,very low,low,several,no response,centralized
long,very low,low,several,no response,moderately distributed
long,very low,low,several,minimal response,centralized
long,very low,low,several,minimal response,moderately distributed
long,very low,low,several,partial response,centralized
long,very low,low,several,partial response,moderately distributed
long,very low,low,several,widespread response,centralized
long,very low,low,several,widespread response,moderately distributed
long,very low,low,several,broad response,centralized
long,very low,low,several,broad response,moderately distributed
long,very low,low,several,complete response,centralized
long,very low,low,several,complete response,moderately distributed
long,very low,low,many,no response,centralized
long,very low,low,many,no response,moderately distributed
long,very low,low,many,minimal response,centralized
long,very low,low,many,minimal response,moderately distributed
long,very low,low,many,partial response,centralized
long,very low,low,many,partial response,moderately distributed
long,very low,low,many,widespread response,centralized
long,very low,low,many,widespread response,moderately distributed
long,very low,low,many,broad response,centralized
long,very low,low,many,broad response,moderately distributed
long,very low,low,many,complete response,centralized
long,very low,low,many,complete response,moderately distributed
long,very low,low,broad sweep,no response,centralized
long,very low,low,broad sweep,no response,moderately distributed
long,very low,low,broad sweep,no response,highly distributed
long,very low,low,broad sweep,minimal response,centralized
long,very low,low,broad sweep,minimal response,moderately distributed
long,very low,low,broad sweep,minimal response,highly distributed
long,very low,low,broad sweep,partial response,centralized
long,very low,low,broad sweep,partial response,moderately distributed
long,very low,low,broad sweep,partial response,highly distributed
long,very low,low,broad sweep,widespread response,centralized
long,very low,low,broad sweep,widespread response,moderately distributed
long,very low,low,broad sweep,widespread response,highly distributed
long,very low,low,broad sweep,broad response,centralized
long,very low,low,broad sweep,broad response,moderately distributed
long,very low,low,broad sweep,broad response,highly distributed
long,very low,low,broad sweep,complete response,centralized
long,very low,low,broad sweep,complete response,moderately distributed
long,very low,low,broad sweep,complete response,highly distributed
long,very low,moderate,a few,no response,centralized
long,very low,moderate,a few,no response,moderately distributed
long,very low,moderate,a few,minimal response,centralized
long,very low,moderate,a few,minimal response,moderately distributed
long,very low,moderate,a few,partial response,centralized
long,very low,moderate,a few,partial response,moderately distributed
long,very low,moderate,a few,widespread response,centralized
long,very low,moderate,a few,widespread response,moderately distributed
long,very low,moderate,a few,broad response,centralized
long,very low,moderate,a few,broad response,moderately distributed
long,very low,moderate,a few,complete response,centralized
long,very low,moderate,a few,complete response,moderately distributed
long,very low,moderate,several,no response,centralized
long,very low,moderate,several,no response,moderately distributed
long,very low,moderate,several,minimal response,centralized
long,very low,moderate,several,minimal response,moderately distributed
long,very low,moderate,several,partial response,centralized
long,very low,moderate,several,partial response,moderately distributed
long,very low,moderate,several,widespread response,centralized
long,very low,moderate,several,widespread response,moderately distributed
long,very low,moderate,several,broad response,centralized
long,very low,moderate,several,broad response,moderately distributed
long,very low,moderate,several,complete response,centralized
long,very low,moderate,several,complete response,moderately distributed
long,very low,moderate,many,no response,centralized
long,very low,moderate,many,no response,moderately distributed
long,very low,moderate,many,minimal response,centralized
long,very low,moderate,many,minimal response,moderately distributed
long,very low,moderate,many,partial response,centralized
long,very low,moderate,many,partial response,moderately distributed
long,very low,moderate,many,widespread response,centralized
long,very low,moderate,many,widespread response,moderately distributed
long,very low,moderate,many,broad response,centralized
long,very low,moderate,many,broad response,moderately distributed
long,very low,moderate,many,complete response,centralized
long,very low,moderate,many,complete response,moderately distributed
long,very low,moderate,broad sweep,no response,centralized
long,very low,moderate,broad sweep,no response,moderately distributed
long,very low,moderate,broad sweep,no response,highly distributed
long,very low,moderate,broad sweep,minimal response,centralized
long,very low,moderate,broad sweep,minimal response,moderately distributed
long,very low,moderate,broad sweep,minimal response,highly distributed
long,very low,moderate,broad sweep,partial response,centralized
long,very low,moderate,broad sweep,partial response,moderately distributed
long,very low,moderate,broad sweep,partial response,highly distributed
long,very low,moderate,broad sweep,widespread response,centralized
long,very low,moderate,broad sweep,widespread response,moderately distributed
long,very low,moderate,broad sweep,widespread response,highly distributed
long,very low,moderate,broad sweep,broad response,centralized
long,very low,moderate,broad sweep,broad response,moderately distributed
long,very low,moderate,broad sweep,broad response,highly distributed
long,very low,moderate,broad sweep,complete response,centralized
long,very low,moderate,broad sweep,complete response,moderately distributed
long,very low,moderate,broad sweep,complete response,highly distributed
long,low,minimal,a few,no response,centralized
long,low,minimal,a few,no response,moderately distributed
long,low,minimal,a few,no response,highly distributed
long,low,minimal,a few,minimal response,centralized
long,low,minimal,a few,minimal response,moderately distributed
long,low,minimal,a few,minimal response,highly distributed
long,low,minimal,a few,partial response,centralized
long,low,minimal,a few,partial response,moderately distributed
long,low,minimal,a few,partial response,highly distributed
long,low,minimal,a few,widespread response,centralized
long,low,minimal,a few,widespread response,moderately distributed
long,low,minimal,a few,widespread response,highly distributed
long,low,minimal,a few,broad response,centralized
long,low,minimal,a few,broad response,moderately distributed
long,low,minimal,a few,broad response,highly distributed
long,low,minimal,a few,complete response,centralized
long,low,minimal,a few,complete response,moderately distributed
long,low,minimal,a few,complete response,highly distributed
long,low,minimal,several,no response,centralized
long,low,minimal,several,no response,moderately distributed
long,low,minimal,several,no response,highly distributed
long,low,minimal,several,minimal response,centralized
long,low,minimal,several,minimal response,moderately distributed
long,low,minimal,several,minimal response,highly distributed
long,low,minimal,several,partial response,centralized
long,low,minimal,several,partial response,moderately distributed
long,low,minimal,several,partial response,highly distributed
long,low,minimal,several,widespread response,centralized
long,low,minimal,several,widespread response,moderately distributed
long,low,minimal,several,widespread response,highly distributed
long,low,minimal,several,broad response,centralized
long,low,minimal,several,broad response,moderately distributed
long,low,minimal,several,broad response,highly distributed
long,low,minimal,several,complete response,centralized
long,low,minimal,several,complete response,moderately distributed
long,low,minimal,several,complete response,highly distributed
long,low,minimal,many,no response,centralized
long,low,minimal,many,no response,moderately distributed
long,low,minimal,many,no response,highly distributed
long,low,minimal,many,minimal response,centralized
long,low,minimal,many,minimal response,moderately distributed
long,low,minimal,many,minimal response,highly distributed
long,low,minimal,many,partial response,centralized
long,low,minimal,many,partial response,moderately distributed
long,low,minimal,many,partial response,highly distributed
long,low,minimal,many,widespread response,centralized
long,low,minimal,many,widespread response,moderately distributed
long,low,minimal,many,widespread response,highly distributed
long,low,minimal,many,broad response,centralized
long,low,minimal,many,broad response,moderately distributed
long,low,minimal,many,broad response,highly distributed
long,low,minimal,many,complete response,centralized
long,low,minimal,many,complete response,moderately distributed
long,low,minimal,many,complete response,highly distributed
long,low,minimal,broad sweep,no response,centralized
long,low,minimal,broad sweep,no response,moderately distributed
long,low,minimal,broad sweep,no response,highly distributed
long,low,minimal,broad sweep,minimal response,centralized
long,low,minimal,broad sweep,minimal response,moderately distributed
long,low,minimal,broad sweep,minimal response,highly distributed
long,low,minimal,broad sweep,partial response,centralized
long,low,minimal,broad sweep,partial response,moderately distributed
long,low,minimal,broad sweep,partial response,highly distributed
long,low,minimal,broad sweep,widespread response,centralized
long,low,minimal,broad sweep,widespread response,moderately distributed
long,low,minimal,broad sweep,widespread response,highly distributed
long,low,minimal,broad sweep,broad response,centralized
long,low,minimal,broad sweep,broad response,moderately distributed
long,low,minimal,broad sweep,broad response,highly distributed
long,low,minimal,broad sweep,complete response,centralized
long,low,minimal,broad sweep,complete response,moderately distributed
long,low,minimal,broad sweep,complete response,highly distributed
long,low,low,a few,no response,centralized
long,low,low,a few,no response,moderately distributed
long,low,low,a few,no response,highly distributed
long,low,low,a few,minimal response,centralized
long,low,low,a few,minimal response,moderately distributed
long,low,low,a few,minimal response,highly distributed
long,low,low,a few,partial response,centralized
long,low,low,a few,partial response,moderately distributed
long,low,low,a few,partial response,highly distributed
long,low,low,a few,widespread response,centralized
long,low,low,a few,widespread response,moderately distributed
long,low,low,a few,widespread response,highly distributed
long,low,low,a few,broad response,centralized
long,low,low,a few,broad response,moderately distributed
long,low,low,a few,broad response,highly distributed
long,low,low,a few,complete response,centralized
long,low,low,a few,complete response,moderately distributed
long,low,low,a few,complete response,highly distributed
long,low,low,several,no response,centralized
long,low,low,several,no response,moderately distributed
long,low,low,several,no response,highly distributed
long,low,low,several,minimal response,centralized
long,low,low,several,minimal response,moderately distributed
long,low,low,several,minimal response,highly distributed
long,low,low,several,partial response,centralized
long,low,low,several,partial response,moderately distributed
long,low,low,several,partial response,highly distributed
long,low,low,several,widespread response,centralized
long,low,low,several,widespread response,moderately distributed
long,low,low,several,widespread response,highly distributed
long,low,low,several,broad response,centralized
long,low,low,several,broad response,moderately distributed
long,low,low,several,broad response,highly distributed
long,low,low,several,complete response,centralized
long,low,low,several,complete response,moderately distributed
long,low,low,several,complete response,highly distributed
long,low,low,many,no response,centralized
long,low,low,many,no response,moderately distributed
long,low,low,many,no response,highly distributed
long,low,low,many,minimal response,centralized
long,low,low,many,minimal response,moderately distributed
long,low,low,many,minimal response,highly distributed
long,low,low,many,partial response,centralized
long,low,low,many,partial response,moderately distributed
long,low,low,many,partial response,highly distributed
long,low,low,many,widespread response,centralized
long,low,low,many,widespread response,moderately distributed
long,low,low,many,widespread response,highly distributed
long,low,low,many,broad response,centralized
long,low,low,many,broad response,moderately distributed
long,low,low,many,broad response,highly distributed
long,low,low,many,complete response,centralized
long,low,low,many,complete response,moderately distributed
long,low,low,many,complete response,highly distributed
long,low,low,broad sweep,no response,centralized
long,low,low,broad sweep,no response,moderately distributed
long,low,low,broad sweep,no response,highly distributed
long,low,low,broad sweep,minimal response,centralized
long,low,low,broad sweep,minimal response,moderately distributed
long,low,low,broad sweep,minimal response,highly distributed
long,low,low,broad sweep,partial response,centralized
long,low,low,broad sweep,partial response,moderately distributed
long,low,low,broad sweep,partial response,highly distributed
long,low,low,broad sweep,widespread response,centralized
long,low,low,broad sweep,widespread response,moderately distributed
long,low,low,broad sweep,widespread response,highly distributed
long,low,low,broad sweep,broad response,centralized
long,low,low,broad sweep,broad response,moderately distributed
long,low,low,broad sweep,broad response,highly distributed
long,low,low,broad sweep,complete response,centralized
long,low,low,broad sweep,complete response,moderately distributed
long,low,low,broad sweep,complete response,highly distributed
long,low,moderate,a few,no response,centralized
long,low,moderate,a few,no response,moderately distributed
long,low,moderate,a few,no response,highly distributed
long,low,moderate,a few,minimal response,centralized
long,low,moderate,a few,minimal response,moderately distributed
long,low,moderate,a few,minimal response,highly distributed
long,low,moderate,a few,partial response,centralized
long,low,moderate,a few,partial response,moderately distributed
long,low,moderate,a few,partial response,highly distributed
long,low,moderate,a few,widespread response,centralized
long,low,moderate,a few,widespread response,moderately distributed
long,low,moderate,a few,widespread response,highly distributed
long,low,moderate,a few,broad response,centralized
long,low,moderate,a few,broad response,moderately distributed
long,low,moderate,a few,broad response,highly distributed
long,low,moderate,a few,complete response,centralized
long,low,moderate,a few,complete response,moderately distributed
long,low,moderate,a few,complete response,highly distributed
long,low,moderate,several,no response,centralized
long,low,moderate,several,no response,moderately distributed
long,low,moderate,several,no response,highly distributed
long,low,moderate,several,minimal response,centralized
long,low,moderate,several,minimal response,moderately distributed
long,low,moderate,several,minimal response,highly distributed
long,low,moderate,several,partial response,centralized
long,low,moderate,several,partial response,moderately distributed
long,low,moderate,several,partial response,highly distributed
long,low,moderate,several,widespread response,centralized
long,low,moderate,several,widespread response,moderately distributed
long,low,moderate,several,widespread response,highly distributed
long,low,moderate,several,broad response,centralized
long,low,moderate,several,broad response,moderately distributed
long,low,moderate,several,broad response,highly distributed
long,low,moderate,several,complete response,centralized
long,low,moderate,several,complete response,moderately distributed
long,low,moderate,several,complete response,highly distributed
long,low,moderate,many,no response,centralized
long,low,moderate,many,no response,moderately distributed
long,low,moderate,many,no response,highly distributed
long,low,moderate,many,minimal response,centralized
long,low,moderate,many,minimal response,moderately distributed
long,low,moderate,many,minimal response,highly distributed
long,low,moderate,many,partial response,centralized
long,low,moderate,many,partial response,moderately distributed
long,low,moderate,many,partial response,highly distributed
long,low,moderate,many,widespread response,centralized
long,low,moderate,many,widespread response,moderately distributed
long,low,moderate,many,widespread response,highly distributed
long,low,moderate,many,broad response,centralized
long,low,moderate,many,broad response,moderately distributed
long,low,moderate,many,broad response,highly distributed
long,low,moderate,many,complete response,centralized
long,low,moderate,many,complete response,moderately distributed
long,low,moderate,many,complete response,highly distributed
long,low,moderate,broad sweep,no response,centralized
long,low,moderate,broad sweep,no response,moderately distributed
long,low,moderate,broad sweep,no response,highly distributed
long,low,moderate,broad sweep,minimal response,centralized
long,low,moderate,broad sweep,minimal response,moderately distributed
long,low,moderate,broad sweep,minimal response,highly distributed
long,low,moderate,broad sweep,partial response,centralized
long,low,moderate,broad sweep,partial response,moderately distributed
long,low,moderate,broad sweep,partial response,highly distributed
long,low,moderate,broad sweep,widespread response,centralized
long,low,moderate,broad sweep,widespread response,moderately distributed
long,low,moderate,broad sweep,widespread response,highly distributed
long,low,moderate,broad sweep,broad response,centralized
long,low,moderate,broad sweep,broad response,moderately distributed
long,low,moderate,broad sweep,broad response,highly distributed
long,low,moderate,broad sweep,complete response,centralized
long,low,moderate,broad sweep,complete response,moderately distributed
long,low,moderate,broad sweep,complete response,highly distributed
long,low,dominant,a few,no response,centralized
long,low,dominant,a few,no response,moderately distributed
long,low,dominant,a few,no response,highly distributed
long,low,dominant,a few,minimal response,centralized
long,low,dominant,a few,minimal response,moderately distributed
long,low,dominant,a few,minimal response,highly distributed
long,low,dominant,a few,partial response,centralized
long,low,dominant,a few,partial response,moderately distributed
long,low,dominant,a few,partial response,highly distributed
long,low,dominant,a few,widespread response,centralized
long,low,dominant,a few,widespread response,moderately distributed
long,low,dominant,a few,widespread response,highly distributed
long,low,dominant,a few,broad response,centralized
long,low,dominant,a few,broad response,moderately distributed
long,low,dominant,a few,broad response,highly distributed
long,low,dominant,a few,complete response,centralized
long,low,dominant,a few,complete response,moderately distributed
long,low,dominant,a few,complete response,highly distributed
long,low,dominant,several,no response,centralized
long,low,dominant,several,no response,moderately distributed
long,low,dominant,several,no response,highly distributed
long,low,dominant,several,minimal response,centralized
long,low,dominant,several,minimal response,moderately distributed
long,low,dominant,several,minimal response,highly distributed
long,low,dominant,several,partial response,centralized
long,low,dominant,several,partial response,moderately distributed
long,low,dominant,several,partial response,highly distributed
long,low,dominant,several,widespread response,centralized
long,low,dominant,several,widespread response,moderately distributed
long,low,dominant,several,widespread response,highly distributed
long,low,dominant,several,broad response,centralized
long,low,dominant,several,broad response,moderately distributed
long,low,dominant,several,broad response,highly distributed
long,low,dominant,several,complete response,centralized
long,low,dominant,several,complete response,moderately distributed
long,low,dominant,several,complete response,highly distributed
long,low,dominant,many,no response,centralized
long,low,dominant,many,no response,moderately distributed
long,low,dominant,many,no response,highly distributed
long,low,dominant,many,minimal response,centralized
long,low,dominant,many,minimal response,moderately distributed
long,low,dominant,many,minimal response,highly distributed
long,low,dominant,many,partial response,centralized
long,low,dominant,many,partial response,moderately distributed
long,low,dominant,many,partial response,highly distributed
long,low,dominant,many,widespread response,centralized
long,low,dominant,many,widespread response,moderately distributed
long,low,dominant,many,widespread response,highly distributed
long,low,dominant,many,broad response,centralized
long,low,dominant,many,broad response,moderately distributed
long,low,dominant,many,broad response,highly distributed
long,low,dominant,many,complete response,centralized
long,low,dominant,many,complete response,moderately distributed
long,low,dominant,many,complete response,highly distributed
long,low,dominant,broad sweep,no response,centralized
long,low,dominant,broad sweep,no response,moderately distributed
long,low,dominant,broad sweep,no response,highly distributed
long,low,dominant,broad sweep,minimal response,centralized
long,low,dominant,broad sweep,minimal response,moderately distributed
long,low,dominant,broad sweep,minimal response,highly distributed
long,low,dominant,broad sweep,partial response,centralized
long,low,dominant,broad sweep,partial response,moderately distributed
long,low,dominant,broad sweep,partial response,highly distributed
long,low,dominant,broad sweep,widespread response,centralized
long,low,dominant,broad sweep,widespread response,moderately distributed
long,low,dominant,broad sweep,widespread response,highly distributed
long,low,dominant,broad sweep,broad response,centralized
long,low,dominant,broad sweep,broad response,moderately distributed
long,low,dominant,broad sweep,broad response,highly distributed
long,low,dominant,broad sweep,complete response,centralized
long,low,dominant,broad sweep,complete response,moderately distributed
long,low,dominant,broad sweep,complete response,highly distributed
long,low,overwhelming,a few,no response,centralized
long,low,overwhelming,a few,no response,moderately distributed
long,low,overwhelming,a few,no response,highly distributed
long,low,overwhelming,a few,minimal response,centralized
long,low,overwhelming,a few,minimal response,moderately distributed
long,low,overwhelming,a few,minimal response,highly distributed
long,low,overwhelming,a few,partial response,centralized
long,low,overwhelming,a few,partial response,moderately distributed
long,low,overwhelming,a few,partial response,highly distributed
long,low,overwhelming,a few,widespread response,centralized
long,low,overwhelming,a few,widespread response,moderately distributed
long,low,overwhelming,a few,widespread response,highly distributed
long,low,overwhelming,a few,broad response,centralized
long,low,overwhelming,a few,broad response,moderately distributed
long,low,overwhelming,a few,broad response,highly distributed
long,low,overwhelming,a few,complete response,centralized
long,low,overwhelming,a few,complete response,moderately distributed
long,low,overwhelming,a few,complete response,highly distributed
long,low,overwhelming,several,no response,centralized
long,low,overwhelming,several,no response,moderately distributed
long,low,overwhelming,several,no response,highly distributed
long,low,overwhelming,several,minimal response,centralized
long,low,overwhelming,several,minimal response,moderately distributed
long,low,overwhelming,several,minimal response,highly distributed
long,low,overwhelming,several,partial response,centralized
long,low,overwhelming,several,partial response,moderately distributed
long,low,overwhelming,several,partial response,highly distributed
long,low,overwhelming,several,widespread response,centralized
long,low,overwhelming,several,widespread response,moderately distributed
long,low,overwhelming,several,widespread response,highly distributed
long,low,overwhelming,several,broad response,centralized
long,low,overwhelming,several,broad response,moderately distributed
long,low,overwhelming,several,broad response,highly distributed
long,low,overwhelming,several,complete response,centralized
long,low,overwhelming,several,complete response,moderately distributed
long,low,overwhelming,several,complete response,highly distributed
long,low,overwhelming,many,no response,centralized
long,low,overwhelming,many,no response,moderately distributed
long,low,overwhelming,many,no response,highly distributed
long,low,overwhelming,many,minimal response,centralized
long,low,overwhelming,many,minimal response,moderately distributed
long,low,overwhelming,many,minimal response,highly distributed
long,low,overwhelming,many,partial response,centralized
long,low,overwhelming,many,partial response,moderately distributed
long,low,overwhelming,many,partial response,highly distributed
long,low,overwhelming,many,widespread response,centralized
long,low,overwhelming,many,widespread response,moderately distributed
long,low,overwhelming,many,widespread response,highly distributed
long,low,overwhelming,many,broad response,centralized
long,low,overwhelming,many,broad response,moderately distributed
long,low,overwhelming,many,broad response,highly distributed
long,low,overwhelming,many,complete response,centralized
long,low,overwhelming,many,complete response,moderately distributed
long,low,overwhelming,many,complete response,highly distributed
long,low,overwhelming,broad sweep,no response,centralized
long,low,overwhelming,broad sweep,no response,moderately distributed
long,low,overwhelming,broad sweep,no response,highly distributed
long,low,overwhelming,broad sweep,minimal response,centralized
long,low,overwhelming,broad sweep,minimal response,moderately distributed
long,low,overwhelming,broad sweep,minimal response,highly distributed
long,low,overwhelming,broad sweep,partial response,centralized
long,low,overwhelming,broad sweep,partial response,moderately distributed
long,low,overwhelming,broad sweep,partial response,highly distributed
long,low,overwhelming,broad sweep,widespread response,centralized
long,low,overwhelming,broad sweep,widespread response,moderately distributed
long,low,overwhelming,broad sweep,widespread response,highly distributed
long,low,overwhelming,broad sweep,broad response,centralized
long,low,overwhelming,broad sweep,broad response,moderately distributed
long,low,overwhelming,broad sweep,broad response,highly distributed
long,low,overwhelming,broad sweep,complete response,centralized
long,low,overwhelming,broad sweep,complete response,moderately distributed
long,low,overwhelming,broad sweep,complete response,highly distributed
long,moderate,minimal,a few,no response,centralized
long,moderate,minimal,a few,no response,moderately distributed
long,moderate,minimal,a few,no response,highly distributed
long,moderate,minimal,a few,minimal response,centralized
long,moderate,minimal,a few,minimal response,moderately distributed
long,moderate,minimal,a few,minimal response,highly distributed
long,moderate,minimal,a few,partial response,centralized
long,moderate,minimal,a few,partial response,moderately distributed
long,moderate,minimal,a few,partial response,highly distributed
long,moderate,minimal,a few,widespread response,centralized
long,moderate,minimal,a few,widespread response,moderately distributed
long,moderate,minimal,a few,widespread response,highly distributed
long,moderate,minimal,a few,broad response,centralized
long,moderate,minimal,a few,broad response,moderately distributed
long,moderate,minimal,a few,broad response,highly distributed
long,moderate,minimal,a few,complete response,centralized
long,moderate,minimal,a few,complete response,moderately distributed
long,moderate,minimal,a few,complete response,highly distributed
long,moderate,minimal,several,no response,centralized
long,moderate,minimal,several,no response,moderately distributed
long,moderate,minimal,several,no response,highly distributed
long,moderate,minimal,several,minimal response,centralized
long,moderate,minimal,several,minimal response,moderately distributed
long,moderate,minimal,several,minimal response,highly distributed
long,moderate,minimal,several,partial response,centralized
long,moderate,minimal,several,partial response,moderately distributed
long,moderate,minimal,several,partial response,highly distributed
long,moderate,minimal,several,widespread response,centralized
long,moderate,minimal,several,widespread response,moderately distributed
long,moderate,minimal,several,widespread response,highly distributed
long,moderate,minimal,several,broad response,centralized
long,moderate,minimal,several,broad response,moderately distributed
long,moderate,minimal,several,broad response,highly distributed
long,moderate,minimal,several,complete response,centralized
long,moderate,minimal,several,complete response,moderately distributed
long,moderate,minimal,several,complete response,highly distributed
long,moderate,minimal,many,no response,centralized
long,moderate,minimal,many,no response,moderately distributed
long,moderate,minimal,many,no response,highly distributed
long,moderate,minimal,many,minimal response,centralized
long,moderate,minimal,many,minimal response,moderately distributed
long,moderate,minimal,many,minimal response,highly distributed
long,moderate,minimal,many,partial response,centralized
long,moderate,minimal,many,partial response,moderately distributed
long,moderate,minimal,many,partial response,highly distributed
long,moderate,minimal,many,widespread response,centralized
long,moderate,minimal,many,widespread response,moderately distributed
long,moderate,minimal,many,widespread response,highly distributed
long,moderate,minimal,many,broad response,centralized
long,moderate,minimal,many,broad response,moderately distributed
long,moderate,minimal,many,broad response,highly distributed
long,moderate,minimal,many,complete response,centralized
long,moderate,minimal,many,complete response,moderately distributed
long,moderate,minimal,many,complete response,highly distributed
long,moderate,minimal,broad sweep,no response,centralized
long,moderate,minimal,broad sweep,no response,moderately distributed
long,moderate,minimal,broad sweep,no response,highly distributed
long,moderate,minimal,broad sweep,minimal response,centralized
long,moderate,minimal,broad sweep,minimal response,moderately distributed
long,moderate,minimal,broad sweep,minimal response,highly distributed
long,moderate,minimal,broad sweep,partial response,centralized
long,moderate,minimal,broad sweep,partial response,moderately distributed
long,moderate,minimal,broad sweep,partial response,highly distributed
long,moderate,minimal,broad sweep,widespread response,centralized
long,moderate,minimal,broad sweep,widespread response,moderately distributed
long,moderate,minimal,broad sweep,widespread response,highly distributed
long,moderate,minimal,broad sweep,broad response,centralized
long,moderate,minimal,broad sweep,broad response,moderately distributed
long,moderate,minimal,broad sweep,broad response,highly distributed
long,moderate,minimal,broad sweep,complete response,centralized
long,moderate,minimal,broad sweep,complete response,moderately distributed
long,moderate,minimal,broad sweep,complete response,highly distributed
long,moderate,low,a few,no response,centralized
long,moderate,low,a few,no response,moderately distributed
long,moderate,low,a few,no response,highly distributed
long,moderate,low,a few,minimal response,centralized
long,moderate,low,a few,minimal response,moderately distributed
long,moderate,low,a few,minimal response,highly distributed
long,moderate,low,a few,partial response,centralized
long,moderate,low,a few,partial response,moderately distributed
long,moderate,low,a few,partial response,highly distributed
long,moderate,low,a few,widespread response,centralized
long,moderate,low,a few,widespread response,moderately distributed
long,moderate,low,a few,widespread response,highly distributed
long,moderate,low,a few,broad response,centralized
long,moderate,low,a few,broad response,moderately distributed
long,moderate,low,a few,broad response,highly distributed
long,moderate,low,a few,complete response,centralized
long,moderate,low,a few,complete response,moderately distributed
long,moderate,low,a few,complete response,highly distributed
long,moderate,low,several,no response,centralized
long,moderate,low,several,no response,moderately distributed
long,moderate,low,several,no response,highly distributed
long,moderate,low,several,minimal response,centralized
long,moderate,low,several,minimal response,moderately distributed
long,moderate,low,several,minimal response,highly distributed
long,moderate,low,several,partial response,centralized
long,moderate,low,several,partial response,moderately distributed
long,moderate,low,several,partial response,highly distributed
long,moderate,low,several,widespread response,centralized
long,moderate,low,several,widespread response,moderately distributed
long,moderate,low,several,widespread response,highly distributed
long,moderate,low,several,broad response,centralized
long,moderate,low,several,broad response,moderately distributed
long,moderate,low,several,broad response,highly distributed
long,moderate,low,several,complete response,centralized
long,moderate,low,several,complete response,moderately distributed
long,moderate,low,several,complete response,highly distributed
long,moderate,low,many,no response,centralized
long,moderate,low,many,no response,moderately distributed
long,moderate,low,many,no response,highly distributed
long,moderate,low,many,minimal response,centralized
long,moderate,low,many,minimal response,moderately distributed
long,moderate,low,many,minimal response,highly distributed
long,moderate,low,many,partial response,centralized
long,moderate,low,many,partial response,moderately distributed
long,moderate,low,many,partial response,highly distributed
long,moderate,low,many,widespread response,centralized
long,moderate,low,many,widespread response,moderately distributed
long,moderate,low,many,widespread response,highly distributed
long,moderate,low,many,broad response,centralized
long,moderate,low,many,broad response,moderately distributed
long,moderate,low,many,broad response,highly distributed
long,moderate,low,many,complete response,centralized
long,moderate,low,many,complete response,moderately distributed
long,moderate,low,many,complete response,highly distributed
long,moderate,low,broad sweep,no response,centralized
long,moderate,low,broad sweep,no response,moderately distributed
long,moderate,low,broad sweep,no response,highly distributed
long,moderate,low,broad sweep,minimal response,centralized
long,moderate,low,broad sweep,minimal response,moderately distributed
long,moderate,low,broad sweep,minimal response,highly distributed
long,moderate,low,broad sweep,partial response,centralized
long,moderate,low,broad sweep,partial response,moderately distributed
long,moderate,low,broad sweep,partial response,highly distributed
long,moderate,low,broad sweep,widespread response,centralized
long,moderate,low,broad sweep,widespread response,moderately distributed
long,moderate,low,broad sweep,widespread response,highly distributed
long,moderate,low,broad sweep,broad response,centralized
long,moderate,low,broad sweep,broad response,moderately distributed
long,moderate,low,broad sweep,broad response,highly distributed
long,moderate,low,broad sweep,complete response,centralized
long,moderate,low,broad sweep,complete response,moderately distributed
long,moderate,low,broad sweep,complete response,highly distributed
long,moderate,moderate,a few,no response,centralized
long,moderate,moderate,a few,no response,moderately distributed
long,moderate,moderate,a few,no response,highly distributed
long,moderate,moderate,a few,minimal response,centralized
long,moderate,moderate,a few,minimal response,moderately distributed
long,moderate,moderate,a few,minimal response,highly distributed
long,moderate,moderate,a few,partial response,centralized
long,moderate,moderate,a few,partial response,moderately distributed
long,moderate,moderate,a few,partial response,highly distributed
long,moderate,moderate,a few,widespread response,centralized
long,moderate,moderate,a few,widespread response,moderately distributed
long,moderate,moderate,a few,widespread response,highly distributed
long,moderate,moderate,a few,broad response,centralized
long,moderate,moderate,a few,broad response,moderately distributed
long,moderate,moderate,a few,broad response,highly distributed
long,moderate,moderate,a few,complete response,centralized
long,moderate,moderate,a few,complete response,moderately distributed
long,moderate,moderate,a few,complete response,highly distributed
long,moderate,moderate,several,no response,centralized
long,moderate,moderate,several,no response,moderately distributed
long,moderate,moderate,several,no response,highly distributed
long,moderate,moderate,several,minimal response,centralized
long,moderate,moderate,several,minimal response,moderately distributed
long,moderate,moderate,several,minimal response,highly distributed
long,moderate,moderate,several,partial response,centralized
long,moderate,moderate,several,partial response,moderately distributed
long,moderate,moderate,several,partial response,highly distributed
long,moderate,moderate,several,widespread response,centralized
long,moderate,moderate,several,widespread response,moderately distributed
long,moderate,moderate,several,widespread response,highly distributed
long,moderate,moderate,several,broad response,centralized
long,moderate,moderate,several,broad response,moderately distributed
long,moderate,moderate,several,broad response,highly distributed
long,moderate,moderate,several,complete response,centralized
long,moderate,moderate,several,complete response,moderately distributed
long,moderate,moderate,several,complete response,highly distributed
long,moderate,moderate,many,no response,centralized
long,moderate,moderate,many,no response,moderately distributed
long,moderate,moderate,many,no response,highly distributed
long,moderate,moderate,many,minimal response,centralized
long,moderate,moderate,many,minimal response,moderately distributed
long,moderate,moderate,many,minimal response,highly distributed
long,moderate,moderate,many,partial response,centralized
long,moderate,moderate,many,partial response,moderately distributed
long,moderate,moderate,many,partial response,highly distributed
long,moderate,moderate,many,widespread response,centralized
long,moderate,moderate,many,widespread response,moderately distributed
long,moderate,moderate,many,widespread response,highly distributed
long,moderate,moderate,many,broad response,centralized
long,moderate,moderate,many,broad response,moderately distributed
long,moderate,moderate,many,broad response,highly distributed
long,moderate,moderate,many,complete response,centralized
long,moderate,moderate,many,complete response,moderately distributed
long,moderate,moderate,many,complete response,highly distributed
long,moderate,moderate,broad sweep,no response,centralized
long,moderate,moderate,broad sweep,no response,moderately distributed
long,moderate,moderate,broad sweep,no response,highly distributed
long,moderate,moderate,broad sweep,minimal response,centralized
long,moderate,moderate,broad sweep,minimal response,moderately distributed
long,moderate,moderate,broad sweep,minimal response,highly distributed
long,moderate,moderate,broad sweep,partial response,centralized
long,moderate,moderate,broad sweep,partial response,moderately distributed
long,moderate,moderate,broad sweep,partial response,highly distributed
long,moderate,moderate,broad sweep,widespread response,centralized
long,moderate,moderate,broad sweep,widespread response,moderately distributed
long,moderate,moderate,broad sweep,widespread response,highly distributed
long,moderate,moderate,broad sweep,broad response,centralized
long,moderate,moderate,broad sweep,broad response,moderately distributed
long,moderate,moderate,broad sweep,broad response,highly distributed
long,moderate,moderate,broad sweep,complete response,centralized
long,moderate,moderate,broad sweep,complete response,moderately distributed
long,moderate,moderate,broad sweep,complete response,highly distributed
long,moderate,dominant,a few,no response,centralized
long,moderate,dominant,a few,no response,moderately distributed
long,moderate,dominant,a few,no response,highly distributed
long,moderate,dominant,a few,minimal response,centralized
long,moderate,dominant,a few,minimal response,moderately distributed
long,moderate,dominant,a few,minimal response,highly distributed
long,moderate,dominant,a few,partial response,centralized
long,moderate,dominant,a few,partial response,moderately distributed
long,moderate,dominant,a few,partial response,highly distributed
long,moderate,dominant,a few,widespread response,centralized
long,moderate,dominant,a few,widespread response,moderately distributed
long,moderate,dominant,a few,widespread response,highly distributed
long,moderate,dominant,a few,broad response,centralized
long,moderate,dominant,a few,broad response,moderately distributed
long,moderate,dominant,a few,broad response,highly distributed
long,moderate,dominant,a few,complete response,centralized
long,moderate,dominant,a few,complete response,moderately distributed
long,moderate,dominant,a few,complete response,highly distributed
long,moderate,dominant,several,no response,centralized
long,moderate,dominant,several,no response,moderately distributed
long,moderate,dominant,several,no response,highly distributed
long,moderate,dominant,several,minimal response,centralized
long,moderate,dominant,several,minimal response,moderately distributed
long,moderate,dominant,several,minimal response,highly distributed
long,moderate,dominant,several,partial response,centralized
long,moderate,dominant,several,partial response,moderately distributed
long,moderate,dominant,several,partial response,highly distributed
long,moderate,dominant,several,widespread response,centralized
long,moderate,dominant,several,widespread response,moderately distributed
long,moderate,dominant,several,widespread response,highly distributed
long,moderate,dominant,several,broad response,centralized
long,moderate,dominant,several,broad response,moderately distributed
long,moderate,dominant,several,broad response,highly distributed
long,moderate,dominant,several,complete response,centralized
long,moderate,dominant,several,complete response,moderately distributed
long,moderate,dominant,several,complete response,highly distributed
long,moderate,dominant,many,no response,centralized
long,moderate,dominant,many,no response,moderately distributed
long,moderate,dominant,many,no response,highly distributed
long,moderate,dominant,many,minimal response,centralized
long,moderate,dominant,many,minimal response,moderately distributed
long,moderate,dominant,many,minimal response,highly distributed
long,moderate,dominant,many,partial response,centralized
long,moderate,dominant,many,partial response,moderately distributed
long,moderate,dominant,many,partial response,highly distributed
long,moderate,dominant,many,widespread response,centralized
long,moderate,dominant,many,widespread response,moderately distributed
long,moderate,dominant,many,widespread response,highly distributed
long,moderate,dominant,many,broad response,centralized
long,moderate,dominant,many,broad response,moderately distributed
long,moderate,dominant,many,broad response,highly distributed
long,moderate,dominant,many,complete response,centralized
long,moderate,dominant,many,complete response,moderately distributed
long,moderate,dominant,many,complete response,highly distributed
long,moderate,dominant,broad sweep,no response,centralized
long,moderate,dominant,broad sweep,no response,moderately distributed
long,moderate,dominant,broad sweep,no response,highly distributed
long,moderate,dominant,broad sweep,minimal response,centralized
long,moderate,dominant,broad sweep,minimal response,moderately distributed
long,moderate,dominant,broad sweep,minimal response,highly distributed
long,moderate,dominant,broad sweep,partial response,centralized
long,moderate,dominant,broad sweep,partial response,moderately distributed
long,moderate,dominant,broad sweep,partial response,highly distributed
long,moderate,dominant,broad sweep,widespread response,centralized
long,moderate,dominant,broad sweep,widespread response,moderately distributed
long,moderate,dominant,broad sweep,widespread response,highly distributed
long,moderate,dominant,broad sweep,broad response,centralized
long,moderate,dominant,broad sweep,broad response,moderately distributed
long,moderate,dominant,broad sweep,broad response,highly distributed
long,moderate,dominant,broad sweep,complete response,centralized
long,moderate,dominant,broad sweep,complete response,moderately distributed
long,moderate,dominant,broad sweep,complete response,highly distributed
long,moderate,overwhelming,a few,no response,centralized
long,moderate,overwhelming,a few,no response,moderately distributed
long,moderate,overwhelming,a few,no response,highly distributed
long,moderate,overwhelming,a few,minimal response,centralized
long,moderate,overwhelming,a few,minimal response,moderately distributed
long,moderate,overwhelming,a few,minimal response,highly distributed
long,moderate,overwhelming,a few,partial response,centralized
long,moderate,overwhelming,a few,partial response,moderately distributed
long,moderate,overwhelming,a few,partial response,highly distributed
long,moderate,overwhelming,a few,widespread response,centralized
long,moderate,overwhelming,a few,widespread response,moderately distributed
long,moderate,overwhelming,a few,widespread response,highly distributed
long,moderate,overwhelming,a few,broad response,centralized
long,moderate,overwhelming,a few,broad response,moderately distributed
long,moderate,overwhelming,a few,broad response,highly distributed
long,moderate,overwhelming,a few,complete response,centralized
long,moderate,overwhelming,a few,complete response,moderately distributed
long,moderate,overwhelming,a few,complete response,highly distributed
long,moderate,overwhelming,several,no response,centralized
long,moderate,overwhelming,several,no response,moderately distributed
long,moderate,overwhelming,several,no response,highly distributed
long,moderate,overwhelming,several,minimal response,centralized
long,moderate,overwhelming,several,minimal response,moderately distributed
long,moderate,overwhelming,several,minimal response,highly distributed
long,moderate,overwhelming,several,partial response,centralized
long,moderate,overwhelming,several,partial response,moderately distributed
long,moderate,overwhelming,several,partial response,highly distributed
long,moderate,overwhelming,several,widespread response,centralized
long,moderate,overwhelming,several,widespread response,moderately distributed
long,moderate,overwhelming,several,widespread response,highly distributed
long,moderate,overwhelming,several,broad response,centralized
long,moderate,overwhelming,several,broad response,moderately distributed
long,moderate,overwhelming,several,broad response,highly distributed
long,moderate,overwhelming,several,complete response,centralized
long,moderate,overwhelming,several,complete response,moderately distributed
long,moderate,overwhelming,several,complete response,highly distributed
long,moderate,overwhelming,many,no response,centralized
long,moderate,overwhelming,many,no response,moderately distributed
long,moderate,overwhelming,many,no response,highly distributed
long,moderate,overwhelming,many,minimal response,centralized
long,moderate,overwhelming,many,minimal response,moderately distributed
long,moderate,overwhelming,many,minimal response,highly distributed
long,moderate,overwhelming,many,partial response,centralized
long,moderate,overwhelming,many,partial response,moderately distributed
long,moderate,overwhelming,many,partial response,highly distributed
long,moderate,overwhelming,many,widespread response,centralized
long,moderate,overwhelming,many,widespread response,moderately distributed
long,moderate,overwhelming,many,widespread response,highly distributed
long,moderate,overwhelming,many,broad response,centralized
long,moderate,overwhelming,many,broad response,moderately distributed
long,moderate,overwhelming,many,broad response,highly distributed
long,moderate,overwhelming,many,complete response,centralized
long,moderate,overwhelming,many,complete response,moderately distributed
long,moderate,overwhelming,many,complete response,highly distributed
long,moderate,overwhelming,broad sweep,no response,centralized
long,moderate,overwhelming,broad sweep,no response,moderately distributed
long,moderate,overwhelming,broad sweep,no response,highly distributed
long,moderate,overwhelming,broad sweep,minimal response,centralized
long,moderate,overwhelming,broad sweep,minimal response,moderately distributed
long,moderate,overwhelming,broad sweep,minimal response,highly distributed
long,moderate,overwhelming,broad sweep,partial response,centralized
long,moderate,overwhelming,broad sweep,partial response,moderately distributed
long,moderate,overwhelming,broad sweep,partial response,highly distributed
long,moderate,overwhelming,broad sweep,widespread response,centralized
long,moderate,overwhelming,broad sweep,widespread response,moderately distributed
long,moderate,overwhelming,broad sweep,widespread response,highly distributed
long,moderate,overwhelming,broad sweep,broad response,centralized
long,moderate,overwhelming,broad sweep,broad response,moderately distributed
long,moderate,overwhelming,broad sweep,broad response,highly distributed
long,moderate,overwhelming,broad sweep,complete response,centralized
long,moderate,overwhelming,broad sweep,complete response,moderately distributed
long,moderate,overwhelming,broad sweep,complete response,highly distributed
long,high,minimal,a few,no response,centralized
long,high,minimal,a few,no response,moderately distributed
long,high,minimal,a few,no response,highly distributed
long,high,minimal,a few,minimal response,centralized
long,high,minimal,a few,minimal response,moderately distributed
long,high,minimal,a few,minimal response,highly distributed
long,high,minimal,a few,partial response,centralized
long,high,minimal,a few,partial response,moderately distributed
long,high,minimal,a few,partial response,highly distributed
long,high,minimal,a few,widespread response,centralized
long,high,minimal,a few,widespread response,moderately distributed
long,high,minimal,a few,widespread response,highly distributed
long,high,minimal,a few,broad response,centralized
long,high,minimal,a few,broad response,moderately distributed
long,high,minimal,a few,broad response,highly distributed
long,high,minimal,a few,complete response,centralized
long,high,minimal,a few,complete response,moderately distributed
long,high,minimal,a few,complete response,highly distributed
long,high,minimal,several,no response,centralized
long,high,minimal,several,no response,moderately distributed
long,high,minimal,several,no response,highly distributed
long,high,minimal,several,minimal response,centralized
long,high,minimal,several,minimal response,moderately distributed
long,high,minimal,several,minimal response,highly distributed
long,high,minimal,several,partial response,centralized
long,high,minimal,several,partial response,moderately distributed
long,high,minimal,several,partial response,highly distributed
long,high,minimal,several,widespread response,centralized
long,high,minimal,several,widespread response,moderately distributed
long,high,minimal,several,widespread response,highly distributed
long,high,minimal,several,broad response,centralized
long,high,minimal,several,broad response,moderately distributed
long,high,minimal,several,broad response,highly distributed
long,high,minimal,several,complete response,centralized
long,high,minimal,several,complete response,moderately distributed
long,high,minimal,several,complete response,highly distributed
long,high,minimal,many,no response,centralized
long,high,minimal,many,no response,moderately distributed
long,high,minimal,many,no response,highly distributed
long,high,minimal,many,minimal response,centralized
long,high,minimal,many,minimal response,moderately distributed
long,high,minimal,many,minimal response,highly distributed
long,high,minimal,many,partial response,centralized
long,high,minimal,many,partial response,moderately distributed
long,high,minimal,many,partial response,highly distributed
long,high,minimal,many,widespread response,centralized
long,high,minimal,many,widespread response,moderately distributed
long,high,minimal,many,widespread response,highly distributed
long,high,minimal,many,broad response,centralized
long,high,minimal,many,broad response,moderately distributed
long,high,minimal,many,broad response,highly distributed
long,high,minimal,many,complete response,centralized
long,high,minimal,many,complete response,moderately distributed
long,high,minimal,many,complete response,highly distributed
long,high,minimal,broad sweep,no response,centralized
long,high,minimal,broad sweep,no response,moderately distributed
long,high,minimal,broad sweep,no response,highly distributed
long,high,minimal,broad sweep,minimal response,centralized
long,high,minimal,broad sweep,minimal response,moderately distributed
long,high,minimal,broad sweep,minimal response,highly distributed
long,high,minimal,broad sweep,partial response,centralized
long,high,minimal,broad sweep,partial response,moderately distributed
long,high,minimal,broad sweep,partial response,highly distributed
long,high,minimal,broad sweep,widespread response,centralized
long,high,minimal,broad sweep,widespread response,moderately distributed
long,high,minimal,broad sweep,widespread response,highly distributed
long,high,minimal,broad sweep,broad response,centralized
long,high,minimal,broad sweep,broad response,moderately distributed
long,high,minimal,broad sweep,broad response,highly distributed
long,high,minimal,broad sweep,complete response,centralized
long,high,minimal,broad sweep,complete response,moderately distributed
long,high,minimal,broad sweep,complete response,highly distributed
long,high,low,a few,no response,centralized
long,high,low,a few,no response,moderately distributed
long,high,low,a few,no response,highly distributed
long,high,low,a few,minimal response,centralized
long,high,low,a few,minimal response,moderately distributed
long,high,low,a few,minimal response,highly distributed
long,high,low,a few,partial response,centralized
long,high,low,a few,partial response,moderately distributed
long,high,low,a few,partial response,highly distributed
long,high,low,a few,widespread response,centralized
long,high,low,a few,widespread response,moderately distributed
long,high,low,a few,widespread response,highly distributed
long,high,low,a few,broad response,centralized
long,high,low,a few,broad response,moderately distributed
long,high,low,a few,broad response,highly distributed
long,high,low,a few,complete response,centralized
long,high,low,a few,complete response,moderately distributed
long,high,low,a few,complete response,highly distributed
long,high,low,several,no response,centralized
long,high,low,several,no response,moderately distributed
long,high,low,several,no response,highly distributed
long,high,low,several,minimal response,centralized
long,high,low,several,minimal response,moderately distributed
long,high,low,several,minimal response,highly distributed
long,high,low,several,partial response,centralized
long,high,low,several,partial response,moderately distributed
long,high,low,several,partial response,highly distributed
long,high,low,several,widespread response,centralized
long,high,low,several,widespread response,moderately distributed
long,high,low,several,widespread response,highly distributed
long,high,low,several,broad response,centralized
long,high,low,several,broad response,moderately distributed
long,high,low,several,broad response,highly distributed
long,high,low,several,complete response,centralized
long,high,low,several,complete response,moderately distributed
long,high,low,several,complete response,highly distributed
long,high,low,many,no response,centralized
long,high,low,many,no response,moderately distributed
long,high,low,many,no response,highly distributed
long,high,low,many,minimal response,centralized
long,high,low,many,minimal response,moderately distributed
long,high,low,many,minimal response,highly distributed
long,high,low,many,partial response,centralized
long,high,low,many,partial response,moderately distributed
long,high,low,many,partial response,highly distributed
long,high,low,many,widespread response,centralized
long,high,low,many,widespread response,moderately distributed
long,high,low,many,widespread response,highly distributed
long,high,low,many,broad response,centralized
long,high,low,many,broad response,moderately distributed
long,high,low,many,broad response,highly distributed
long,high,low,many,complete response,centralized
long,high,low,many,complete response,moderately distributed
long,high,low,many,complete response,highly distributed
long,high,low,broad sweep,no response,centralized
long,high,low,broad sweep,no response,moderately distributed
long,high,low,broad sweep,no response,highly distributed
long,high,low,broad sweep,minimal response,centralized
long,high,low,broad sweep,minimal response,moderately distributed
long,high,low,broad sweep,minimal response,highly distributed
long,high,low,broad sweep,partial response,centralized
long,high,low,broad sweep,partial response,moderately distributed
long,high,low,broad sweep,partial response,highly distributed
long,high,low,broad sweep,widespread response,centralized
long,high,low,broad sweep,widespread response,moderately distributed
long,high,low,broad sweep,widespread response,highly distributed
long,high,low,broad sweep,broad response,centralized
long,high,low,broad sweep,broad response,moderately distributed
long,high,low,broad sweep,broad response,highly distributed
long,high,low,broad sweep,complete response,centralized
long,high,low,broad sweep,complete response,moderately distributed
long,high,low,broad sweep,complete response,highly distributed
long,high,moderate,a few,no response,centralized
long,high,moderate,a few,no response,moderately distributed
long,high,moderate,a few,no response,highly distributed
long,high,moderate,a few,minimal response,centralized
long,high,moderate,a few,minimal response,moderately distributed
long,high,moderate,a few,minimal response,highly distributed
long,high,moderate,a few,partial response,centralized
long,high,moderate,a few,partial response,moderately distributed
long,high,moderate,a few,partial response,highly distributed
long,high,moderate,a few,widespread response,centralized
long,high,moderate,a few,widespread response,moderately distributed
long,high,moderate,a few,widespread response,highly distributed
long,high,moderate,a few,broad response,centralized
long,high,moderate,a few,broad response,moderately distributed
long,high,moderate,a few,broad response,highly distributed
long,high,moderate,a few,complete response,centralized
long,high,moderate,a few,complete response,moderately distributed
long,high,moderate,a few,complete response,highly distributed
long,high,moderate,several,no response,centralized
long,high,moderate,several,no response,moderately distributed
long,high,moderate,several,no response,highly distributed
long,high,moderate,several,minimal response,centralized
long,high,moderate,several,minimal response,moderately distributed
long,high,moderate,several,minimal response,highly distributed
long,high,moderate,several,partial response,centralized
long,high,moderate,several,partial response,moderately distributed
long,high,moderate,several,partial response,highly distributed
long,high,moderate,several,widespread response,centralized
long,high,moderate,several,widespread response,moderately distributed
long,high,moderate,several,widespread response,highly distributed
long,high,moderate,several,broad response,centralized
long,high,moderate,several,broad response,moderately distributed
long,high,moderate,several,broad response,highly distributed
long,high,moderate,several,complete response,centralized
long,high,moderate,several,complete response,moderately distributed
long,high,moderate,several,complete response,highly distributed
long,high,moderate,many,no response,centralized
long,high,moderate,many,no response,moderately distributed
long,high,moderate,many,no response,highly distributed
long,high,moderate,many,minimal response,centralized
long,high,moderate,many,minimal response,moderately distributed
long,high,moderate,many,minimal response,highly distributed
long,high,moderate,many,partial response,centralized
long,high,moderate,many,partial response,moderately distributed
long,high,moderate,many,partial response,highly distributed
long,high,moderate,many,widespread response,centralized
long,high,moderate,many,widespread response,moderately distributed
long,high,moderate,many,widespread response,highly distributed
long,high,moderate,many,broad response,centralized
long,high,moderate,many,broad response,moderately distributed
long,high,moderate,many,broad response,highly distributed
long,high,moderate,many,complete response,centralized
long,high,moderate,many,complete response,moderately distributed
long,high,moderate,many,complete response,highly distributed
long,high,moderate,broad sweep,no response,centralized
long,high,moderate,broad sweep,no response,moderately distributed
long,high,moderate,broad sweep,no response,highly distributed
long,high,moderate,broad sweep,minimal response,centralized
long,high,moderate,broad sweep,minimal response,moderately distributed
long,high,moderate,broad sweep,minimal response,highly distributed
long,high,moderate,broad sweep,partial response,centralized
long,high,moderate,broad sweep,partial response,moderately distributed
long,high,moderate,broad sweep,partial response,highly distributed
long,high,moderate,broad sweep,widespread response,centralized
long,high,moderate,broad sweep,widespread response,moderately distributed
long,high,moderate,broad sweep,widespread response,highly distributed
long,high,moderate,broad sweep,broad response,centralized
long,high,moderate,broad sweep,broad response,moderately distributed
long,high,moderate,broad sweep,broad response,highly distributed
long,high,moderate,broad sweep,complete response,centralized
long,high,moderate,broad sweep,complete response,moderately distributed
long,high,moderate,broad sweep,complete response,highly distributed
long,high,dominant,a few,no response,centralized
long,high,dominant,a few,no response,moderately distributed
long,high,dominant,a few,no response,highly distributed
long,high,dominant,a few,minimal response,centralized
long,high,dominant,a few,minimal response,moderately distributed
long,high,dominant,a few,minimal response,highly distributed
long,high,dominant,a few,partial response,centralized
long,high,dominant,a few,partial response,moderately distributed
long,high,dominant,a few,partial response,highly distributed
long,high,dominant,a few,widespread response,centralized
long,high,dominant,a few,widespread response,moderately distributed
long,high,dominant,a few,widespread response,highly distributed
long,high,dominant,a few,broad response,centralized
long,high,dominant,a few,broad response,moderately distributed
long,high,dominant,a few,broad response,highly distributed
long,high,dominant,a few,complete response,centralized
long,high,dominant,a few,complete response,moderately distributed
long,high,dominant,a few,complete response,highly distributed
long,high,dominant,several,no response,centralized
long,high,dominant,several,no response,moderately distributed
long,high,dominant,several,no response,highly distributed
long,high,dominant,several,minimal response,centralized
long,high,dominant,several,minimal response,moderately distributed
long,high,dominant,several,minimal response,highly distributed
long,high,dominant,several,partial response,centralized
long,high,dominant,several,partial response,moderately distributed
long,high,dominant,several,partial response,highly distributed
long,high,dominant,several,widespread response,centralized
long,high,dominant,several,widespread response,moderately distributed
long,high,dominant,several,widespread response,highly distributed
long,high,dominant,several,broad response,centralized
long,high,dominant,several,broad response,moderately distributed
long,high,dominant,several,broad response,highly distributed
long,high,dominant,several,complete response,centralized
long,high,dominant,several,complete response,moderately distributed
long,high,dominant,several,complete response,highly distributed
long,high,dominant,many,no response,centralized
long,high,dominant,many,no response,moderately distributed
long,high,dominant,many,no response,highly distributed
long,high,dominant,many,minimal response,centralized
long,high,dominant,many,minimal response,moderately distributed
long,high,dominant,many,minimal response,highly distributed
long,high,dominant,many,partial response,centralized
long,high,dominant,many,partial response,moderately distributed
long,high,dominant,many,partial response,highly distributed
long,high,dominant,many,widespread response,centralized
long,high,dominant,many,widespread response,moderately distributed
long,high,dominant,many,widespread response,highly distributed
long,high,dominant,many,broad response,centralized
long,high,dominant,many,broad response,moderately distributed
long,high,dominant,many,broad response,highly distributed
long,high,dominant,many,complete response,centralized
long,high,dominant,many,complete response,moderately distributed
long,high,dominant,many,complete response,highly distributed
long,high,dominant,broad sweep,no response,centralized
long,high,dominant,broad sweep,no response,moderately distributed
long,high,dominant,broad sweep,no response,highly distributed
long,high,dominant,broad sweep,minimal response,centralized
long,high,dominant,broad sweep,minimal response,moderately distributed
long,high,dominant,broad sweep,minimal response,highly distributed
long,high,dominant,broad sweep,partial response,centralized
long,high,dominant,broad sweep,partial response,moderately distributed
long,high,dominant,broad sweep,partial response,highly distributed
long,high,dominant,broad sweep,widespread response,centralized
long,high,dominant,broad sweep,widespread response,moderately distributed
long,high,dominant,broad sweep,widespread response,highly distributed
long,high,dominant,broad sweep,broad response,centralized
long,high,dominant,broad sweep,broad response,moderately distributed
long,high,dominant,broad sweep,broad response,highly distributed
long,high,dominant,broad sweep,complete response,centralized
long,high,dominant,broad sweep,complete response,moderately distributed
long,high,dominant,broad sweep,complete response,highly distributed
long,high,overwhelming,a few,no response,centralized
long,high,overwhelming,a few,no response,moderately distributed
long,high,overwhelming,a few,no response,highly distributed
long,high,overwhelming,a few,minimal response,centralized
long,high,overwhelming,a few,minimal response,moderately distributed
long,high,overwhelming,a few,minimal response,highly distributed
long,high,overwhelming,a few,partial response,centralized
long,high,overwhelming,a few,partial response,moderately distributed
long,high,overwhelming,a few,partial response,highly distributed
long,high,overwhelming,a few,widespread response,centralized
long,high,overwhelming,a few,widespread response,moderately distributed
long,high,overwhelming,a few,widespread response,highly distributed
long,high,overwhelming,a few,broad response,centralized
long,high,overwhelming,a few,broad response,moderately distributed
long,high,overwhelming,a few,broad response,highly distributed
long,high,overwhelming,a few,complete response,centralized
long,high,overwhelming,a few,complete response,moderately distributed
long,high,overwhelming,a few,complete response,highly distributed
long,high,overwhelming,several,no response,centralized
long,high,overwhelming,several,no response,moderately distributed
long,high,overwhelming,several,no response,highly distributed
long,high,overwhelming,several,minimal response,centralized
long,high,overwhelming,several,minimal response,moderately distributed
long,high,overwhelming,several,minimal response,highly distributed
long,high,overwhelming,several,partial response,centralized
long,high,overwhelming,several,partial response,moderately distributed
long,high,overwhelming,several,partial response,highly distributed
long,high,overwhelming,several,widespread response,centralized
long,high,overwhelming,several,widespread response,moderately distributed
long,high,overwhelming,several,widespread response,highly distributed
long,high,overwhelming,several,broad response,centralized
long,high,overwhelming,several,broad response,moderately distributed
long,high,overwhelming,several,broad response,highly distributed
long,high,overwhelming,several,complete response,centralized
long,high,overwhelming,several,complete response,moderately distributed
long,high,overwhelming,several,complete response,highly distributed
long,high,overwhelming,many,no response,centralized
long,high,overwhelming,many,no response,moderately distributed
long,high,overwhelming,many,no response,highly distributed
long,high,overwhelming,many,minimal response,centralized
long,high,overwhelming,many,minimal response,moderately distributed
long,high,overwhelming,many,minimal response,highly distributed
long,high,overwhelming,many,partial response,centralized
long,high,overwhelming,many,partial response,moderately distributed
long,high,overwhelming,many,partial response,highly distributed
long,high,overwhelming,many,widespread response,centralized
long,high,overwhelming,many,widespread response,moderately distributed
long,high,overwhelming,many,widespread response,highly distributed
long,high,overwhelming,many,broad response,centralized
long,high,overwhelming,many,broad response,moderately distributed
long,high,overwhelming,many,broad response,highly distributed
long,high,overwhelming,many,complete response,centralized
long,high,overwhelming,many,complete response,moderately distributed
long,high,overwhelming,many,complete response,highly distributed
long,high,overwhelming,broad sweep,no response,centralized
long,high,overwhelming,broad sweep,no response,moderately distributed
long,high,overwhelming,broad sweep,no response,highly distributed
long,high,overwhelming,broad sweep,minimal response,centralized
long,high,overwhelming,broad sweep,minimal response,moderately distributed
long,high,overwhelming,broad sweep,minimal response,highly distributed
long,high,overwhelming,broad sweep,partial response,centralized
long,high,overwhelming,broad sweep,partial response,moderately distributed
long,high,overwhelming,broad sweep,partial response,highly distributed
long,high,overwhelming,broad sweep,widespread response,centralized
long,high,overwhelming,broad sweep,widespread response,moderately distributed
long,high,overwhelming,broad sweep,widespread response,highly distributed
long,high,overwhelming,broad sweep,broad response,centralized
long,high,overwhelming,broad sweep,broad response,moderately distributed
long,high,overwhelming,broad sweep,broad response,highly distributed
long,high,overwhelming,broad sweep,complete response,centralized
long,high,overwhelming,broad sweep,complete response,moderately distributed
long,high,overwhelming,broad sweep,complete response,highly distributed
long,very high,minimal,a few,no response,centralized
long,very high,minimal,a few,no response,moderately distributed
long,very high,minimal,a few,no response,highly distributed
long,very high,minimal,a few,minimal response,centralized
long,very high,minimal,a few,minimal response,moderately distributed
long,very high,minimal,a few,minimal response,highly distributed
long,very high,minimal,a few,partial response,centralized
long,very high,minimal,a few,partial response,moderately distributed
long,very high,minimal,a few,partial response,highly distributed
long,very high,minimal,a few,widespread response,centralized
long,very high,minimal,a few,widespread response,moderately distributed
long,very high,minimal,a few,widespread response,highly distributed
long,very high,minimal,a few,broad response,centralized
long,very high,minimal,a few,broad response,moderately distributed
long,very high,minimal,a few,broad response,highly distributed
long,very high,minimal,a few,complete response,centralized
long,very high,minimal,a few,complete response,moderately distributed
long,very high,minimal,a few,complete response,highly distributed
long,very high,minimal,several,no response,centralized
long,very high,minimal,several,no response,moderately distributed
long,very high,minimal,several,no response,highly distributed
long,very high,minimal,several,minimal response,centralized
long,very high,minimal,several,minimal response,moderately distributed
long,very high,minimal,several,minimal response,highly distributed
long,very high,minimal,several,partial response,centralized
long,very high,minimal,several,partial response,moderately distributed
long,very high,minimal,several,partial response,highly distributed
long,very high,minimal,several,widespread response,centralized
long,very high,minimal,several,widespread response,moderately distributed
long,very high,minimal,several,widespread response,highly distributed
long,very high,minimal,several,broad response,centralized
long,very high,minimal,several,broad response,moderately distributed
long,very high,minimal,several,broad response,highly distributed
long,very high,minimal,several,complete response,centralized
long,very high,minimal,several,complete response,moderately distributed
long,very high,minimal,several,complete response,highly distributed
long,very high,minimal,many,no response,centralized
long,very high,minimal,many,no response,moderately distributed
long,very high,minimal,many,no response,highly distributed
long,very high,minimal,many,minimal response,centralized
long,very high,minimal,many,minimal response,moderately distributed
long,very high,minimal,many,minimal response,highly distributed
long,very high,minimal,many,partial response,centralized
long,very high,minimal,many,partial response,moderately distributed
long,very high,minimal,many,partial response,highly distributed
long,very high,minimal,many,widespread response,centralized
long,very high,minimal,many,widespread response,moderately distributed
long,very high,minimal,many,widespread response,highly distributed
long,very high,minimal,many,broad response,centralized
long,very high,minimal,many,broad response,moderately distributed
long,very high,minimal,many,broad response,highly distributed
long,very high,minimal,many,complete response,centralized
long,very high,minimal,many,complete response,moderately distributed
long,very high,minimal,many,complete response,highly distributed
long,very high,minimal,broad sweep,no response,centralized
long,very high,minimal,broad sweep,no response,moderately distributed
long,very high,minimal,broad sweep,no response,highly distributed
long,very high,minimal,broad sweep,minimal response,centralized
long,very high,minimal,broad sweep,minimal response,moderately distributed
long,very high,minimal,broad sweep,minimal response,highly distributed
long,very high,minimal,broad sweep,partial response,centralized
long,very high,minimal,broad sweep,partial response,moderately distributed
long,very high,minimal,broad sweep,partial response,highly distributed
long,very high,minimal,broad sweep,widespread response,centralized
long,very high,minimal,broad sweep,widespread response,moderately distributed
long,very high,minimal,broad sweep,widespread response,highly distributed
long,very high,minimal,broad sweep,broad response,centralized
long,very high,minimal,broad sweep,broad response,moderately distributed
long,very high,minimal,broad sweep,broad response,highly distributed
long,very high,minimal,broad sweep,complete response,centralized
long,very high,minimal,broad sweep,complete response,moderately distributed
long,very high,minimal,broad sweep,complete response,highly distributed
long,very high,low,a few,no response,centralized
long,very high,low,a few,no response,moderately distributed
long,very high,low,a few,no response,highly distributed
long,very high,low,a few,minimal response,centralized
long,very high,low,a few,minimal response,moderately distributed
long,very high,low,a few,minimal response,highly distributed
long,very high,low,a few,partial response,centralized
long,very high,low,a few,partial response,moderately distributed
long,very high,low,a few,partial response,highly distributed
long,very high,low,a few,widespread response,centralized
long,very high,low,a few,widespread response,moderately distributed
long,very high,low,a few,widespread response,highly distributed
long,very high,low,a few,broad response,centralized
long,very high,low,a few,broad response,moderately distributed
long,very high,low,a few,broad response,highly distributed
long,very high,low,a few,complete response,centralized
long,very high,low,a few,complete response,moderately distributed
long,very high,low,a few,complete response,highly distributed
long,very high,low,several,no response,centralized
long,very high,low,several,no response,moderately distributed
long,very high,low,several,no response,highly distributed
long,very high,low,several,minimal response,centralized
long,very high,low,several,minimal response,moderately distributed
long,very high,low,several,minimal response,highly distributed
long,very high,low,several,partial response,centralized
long,very high,low,several,partial response,moderately distributed
long,very high,low,several,partial response,highly distributed
long,very high,low,several,widespread response,centralized
long,very high,low,several,widespread response,moderately distributed
long,very high,low,several,widespread response,highly distributed
long,very high,low,several,broad response,centralized
long,very high,low,several,broad response,moderately distributed
long,very high,low,several,broad response,highly distributed
long,very high,low,several,complete response,centralized
long,very high,low,several,complete response,moderately distributed
long,very high,low,several,complete response,highly distributed
long,very high,low,many,no response,centralized
long,very high,low,many,no response,moderately distributed
long,very high,low,many,no response,highly distributed
long,very high,low,many,minimal response,centralized
long,very high,low,many,minimal response,moderately distributed
long,very high,low,many,minimal response,highly distributed
long,very high,low,many,partial response,centralized
long,very high,low,many,partial response,moderately distributed
long,very high,low,many,partial response,highly distributed
long,very high,low,many,widespread response,centralized
long,very high,low,many,widespread response,moderately distributed
long,very high,low,many,widespread response,highly distributed
long,very high,low,many,broad response,centralized
long,very high,low,many,broad response,moderately distributed
long,very high,low,many,broad response,highly distributed
long,very high,low,many,complete response,centralized
long,very high,low,many,complete response,moderately distributed
long,very high,low,many,complete response,highly distributed
long,very high,low,broad sweep,no response,centralized
long,very high,low,broad sweep,no response,moderately distributed
long,very high,low,broad sweep,no response,highly distributed
long,very high,low,broad sweep,minimal response,centralized
long,very high,low,broad sweep,minimal response,moderately distributed
long,very high,low,broad sweep,minimal response,highly distributed
long,very high,low,broad sweep,partial response,centralized
long,very high,low,broad sweep,partial response,moderately distributed
long,very high,low,broad sweep,partial response,highly distributed
long,very high,low,broad sweep,widespread response,centralized
long,very high,low,broad sweep,widespread response,moderately distributed
long,very high,low,broad sweep,widespread response,highly distributed
long,very high,low,broad sweep,broad response,centralized
long,very high,low,broad sweep,broad response,moderately distributed
long,very high,low,broad sweep,broad response,highly distributed
long,very high,low,broad sweep,complete response,centralized
long,very high,low,broad sweep,complete response,moderately distributed
long,very high,low,broad sweep,complete response,highly distributed
long,very high,moderate,a few,no response,centralized
long,very high,moderate,a few,no response,moderately distributed
long,very high,moderate,a few,no response,highly distributed
long,very high,moderate,a few,minimal response,centralized
long,very high,moderate,a few,minimal response,moderately distributed
long,very high,moderate,a few,minimal response,highly distributed
long,very high,moderate,a few,partial response,centralized
long,very high,moderate,a few,partial response,moderately distributed
long,very high,moderate,a few,partial response,highly distributed
long,very high,moderate,a few,widespread response,centralized
long,very high,moderate,a few,widespread response,moderately distributed
long,very high,moderate,a few,widespread response,highly distributed
long,very high,moderate,a few,broad response,centralized
long,very high,moderate,a few,broad response,moderately distributed
long,very high,moderate,a few,broad response,highly distributed
long,very high,moderate,a few,complete response,centralized
long,very high,moderate,a few,complete response,moderately distributed
long,very high,moderate,a few,complete response,highly distributed
long,very high,moderate,several,no response,centralized
long,very high,moderate,several,no response,moderately distributed
long,very high,moderate,several,no response,highly distributed
long,very high,moderate,several,minimal response,centralized
long,very high,moderate,several,minimal response,moderately distributed
long,very high,moderate,several,minimal response,highly distributed
long,very high,moderate,several,partial response,centralized
long,very high,moderate,several,partial response,moderately distributed
long,very high,moderate,several,partial response,highly distributed
long,very high,moderate,several,widespread response,centralized
long,very high,moderate,several,widespread response,moderately distributed
long,very high,moderate,several,widespread response,highly distributed
long,very high,moderate,several,broad response,centralized
long,very high,moderate,several,broad response,moderately distributed
long,very high,moderate,several,broad response,highly distributed
long,very high,moderate,several,complete response,centralized
long,very high,moderate,several,complete response,moderately distributed
long,very high,moderate,several,complete response,highly distributed
long,very high,moderate,many,no response,centralized
long,very high,moderate,many,no response,moderately distributed
long,very high,moderate,many,no response,highly distributed
long,very high,moderate,many,minimal response,centralized
long,very high,moderate,many,minimal response,moderately distributed
long,very high,moderate,many,minimal response,highly distributed
long,very high,moderate,many,partial response,centralized
long,very high,moderate,many,partial response,moderately distributed
long,very high,moderate,many,partial response,highly distributed
long,very high,moderate,many,widespread response,centralized
long,very high,moderate,many,widespread response,moderately distributed
long,very high,moderate,many,widespread response,highly distributed
long,very high,moderate,many,broad response,centralized
long,very high,moderate,many,broad response,moderately distributed
long,very high,moderate,many,broad response,highly distributed
long,very high,moderate,many,complete response,centralized
long,very high,moderate,many,complete response,moderately distributed
long,very high,moderate,many,complete response,highly distributed
long,very high,moderate,broad sweep,no response,centralized
long,very high,moderate,broad sweep,no response,moderately distributed
long,very high,moderate,broad sweep,no response,highly distributed
long,very high,moderate,broad sweep,minimal response,centralized
long,very high,moderate,broad sweep,minimal response,moderately distributed
long,very high,moderate,broad sweep,minimal response,highly distributed
long,very high,moderate,broad sweep,partial response,centralized
long,very high,moderate,broad sweep,partial response,moderately distributed
long,very high,moderate,broad sweep,partial response,highly distributed
long,very high,moderate,broad sweep,widespread response,centralized
long,very high,moderate,broad sweep,widespread response,moderately distributed
long,very high,moderate,broad sweep,widespread response,highly distributed
long,very high,moderate,broad sweep,broad response,centralized
long,very high,moderate,broad sweep,broad response,moderately distributed
long,very high,moderate,broad sweep,broad response,highly distributed
long,very high,moderate,broad sweep,complete response,centralized
long,very high,moderate,broad sweep,complete response,moderately distributed
long,very high,moderate,broad sweep,complete response,highly distributed
long,very high,dominant,a few,no response,centralized
long,very high,dominant,a few,no response,moderately distributed
long,very high,dominant,a few,no response,highly distributed
long,very high,dominant,a few,minimal response,centralized
long,very high,dominant,a few,minimal response,moderately distributed
long,very high,dominant,a few,minimal response,highly distributed
long,very high,dominant,a few,partial response,centralized
long,very high,dominant,a few,partial response,moderately distributed
long,very high,dominant,a few,partial response,highly distributed
long,very high,dominant,a few,widespread response,centralized
long,very high,dominant,a few,widespread response,moderately distributed
long,very high,dominant,a few,widespread response,highly distributed
long,very high,dominant,a few,broad response,centralized
long,very high,dominant,a few,broad response,moderately distributed
long,very high,dominant,a few,broad response,highly distributed
long,very high,dominant,a few,complete response,centralized
long,very high,dominant,a few,complete response,moderately distributed
long,very high,dominant,a few,complete response,highly distributed
long,very high,dominant,several,no response,centralized
long,very high,dominant,several,no response,moderately distributed
long,very high,dominant,several,no response,highly distributed
long,very high,dominant,several,minimal response,centralized
long,very high,dominant,several,minimal response,moderately distributed
long,very high,dominant,several,minimal response,highly distributed
long,very high,dominant,several,partial response,centralized
long,very high,dominant,several,partial response,moderately distributed
long,very high,dominant,several,partial response,highly distributed
long,very high,dominant,several,widespread response,centralized
long,very high,dominant,several,widespread response,moderately distributed
long,very high,dominant,several,widespread response,highly distributed
long,very high,dominant,several,broad response,centralized
long,very high,dominant,several,broad response,moderately distributed
long,very high,dominant,several,broad response,highly distributed
long,very high,dominant,several,complete response,centralized
long,very high,dominant,several,complete response,moderately distributed
long,very high,dominant,several,complete response,highly distributed
long,very high,dominant,many,no response,centralized
long,very high,dominant,many,no response,moderately distributed
long,very high,dominant,many,no response,highly distributed
long,very high,dominant,many,minimal response,centralized
long,very high,dominant,many,minimal response,moderately distributed
long,very high,dominant,many,minimal response,highly distributed
long,very high,dominant,many,partial response,centralized
long,very high,dominant,many,partial response,moderately distributed
long,very high,dominant,many,partial response,highly distributed
long,very high,dominant,many,widespread response,centralized
long,very high,dominant,many,widespread response,moderately distributed
long,very high,dominant,many,widespread response,highly distributed
long,very high,dominant,many,broad response,centralized
long,very high,dominant,many,broad response,moderately distributed
long,very high,dominant,many,broad response,highly distributed
long,very high,dominant,many,complete response,centralized
long,very high,dominant,many,complete response,moderately distributed
long,very high,dominant,many,complete response,highly distributed
long,very high,dominant,broad sweep,no response,centralized
long,very high,dominant,broad sweep,no response,moderately distributed
long,very high,dominant,broad sweep,no response,highly distributed
long,very high,dominant,broad sweep,minimal response,centralized
long,very high,dominant,broad sweep,minimal response,moderately distributed
long,very high,dominant,broad sweep,minimal response,highly distributed
long,very high,dominant,broad sweep,partial response,centralized
long,very high,dominant,broad sweep,partial response,moderately distributed
long,very high,dominant,broad sweep,partial response,highly distributed
long,very high,dominant,broad sweep,widespread response,centralized
long,very high,dominant,broad sweep,widespread response,moderately distributed
long,very high,dominant,broad sweep,widespread response,highly distributed
long,very high,dominant,broad sweep,broad response,centralized
long,very high,dominant,broad sweep,broad response,moderately distributed
long,very high,dominant,broad sweep,broad response,highly distributed
long,very high,dominant,broad sweep,complete response,centralized
long,very high,dominant,broad sweep,complete response,moderately distributed
long,very high,dominant,broad sweep,complete response,highly distributed
long,very high,overwhelming,a few,no response,centralized
long,very high,overwhelming,a few,no response,moderately distributed
long,very high,overwhelming,a few,no response,highly distributed
long,very high,overwhelming,a few,minimal response,centralized
long,very high,overwhelming,a few,minimal response,moderately distributed
long,very high,overwhelming,a few,minimal response,highly distributed
long,very high,overwhelming,a few,partial response,centralized
long,very high,overwhelming,a few,partial response,moderately distributed
long,very high,overwhelming,a few,partial response,highly distributed
long,very high,overwhelming,a few,widespread response,centralized
long,very high,overwhelming,a few,widespread response,moderately distributed
long,very high,overwhelming,a few,widespread response,highly distributed
long,very high,overwhelming,a few,broad response,centralized
long,very high,overwhelming,a few,broad response,moderately distributed
long,very high,overwhelming,a few,broad response,highly distributed
long,very high,overwhelming,a few,complete response,centralized
long,very high,overwhelming,a few,complete response,moderately distributed
long,very high,overwhelming,a few,complete response,highly distributed
long,very high,overwhelming,several,no response,centralized
long,very high,overwhelming,several,no response,moderately distributed
long,very high,overwhelming,several,no response,highly distributed
long,very high,overwhelming,several,minimal response,centralized
long,very high,overwhelming,several,minimal response,moderately distributed
long,very high,overwhelming,several,minimal response,highly distributed
long,very high,overwhelming,several,partial response,centralized
long,very high,overwhelming,several,partial response,moderately distributed
long,very high,overwhelming,several,partial response,highly distributed
long,very high,overwhelming,several,widespread response,centralized
long,very high,overwhelming,several,widespread response,moderately distributed
long,very high,overwhelming,several,widespread response,highly distributed
long,very high,overwhelming,several,broad response,centralized
long,very high,overwhelming,several,broad response,moderately distributed
long,very high,overwhelming,several,broad response,highly distributed
long,very high,overwhelming,several,complete response,centralized
long,very high,overwhelming,several,complete response,moderately distributed
long,very high,overwhelming,several,complete response,highly distributed
long,very high,overwhelming,many,no response,centralized
long,very high,overwhelming,many,no response,moderately distributed
long,very high,overwhelming,many,no response,highly distributed
long,very high,overwhelming,many,minimal response,centralized
long,very high,overwhelming,many,minimal response,moderately distributed
long,very high,overwhelming,many,minimal response,highly distributed
long,very high,overwhelming,many,partial response,centralized
long,very high,overwhelming,many,partial response,moderately distributed
long,very high,overwhelming,many,partial response,highly distributed
long,very high,overwhelming,many,widespread response,centralized
long,very high,overwhelming,many,widespread response,moderately distributed
long,very high,overwhelming,many,widespread response,highly distributed
long,very high,overwhelming,many,broad response,centralized
long,very high,overwhelming,many,broad response,moderately distributed
long,very high,overwhelming,many,broad response,highly distributed
long,very high,overwhelming,many,complete response,centralized
long,very high,overwhelming,many,complete response,moderately distributed
long,very high,overwhelming,many,complete response,highly distributed
long,very high,overwhelming,broad sweep,no response,centralized
long,very high,overwhelming,broad sweep,no response,moderately distributed
long,very high,overwhelming,broad sweep,no response,highly distributed
long,very high,overwhelming,broad sweep,minimal response,centralized
long,very high,overwhelming,broad sweep,minimal response,moderately distributed
long,very high,overwhelming,broad sweep,minimal response,highly distributed
long,very high,overwhelming,broad sweep,partial response,centralized
long,very high,overwhelming,broad sweep,partial response,moderately distributed
long,very high,overwhelming,broad sweep,partial response,highly distributed
long,very high,overwhelming,broad sweep,widespread response,centralized
long,very high,overwhelming,broad sweep,widespread response,moderately distributed
long,very high,overwhelming,broad sweep,widespread response,highly distributed
long,very high,overwhelming,broad sweep,broad response,centralized
long,very high,overwhelming,broad sweep,broad response,moderately distributed
long,very high,overwhelming,broad sweep,broad response,highly distributed
long,very high,overwhelming,broad sweep,complete response,centralized
long,very high,overwhelming,broad sweep,complete response,moderately distributed
long,very high,overwhelming,broad sweep,complete response,highly distributed
extended,very low,minimal,a few,no response,centralized
extended,very low,minimal,a few,no response,moderately distributed
extended,very low,minimal,a few,minimal response,centralized
extended,very low,minimal,a few,minimal response,moderately distributed
extended,very low,minimal,a few,partial response,centralized
extended,very low,minimal,a few,partial response,moderately distributed
extended,very low,minimal,a few,widespread response,centralized
extended,very low,minimal,a few,widespread response,moderately distributed
extended,very low,minimal,a few,broad response,centralized
extended,very low,minimal,a few,broad response,moderately distributed
extended,very low,minimal,a few,complete response,centralized
extended,very low,minimal,a few,complete response,moderately distributed
extended,very low,minimal,several,no response,centralized
extended,very low,minimal,several,no response,moderately distributed
extended,very low,minimal,several,minimal response,centralized
extended,very low,minimal,several,minimal response,moderately distributed
extended,very low,minimal,several,partial response,centralized
extended,very low,minimal,several,partial response,moderately distributed
extended,very low,minimal,several,widespread response,centralized
extended,very low,minimal,several,widespread response,moderately distributed
extended,very low,minimal,several,broad response,centralized
extended,very low,minimal,several,broad response,moderately distributed
extended,very low,minimal,several,complete response,centralized
extended,very low,minimal,several,complete response,moderately distributed
extended,very low,minimal,many,no response,centralized
extended,very low,minimal,many,no response,moderately distributed
extended,very low,minimal,many,minimal response,centralized
extended,very low,minimal,many,minimal response,moderately distributed
extended,very low,minimal,many,partial response,centralized
extended,very low,minimal,many,partial response,moderately distributed
extended,very low,minimal,many,widespread response,centralized
extended,very low,minimal,many,widespread response,moderately distributed
extended,very low,minimal,many,broad response,centralized
extended,very low,minimal,many,broad response,moderately distributed
extended,very low,minimal,many,complete response,centralized
extended,very low,minimal,many,complete response,moderately distributed
extended,very low,minimal,broad sweep,no response,centralized
extended,very low,minimal,broad sweep,no response,moderately distributed
extended,very low,minimal,broad sweep,no response,highly distributed
extended,very low,minimal,broad sweep,minimal response,centralized
extended,very low,minimal,broad sweep,minimal response,moderately distributed
extended,very low,minimal,broad sweep,minimal response,highly distributed
extended,very low,minimal,broad sweep,partial response,centralized
extended,very low,minimal,broad sweep,partial response,moderately distributed
extended,very low,minimal,broad sweep,partial response,highly distributed
extended,very low,minimal,broad sweep,widespread response,centralized
extended,very low,minimal,broad sweep,widespread response,moderately distributed
extended,very low,minimal,broad sweep,widespread response,highly distributed
extended,very low,minimal,broad sweep,broad response,centralized
extended,very low,minimal,broad sweep,broad response,moderately distributed
extended,very low,minimal,broad sweep,broad response,highly distributed
extended,very low,minimal,broad sweep,complete response,centralized
extended,very low,minimal,broad sweep,complete response,moderately distributed
extended,very low,minimal,broad sweep,complete response,highly distributed
extended,very low,low,a few,no response,centralized
extended,very low,low,a few,no response,moderately distributed
extended,very low,low,a few,minimal response,centralized
extended,very low,low,a few,minimal response,moderately distributed
extended,very low,low,a few,partial response,centralized
extended,very low,low,a few,partial response,moderately distributed
extended,very low,low,a few,widespread response,centralized
extended,very low,low,a few,widespread response,moderately distributed
extended,very low,low,a few,broad response,centralized
extended,very low,low,a few,broad response,moderately distributed
extended,very low,low,a few,complete response,centralized
extended,very low,low,a few,complete response,moderately distributed
extended,very low,low,several,no response,centralized
extended,very low,low,several,no response,moderately distributed
extended,very low,low,several,minimal response,centralized
extended,very low,low,several,minimal response,moderately distributed
extended,very low,low,several,partial response,centralized
extended,very low,low,several,partial response,moderately distributed
extended,very low,low,several,widespread response,centralized
extended,very low,low,several,widespread response,moderately distributed
extended,very low,low,several,broad response,centralized
extended,very low,low,several,broad response,moderately distributed
extended,very low,low,several,complete response,centralized
extended,very low,low,several,complete response,moderately distributed
extended,very low,low,many,no response,centralized
extended,very low,low,many,no response,moderately distributed
extended,very low,low,many,minimal response,centralized
extended,very low,low,many,minimal response,moderately distributed
extended,very low,low,many,partial response,centralized
extended,very low,low,many,partial response,moderately distributed
extended,very low,low,many,widespread response,centralized
extended,very low,low,many,widespread response,moderately distributed
extended,very low,low,many,broad response,centralized
extended,very low,low,many,broad response,moderately distributed
extended,very low,low,many,complete response,centralized
extended,very low,low,many,complete response,moderately distributed
extended,very low,low,broad sweep,no response,centralized
extended,very low,low,broad sweep,no response,moderately distributed
extended,very low,low,broad sweep,no response,highly distributed
extended,very low,low,broad sweep,minimal response,centralized
extended,very low,low,broad sweep,minimal response,moderately distributed
extended,very low,low,broad sweep,minimal response,highly distributed
extended,very low,low,broad sweep,partial response,centralized
extended,very low,low,broad sweep,partial response,moderately distributed
extended,very low,low,broad sweep,partial response,highly distributed
extended,very low,low,broad sweep,widespread response,centralized
extended,very low,low,broad sweep,widespread response,moderately distributed
extended,very low,low,broad sweep,widespread response,highly distributed
extended,very low,low,broad sweep,broad response,centralized
extended,very low,low,broad sweep,broad response,moderately distributed
extended,very low,low,broad sweep,broad response,highly distributed
extended,very low,low,broad sweep,complete response,centralized
extended,very low,low,broad sweep,complete response,moderately distributed
extended,very low,low,broad sweep,complete response,highly distributed
extended,very low,moderate,a few,no response,centralized
extended,very low,moderate,a few,no response,moderately distributed
extended,very low,moderate,a few,minimal response,centralized
extended,very low,moderate,a few,minimal response,moderately distributed
extended,very low,moderate,a few,partial response,centralized
extended,very low,moderate,a few,partial response,moderately distributed
extended,very low,moderate,a few,widespread response,centralized
extended,very low,moderate,a few,widespread response,moderately distributed
extended,very low,moderate,a few,broad response,centralized
extended,very low,moderate,a few,broad response,moderately distributed
extended,very low,moderate,a few,complete response,centralized
extended,very low,moderate,a few,complete response,moderately distributed
extended,very low,moderate,several,no response,centralized
extended,very low,moderate,several,no response,moderately distributed
extended,very low,moderate,several,minimal response,centralized
extended,very low,moderate,several,minimal response,moderately distributed
extended,very low,moderate,several,partial response,centralized
extended,very low,moderate,several,partial response,moderately distributed
extended,very low,moderate,several,widespread response,centralized
extended,very low,moderate,several,widespread response,moderately distributed
extended,very low,moderate,several,broad response,centralized
extended,very low,moderate,several,broad response,moderately distributed
extended,very low,moderate,several,complete response,centralized
extended,very low,moderate,several,complete response,moderately distributed
extended,very low,moderate,many,no response,centralized
extended,very low,moderate,many,no response,moderately distributed
extended,very low,moderate,many,minimal response,centralized
extended,very low,moderate,many,minimal response,moderately distributed
extended,very low,moderate,many,partial response,centralized
extended,very low,moderate,many,partial response,moderately distributed
extended,very low,moderate,many,widespread response,centralized
extended,very low,moderate,many,widespread response,moderately distributed
extended,very low,moderate,many,broad response,centralized
extended,very low,moderate,many,broad response,moderately distributed
extended,very low,moderate,many,complete response,centralized
extended,very low,moderate,many,complete response,moderately distributed
extended,very low,moderate,broad sweep,no response,centralized
extended,very low,moderate,broad sweep,no response,moderately distributed
extended,very low,moderate,broad sweep,no response,highly distributed
extended,very low,moderate,broad sweep,minimal response,centralized
extended,very low,moderate,broad sweep,minimal response,moderately distributed
extended,very low,moderate,broad sweep,minimal response,highly distributed
extended,very low,moderate,broad sweep,partial response,centralized
extended,very low,moderate,broad sweep,partial response,moderately distributed
extended,very low,moderate,broad sweep,partial response,highly distributed
extended,very low,moderate,broad sweep,widespread response,centralized
extended,very low,moderate,broad sweep,widespread response,moderately distributed
extended,very low,moderate,broad sweep,widespread response,highly distributed
extended,very low,moderate,broad sweep,broad response,centralized
extended,very low,moderate,broad sweep,broad response,moderately distributed
extended,very low,moderate,broad sweep,broad response,highly distributed
extended,very low,moderate,broad sweep,complete response,centralized
extended,very low,moderate,broad sweep,complete response,moderately distributed
extended,very low,moderate,broad sweep,complete response,highly distributed
extended,low,minimal,a few,no response,centralized
extended,low,minimal,a few,no response,moderately distributed
extended,low,minimal,a few,no response,highly distributed
extended,low,minimal,a few,minimal response,centralized
extended,low,minimal,a few,minimal response,moderately distributed
extended,low,minimal,a few,minimal response,highly distributed
extended,low,minimal,a few,partial response,centralized
extended,low,minimal,a few,partial response,moderately distributed
extended,low,minimal,a few,partial response,highly distributed
extended,low,minimal,a few,widespread response,centralized
extended,low,minimal,a few,widespread response,moderately distributed
extended,low,minimal,a few,widespread response,highly distributed
extended,low,minimal,a few,broad response,centralized
extended,low,minimal,a few,broad response,moderately distributed
extended,low,minimal,a few,broad response,highly distributed
extended,low,minimal,a few,complete response,centralized
extended,low,minimal,a few,complete response,moderately distributed
extended,low,minimal,a few,complete response,highly distributed
extended,low,minimal,several,no response,centralized
extended,low,minimal,several,no response,moderately distributed
extended,low,minimal,several,no response,highly distributed
extended,low,minimal,several,minimal response,centralized
extended,low,minimal,several,minimal response,moderately distributed
extended,low,minimal,several,minimal response,highly distributed
extended,low,minimal,several,partial response,centralized
extended,low,minimal,several,partial response,moderately distributed
extended,low,minimal,several,partial response,highly distributed
extended,low,minimal,several,widespread response,centralized
extended,low,minimal,several,widespread response,moderately distributed
extended,low,minimal,several,widespread response,highly distributed
extended,low,minimal,several,broad response,centralized
extended,low,minimal,several,broad response,moderately distributed
extended,low,minimal,several,broad response,highly distributed
extended,low,minimal,several,complete response,centralized
extended,low,minimal,several,complete response,moderately distributed
extended,low,minimal,several,complete response,highly distributed
extended,low,minimal,many,no response,centralized
extended,low,minimal,many,no response,moderately distributed
extended,low,minimal,many,no response,highly distributed
extended,low,minimal,many,minimal response,centralized
extended,low,minimal,many,minimal response,moderately distributed
extended,low,minimal,many,minimal response,highly distributed
extended,low,minimal,many,partial response,centralized
extended,low,minimal,many,partial response,moderately distributed
extended,low,minimal,many,partial response,highly distributed
extended,low,minimal,many,widespread response,centralized
extended,low,minimal,many,widespread response,moderately distributed
extended,low,minimal,many,widespread response,highly distributed
extended,low,minimal,many,broad response,centralized
extended,low,minimal,many,broad response,moderately distributed
extended,low,minimal,many,broad response,highly distributed
extended,low,minimal,many,complete response,centralized
extended,low,minimal,many,complete response,moderately distributed
extended,low,minimal,many,complete response,highly distributed
extended,low,minimal,broad sweep,no response,centralized
extended,low,minimal,broad sweep,no response,moderately distributed
extended,low,minimal,broad sweep,no response,highly distributed
extended,low,minimal,broad sweep,minimal response,centralized
extended,low,minimal,broad sweep,minimal response,moderately distributed
extended,low,minimal,broad sweep,minimal response,highly distributed
extended,low,minimal,broad sweep,partial response,centralized
extended,low,minimal,broad sweep,partial response,moderately distributed
extended,low,minimal,broad sweep,partial response,highly distributed
extended,low,minimal,broad sweep,widespread response,centralized
extended,low,minimal,broad sweep,widespread response,moderately distributed
extended,low,minimal,broad sweep,widespread response,highly distributed
extended,low,minimal,broad sweep,broad response,centralized
extended,low,minimal,broad sweep,broad response,moderately distributed
extended,low,minimal,broad sweep,broad response,highly distributed
extended,low,minimal,broad sweep,complete response,centralized
extended,low,minimal,broad sweep,complete response,moderately distributed
extended,low,minimal,broad sweep,complete response,highly distributed
extended,low,low,a few,no response,centralized
extended,low,low,a few,no response,moderately distributed
extended,low,low,a few,no response,highly distributed
extended,low,low,a few,minimal response,centralized
extended,low,low,a few,minimal response,moderately distributed
extended,low,low,a few,minimal response,highly distributed
extended,low,low,a few,partial response,centralized
extended,low,low,a few,partial response,moderately distributed
extended,low,low,a few,partial response,highly distributed
extended,low,low,a few,widespread response,centralized
extended,low,low,a few,widespread response,moderately distributed
extended,low,low,a few,widespread response,highly distributed
extended,low,low,a few,broad response,centralized
extended,low,low,a few,broad response,moderately distributed
extended,low,low,a few,broad response,highly distributed
extended,low,low,a few,complete response,centralized
extended,low,low,a few,complete response,moderately distributed
extended,low,low,a few,complete response,highly distributed
extended,low,low,several,no response,centralized
extended,low,low,several,no response,moderately distributed
extended,low,low,several,no response,highly distributed
extended,low,low,several,minimal response,centralized
extended,low,low,several,minimal response,moderately distributed
extended,low,low,several,minimal response,highly distributed
extended,low,low,several,partial response,centralized
extended,low,low,several,partial response,moderately distributed
extended,low,low,several,partial response,highly distributed
extended,low,low,several,widespread response,centralized
extended,low,low,several,widespread response,moderately distributed
extended,low,low,several,widespread response,highly distributed
extended,low,low,several,broad response,centralized
extended,low,low,several,broad response,moderately distributed
extended,low,low,several,broad response,highly distributed
extended,low,low,several,complete response,centralized
extended,low,low,several,complete response,moderately distributed
extended,low,low,several,complete response,highly distributed
extended,low,low,many,no response,centralized
extended,low,low,many,no response,moderately distributed
extended,low,low,many,no response,highly distributed
extended,low,low,many,minimal response,centralized
extended,low,low,many,minimal response,moderately distributed
extended,low,low,many,minimal response,highly distributed
extended,low,low,many,partial response,centralized
extended,low,low,many,partial response,moderately distributed
extended,low,low,many,partial response,highly distributed
extended,low,low,many,widespread response,centralized
extended,low,low,many,widespread response,moderately distributed
extended,low,low,many,widespread response,highly distributed
extended,low,low,many,broad response,centralized
extended,low,low,many,broad response,moderately distributed
extended,low,low,many,broad response,highly distributed
extended,low,low,many,complete response,centralized
extended,low,low,many,complete response,moderately distributed
extended,low,low,many,complete response,highly distributed
extended,low,low,broad sweep,no response,centralized
extended,low,low,broad sweep,no response,moderately distributed
extended,low,low,broad sweep,no response,highly distributed
extended,low,low,broad sweep,minimal response,centralized
extended,low,low,broad sweep,minimal response,moderately distributed
extended,low,low,broad sweep,minimal response,highly distributed
extended,low,low,broad sweep,partial response,centralized
extended,low,low,broad sweep,partial response,moderately distributed
extended,low,low,broad sweep,partial response,highly distributed
extended,low,low,broad sweep,widespread response,centralized
extended,low,low,broad sweep,widespread response,moderately distributed
extended,low,low,broad sweep,widespread response,highly distributed
extended,low,low,broad sweep,broad response,centralized
extended,low,low,broad sweep,broad response,moderately distributed
extended,low,low,broad sweep,broad response,highly distributed
extended,low,low,broad sweep,complete response,centralized
extended,low,low,broad sweep,complete response,moderately distributed
extended,low,low,broad sweep,complete response,highly distributed
extended,low,moderate,a few,no response,centralized
extended,low,moderate,a few,no response,moderately distributed
extended,low,moderate,a few,no response,highly distributed
extended,low,moderate,a few,minimal response,centralized
extended,low,moderate,a few,minimal response,moderately distributed
extended,low,moderate,a few,minimal response,highly distributed
extended,low,moderate,a few,partial response,centralized
extended,low,moderate,a few,partial response,moderately distributed
extended,low,moderate,a few,partial response,highly distributed
extended,low,moderate,a few,widespread response,centralized
extended,low,moderate,a few,widespread response,moderately distributed
extended,low,moderate,a few,widespread response,highly distributed
extended,low,moderate,a few,broad response,centralized
extended,low,moderate,a few,broad response,moderately distributed
extended,low,moderate,a few,broad response,highly distributed
extended,low,moderate,a few,complete response,centralized
extended,low,moderate,a few,complete response,moderately distributed
extended,low,moderate,a few,complete response,highly distributed
extended,low,moderate,several,no response,centralized
extended,low,moderate,several,no response,moderately distributed
extended,low,moderate,several,no response,highly distributed
extended,low,moderate,several,minimal response,centralized
extended,low,moderate,several,minimal response,moderately distributed
extended,low,moderate,several,minimal response,highly distributed
extended,low,moderate,several,partial response,centralized
extended,low,moderate,several,partial response,moderately distributed
extended,low,moderate,several,partial response,highly distributed
extended,low,moderate,several,widespread response,centralized
extended,low,moderate,several,widespread response,moderately distributed
extended,low,moderate,several,widespread response,highly distributed
extended,low,moderate,several,broad response,centralized
extended,low,moderate,several,broad response,moderately distributed
extended,low,moderate,several,broad response,highly distributed
extended,low,moderate,several,complete response,centralized
extended,low,moderate,several,complete response,moderately distributed
extended,low,moderate,several,complete response,highly distributed
extended,low,moderate,many,no response,centralized
extended,low,moderate,many,no response,moderately distributed
extended,low,moderate,many,no response,highly distributed
extended,low,moderate,many,minimal response,centralized
extended,low,moderate,many,minimal response,moderately distributed
extended,low,moderate,many,minimal response,highly distributed
extended,low,moderate,many,partial response,centralized
extended,low,moderate,many,partial response,moderately distributed
extended,low,moderate,many,partial response,highly distributed
extended,low,moderate,many,widespread response,centralized
extended,low,moderate,many,widespread response,moderately distributed
extended,low,moderate,many,widespread response,highly distributed
extended,low,moderate,many,broad response,centralized
extended,low,moderate,many,broad response,moderately distributed
extended,low,moderate,many,broad response,highly distributed
extended,low,moderate,many,complete response,centralized
extended,low,moderate,many,complete response,moderately distributed
extended,low,moderate,many,complete response,highly distributed
extended,low,moderate,broad sweep,no response,centralized
extended,low,moderate,broad sweep,no response,moderately distributed
extended,low,moderate,broad sweep,no response,highly distributed
extended,low,moderate,broad sweep,minimal response,centralized
extended,low,moderate,broad sweep,minimal response,moderately distributed
extended,low,moderate,broad sweep,minimal response,highly distributed
extended,low,moderate,broad sweep,partial response,centralized
extended,low,moderate,broad sweep,partial response,moderately distributed
extended,low,moderate,broad sweep,partial response,highly distributed
extended,low,moderate,broad sweep,widespread response,centralized
extended,low,moderate,broad sweep,widespread response,moderately distributed
extended,low,moderate,broad sweep,widespread response,highly distributed
extended,low,moderate,broad sweep,broad response,centralized
extended,low,moderate,broad sweep,broad response,moderately distributed
extended,low,moderate,broad sweep,broad response,highly distributed
extended,low,moderate,broad sweep,complete response,centralized
extended,low,moderate,broad sweep,complete response,moderately distributed
extended,low,moderate,broad sweep,complete response,highly distributed
extended,low,dominant,a few,no response,centralized
extended,low,dominant,a few,no response,moderately distributed
extended,low,dominant,a few,no response,highly distributed
extended,low,dominant,a few,minimal response,centralized
extended,low,dominant,a few,minimal response,moderately distributed
extended,low,dominant,a few,minimal response,highly distributed
extended,low,dominant,a few,partial response,centralized
extended,low,dominant,a few,partial response,moderately distributed
extended,low,dominant,a few,partial response,highly distributed
extended,low,dominant,a few,widespread response,centralized
extended,low,dominant,a few,widespread response,moderately distributed
extended,low,dominant,a few,widespread response,highly distributed
extended,low,dominant,a few,broad response,centralized
extended,low,dominant,a few,broad response,moderately distributed
extended,low,dominant,a few,broad response,highly distributed
extended,low,dominant,a few,complete response,centralized
extended,low,dominant,a few,complete response,moderately distributed
extended,low,dominant,a few,complete response,highly distributed
extended,low,dominant,several,no response,centralized
extended,low,dominant,several,no response,moderately distributed
extended,low,dominant,several,no response,highly distributed
extended,low,dominant,several,minimal response,centralized
extended,low,dominant,several,minimal response,moderately distributed
extended,low,dominant,several,minimal response,highly distributed
extended,low,dominant,several,partial response,centralized
extended,low,dominant,several,partial response,moderately distributed
extended,low,dominant,several,partial response,highly distributed
extended,low,dominant,several,widespread response,centralized
extended,low,dominant,several,widespread response,moderately distributed
extended,low,dominant,several,widespread response,highly distributed
extended,low,dominant,several,broad response,centralized
extended,low,dominant,several,broad response,moderately distributed
extended,low,dominant,several,broad response,highly distributed
extended,low,dominant,several,complete response,centralized
extended,low,dominant,several,complete response,moderately distributed
extended,low,dominant,several,complete response,highly distributed
extended,low,dominant,many,no response,centralized
extended,low,dominant,many,no response,moderately distributed
extended,low,dominant,many,no response,highly distributed
extended,low,dominant,many,minimal response,centralized
extended,low,dominant,many,minimal response,moderately distributed
extended,low,dominant,many,minimal response,highly distributed
extended,low,dominant,many,partial response,centralized
extended,low,dominant,many,partial response,moderately distributed
extended,low,dominant,many,partial response,highly distributed
extended,low,dominant,many,widespread response,centralized
extended,low,dominant,many,widespread response,moderately distributed
extended,low,dominant,many,widespread response,highly distributed
extended,low,dominant,many,broad response,centralized
extended,low,dominant,many,broad response,moderately distributed
extended,low,dominant,many,broad response,highly distributed
extended,low,dominant,many,complete response,centralized
extended,low,dominant,many,complete response,moderately distributed
extended,low,dominant,many,complete response,highly distributed
extended,low,dominant,broad sweep,no response,centralized
extended,low,dominant,broad sweep,no response,moderately distributed
extended,low,dominant,broad sweep,no response,highly distributed
extended,low,dominant,broad sweep,minimal response,centralized
extended,low,dominant,broad sweep,minimal response,moderately distributed
extended,low,dominant,broad sweep,minimal response,highly distributed
extended,low,dominant,broad sweep,partial response,centralized
extended,low,dominant,broad sweep,partial response,moderately distributed
extended,low,dominant,broad sweep,partial response,highly distributed
extended,low,dominant,broad sweep,widespread response,centralized
extended,low,dominant,broad sweep,widespread response,moderately distributed
extended,low,dominant,broad sweep,widespread response,highly distributed
extended,low,dominant,broad sweep,broad response,centralized
extended,low,dominant,broad sweep,broad response,moderately distributed
extended,low,dominant,broad sweep,broad response,highly distributed
extended,low,dominant,broad sweep,complete response,centralized
extended,low,dominant,broad sweep,complete response,moderately distributed
extended,low,dominant,broad sweep,complete response,highly distributed
extended,low,overwhelming,a few,no response,centralized
extended,low,overwhelming,a few,no response,moderately distributed
extended,low,overwhelming,a few,no response,highly distributed
extended,low,overwhelming,a few,minimal response,centralized
extended,low,overwhelming,a few,minimal response,moderately distributed
extended,low,overwhelming,a few,minimal response,highly distributed
extended,low,overwhelming,a few,partial response,centralized
extended,low,overwhelming,a few,partial response,moderately distributed
extended,low,overwhelming,a few,partial response,highly distributed
extended,low,overwhelming,a few,widespread response,centralized
extended,low,overwhelming,a few,widespread response,moderately distributed
extended,low,overwhelming,a few,widespread response,highly distributed
extended,low,overwhelming,a few,broad response,centralized
extended,low,overwhelming,a few,broad response,moderately distributed
extended,low,overwhelming,a few,broad response,highly distributed
extended,low,overwhelming,a few,complete response,centralized
extended,low,overwhelming,a few,complete response,moderately distributed
extended,low,overwhelming,a few,complete response,highly distributed
extended,low,overwhelming,several,no response,centralized
extended,low,overwhelming,several,no response,moderately distributed
extended,low,overwhelming,several,no response,highly distributed
extended,low,overwhelming,several,minimal response,centralized
extended,low,overwhelming,several,minimal response,moderately distributed
extended,low,overwhelming,several,minimal response,highly distributed
extended,low,overwhelming,several,partial response,centralized
extended,low,overwhelming,several,partial response,moderately distributed
extended,low,overwhelming,several,partial response,highly distributed
extended,low,overwhelming,several,widespread response,centralized
extended,low,overwhelming,several,widespread response,moderately distributed
extended,low,overwhelming,several,widespread response,highly distributed
extended,low,overwhelming,several,broad response,centralized
extended,low,overwhelming,several,broad response,moderately distributed
extended,low,overwhelming,several,broad response,highly distributed
extended,low,overwhelming,several,complete response,centralized
extended,low,overwhelming,several,complete response,moderately distributed
extended,low,overwhelming,several,complete response,highly distributed
extended,low,overwhelming,many,no response,centralized
extended,low,overwhelming,many,no response,moderately distributed
extended,low,overwhelming,many,no response,highly distributed
extended,low,overwhelming,many,minimal response,centralized
extended,low,overwhelming,many,minimal response,moderately distributed
extended,low,overwhelming,many,minimal response,highly distributed
extended,low,overwhelming,many,partial response,centralized
extended,low,overwhelming,many,partial response,moderately distributed
extended,low,overwhelming,many,partial response,highly distributed
extended,low,overwhelming,many,widespread response,centralized
extended,low,overwhelming,many,widespread response,moderately distributed
extended,low,overwhelming,many,widespread response,highly distributed
extended,low,overwhelming,many,broad response,centralized
extended,low,overwhelming,many,broad response,moderately distributed
extended,low,overwhelming,many,broad response,highly distributed
extended,low,overwhelming,many,complete response,centralized
extended,low,overwhelming,many,complete response,moderately distributed
extended,low,overwhelming,many,complete response,highly distributed
extended,low,overwhelming,broad sweep,no response,centralized
extended,low,overwhelming,broad sweep,no response,moderately distributed
extended,low,overwhelming,broad sweep,no response,highly distributed
extended,low,overwhelming,broad sweep,minimal response,centralized
extended,low,overwhelming,broad sweep,minimal response,moderately distributed
extended,low,overwhelming,broad sweep,minimal response,highly distributed
extended,low,overwhelming,broad sweep,partial response,centralized
extended,low,overwhelming,broad sweep,partial response,moderately distributed
extended,low,overwhelming,broad sweep,partial response,highly distributed
extended,low,overwhelming,broad sweep,widespread response,centralized
extended,low,overwhelming,broad sweep,widespread response,moderately distributed
extended,low,overwhelming,broad sweep,widespread response,highly distributed
extended,low,overwhelming,broad sweep,broad response,centralized
extended,low,overwhelming,broad sweep,broad response,moderately distributed
extended,low,overwhelming,broad sweep,broad response,highly distributed
extended,low,overwhelming,broad sweep,complete response,centralized
extended,low,overwhelming,broad sweep,complete response,moderately distributed
extended,low,overwhelming,broad sweep,complete response,highly distributed
extended,moderate,minimal,a few,no response,centralized
extended,moderate,minimal,a few,no response,moderately distributed
extended,moderate,minimal,a few,no response,highly distributed
extended,moderate,minimal,a few,minimal response,centralized
extended,moderate,minimal,a few,minimal response,moderately distributed
extended,moderate,minimal,a few,minimal response,highly distributed
extended,moderate,minimal,a few,partial response,centralized
extended,moderate,minimal,a few,partial response,moderately distributed
extended,moderate,minimal,a few,partial response,highly distributed
extended,moderate,minimal,a few,widespread response,centralized
extended,moderate,minimal,a few,widespread response,moderately distributed
extended,moderate,minimal,a few,widespread response,highly distributed
extended,moderate,minimal,a few,broad response,centralized
extended,moderate,minimal,a few,broad response,moderately distributed
extended,moderate,minimal,a few,broad response,highly distributed
extended,moderate,minimal,a few,complete response,centralized
extended,moderate,minimal,a few,complete response,moderately distributed
extended,moderate,minimal,a few,complete response,highly distributed
extended,moderate,minimal,several,no response,centralized
extended,moderate,minimal,several,no response,moderately distributed
extended,moderate,minimal,several,no response,highly distributed
extended,moderate,minimal,several,minimal response,centralized
extended,moderate,minimal,several,minimal response,moderately distributed
extended,moderate,minimal,several,minimal response,highly distributed
extended,moderate,minimal,several,partial response,centralized
extended,moderate,minimal,several,partial response,moderately distributed
extended,moderate,minimal,several,partial response,highly distributed
extended,moderate,minimal,several,widespread response,centralized
extended,moderate,minimal,several,widespread response,moderately distributed
extended,moderate,minimal,several,widespread response,highly distributed
extended,moderate,minimal,several,broad response,centralized
extended,moderate,minimal,several,broad response,moderately distributed
extended,moderate,minimal,several,broad response,highly distributed
extended,moderate,minimal,several,complete response,centralized
extended,moderate,minimal,several,complete response,moderately distributed
extended,moderate,minimal,several,complete response,highly distributed
extended,moderate,minimal,many,no response,centralized
extended,moderate,minimal,many,no response,moderately distributed
extended,moderate,minimal,many,no response,highly distributed
extended,moderate,minimal,many,minimal response,centralized
extended,moderate,minimal,many,minimal response,moderately distributed
extended,moderate,minimal,many,minimal response,highly distributed
extended,moderate,minimal,many,partial response,centralized
extended,moderate,minimal,many,partial response,moderately distributed
extended,moderate,minimal,many,partial response,highly distributed
extended,moderate,minimal,many,widespread response,centralized
extended,moderate,minimal,many,widespread response,moderately distributed
extended,moderate,minimal,many,widespread response,highly distributed
extended,moderate,minimal,many,broad response,centralized
extended,moderate,minimal,many,broad response,moderately distributed
extended,moderate,minimal,many,broad response,highly distributed
extended,moderate,minimal,many,complete response,centralized
extended,moderate,minimal,many,complete response,moderately distributed
extended,moderate,minimal,many,complete response,highly distributed
extended,moderate,minimal,broad sweep,no response,centralized
extended,moderate,minimal,broad sweep,no response,moderately distributed
extended,moderate,minimal,broad sweep,no response,highly distributed
extended,moderate,minimal,broad sweep,minimal response,centralized
extended,moderate,minimal,broad sweep,minimal response,moderately distributed
extended,moderate,minimal,broad sweep,minimal response,highly distributed
extended,moderate,minimal,broad sweep,partial response,centralized
extended,moderate,minimal,broad sweep,partial response,moderately distributed
extended,moderate,minimal,broad sweep,partial response,highly distributed
extended,moderate,minimal,broad sweep,widespread response,centralized
extended,moderate,minimal,broad sweep,widespread response,moderately distributed
extended,moderate,minimal,broad sweep,widespread response,highly distributed
extended,moderate,minimal,broad sweep,broad response,centralized
extended,moderate,minimal,broad sweep,broad response,moderately distributed
extended,moderate,minimal,broad sweep,broad response,highly distributed
extended,moderate,minimal,broad sweep,complete response,centralized
extended,moderate,minimal,broad sweep,complete response,moderately distributed
extended,moderate,minimal,broad sweep,complete response,highly distributed
extended,moderate,low,a few,no response,centralized
extended,moderate,low,a few,no response,moderately distributed
extended,moderate,low,a few,no response,highly distributed
extended,moderate,low,a few,minimal response,centralized
extended,moderate,low,a few,minimal response,moderately distributed
extended,moderate,low,a few,minimal response,highly distributed
extended,moderate,low,a few,partial response,centralized
extended,moderate,low,a few,partial response,moderately distributed
extended,moderate,low,a few,partial response,highly distributed
extended,moderate,low,a few,widespread response,centralized
extended,moderate,low,a few,widespread response,moderately distributed
extended,moderate,low,a few,widespread response,highly distributed
extended,moderate,low,a few,broad response,centralized
extended,moderate,low,a few,broad response,moderately distributed
extended,moderate,low,a few,broad response,highly distributed
extended,moderate,low,a few,complete response,centralized
extended,moderate,low,a few,complete response,moderately distributed
extended,moderate,low,a few,complete response,highly distributed
extended,moderate,low,several,no response,centralized
extended,moderate,low,several,no response,moderately distributed
extended,moderate,low,several,no response,highly distributed
extended,moderate,low,several,minimal response,centralized
extended,moderate,low,several,minimal response,moderately distributed
extended,moderate,low,several,minimal response,highly distributed
extended,moderate,low,several,partial response,centralized
extended,moderate,low,several,partial response,moderately distributed
extended,moderate,low,several,partial response,highly distributed
extended,moderate,low,several,widespread response,centralized
extended,moderate,low,several,widespread response,moderately distributed
extended,moderate,low,several,widespread response,highly distributed
extended,moderate,low,several,broad response,centralized
extended,moderate,low,several,broad response,moderately distributed
extended,moderate,low,several,broad response,highly distributed
extended,moderate,low,several,complete response,centralized
extended,moderate,low,several,complete response,moderately distributed
extended,moderate,low,several,complete response,highly distributed
extended,moderate,low,many,no response,centralized
extended,moderate,low,many,no response,moderately distributed
extended,moderate,low,many,no response,highly distributed
extended,moderate,low,many,minimal response,centralized
extended,moderate,low,many,minimal response,moderately distributed
extended,moderate,low,many,minimal response,highly distributed
extended,moderate,low,many,partial response,centralized
extended,moderate,low,many,partial response,moderately distributed
extended,moderate,low,many,partial response,highly distributed
extended,moderate,low,many,widespread response,centralized
extended,moderate,low,many,widespread response,moderately distributed
extended,moderate,low,many,widespread response,highly distributed
extended,moderate,low,many,broad response,centralized
extended,moderate,low,many,broad response,moderately distributed
extended,moderate,low,many,broad response,highly distributed
extended,moderate,low,many,complete response,centralized
extended,moderate,low,many,complete response,moderately distributed
extended,moderate,low,many,complete response,highly distributed
extended,moderate,low,broad sweep,no response,centralized
extended,moderate,low,broad sweep,no response,moderately distributed
extended,moderate,low,broad sweep,no response,highly distributed
extended,moderate,low,broad sweep,minimal response,centralized
extended,moderate,low,broad sweep,minimal response,moderately distributed
extended,moderate,low,broad sweep,minimal response,highly distributed
extended,moderate,low,broad sweep,partial response,centralized
extended,moderate,low,broad sweep,partial response,moderately distributed
extended,moderate,low,broad sweep,partial response,highly distributed
extended,moderate,low,broad sweep,widespread response,centralized
extended,moderate,low,broad sweep,widespread response,moderately distributed
extended,moderate,low,broad sweep,widespread response,highly distributed
extended,moderate,low,broad sweep,broad response,centralized
extended,moderate,low,broad sweep,broad response,moderately distributed
extended,moderate,low,broad sweep,broad response,highly distributed
extended,moderate,low,broad sweep,complete response,centralized
extended,moderate,low,broad sweep,complete response,moderately distributed
extended,moderate,low,broad sweep,complete response,highly distributed
extended,moderate,moderate,a few,no response,centralized
extended,moderate,moderate,a few,no response,moderately distributed
extended,moderate,moderate,a few,no response,highly distributed
extended,moderate,moderate,a few,minimal response,centralized
extended,moderate,moderate,a few,minimal response,moderately distributed
extended,moderate,moderate,a few,minimal response,highly distributed
extended,moderate,moderate,a few,partial response,centralized
extended,moderate,moderate,a few,partial response,moderately distributed
extended,moderate,moderate,a few,partial response,highly distributed
extended,moderate,moderate,a few,widespread response,centralized
extended,moderate,moderate,a few,widespread response,moderately distributed
extended,moderate,moderate,a few,widespread response,highly distributed
extended,moderate,moderate,a few,broad response,centralized
extended,moderate,moderate,a few,broad response,moderately distributed
extended,moderate,moderate,a few,broad response,highly distributed
extended,moderate,moderate,a few,complete response,centralized
extended,moderate,moderate,a few,complete response,moderately distributed
extended,moderate,moderate,a few,complete response,highly distributed
extended,moderate,moderate,several,no response,centralized
extended,moderate,moderate,several,no response,moderately distributed
extended,moderate,moderate,several,no response,highly distributed
extended,moderate,moderate,several,minimal response,centralized
extended,moderate,moderate,several,minimal response,moderately distributed
extended,moderate,moderate,several,minimal response,highly distributed
extended,moderate,moderate,several,partial response,centralized
extended,moderate,moderate,several,partial response,moderately distributed
extended,moderate,moderate,several,partial response,highly distributed
extended,moderate,moderate,several,widespread response,centralized
extended,moderate,moderate,several,widespread response,moderately distributed
extended,moderate,moderate,several,widespread response,highly distributed
extended,moderate,moderate,several,broad response,centralized
extended,moderate,moderate,several,broad response,moderately distributed
extended,moderate,moderate,several,broad response,highly distributed
extended,moderate,moderate,several,complete response,centralized
extended,moderate,moderate,several,complete response,moderately distributed
extended,moderate,moderate,several,complete response,highly distributed
extended,moderate,moderate,many,no response,centralized
extended,moderate,moderate,many,no response,moderately distributed
extended,moderate,moderate,many,no response,highly distributed
extended,moderate,moderate,many,minimal response,centralized
extended,moderate,moderate,many,minimal response,moderately distributed
extended,moderate,moderate,many,minimal response,highly distributed
extended,moderate,moderate,many,partial response,centralized
extended,moderate,moderate,many,partial response,moderately distributed
extended,moderate,moderate,many,partial response,highly distributed
extended,moderate,moderate,many,widespread response,centralized
extended,moderate,moderate,many,widespread response,moderately distributed
extended,moderate,moderate,many,widespread response,highly distributed
extended,moderate,moderate,many,broad response,centralized
extended,moderate,moderate,many,broad response,moderately distributed
extended,moderate,moderate,many,broad response,highly distributed
extended,moderate,moderate,many,complete response,centralized
extended,moderate,moderate,many,complete response,moderately distributed
extended,moderate,moderate,many,complete response,highly distributed
extended,moderate,moderate,broad sweep,no response,centralized
extended,moderate,moderate,broad sweep,no response,moderately distributed
extended,moderate,moderate,broad sweep,no response,highly distributed
extended,moderate,moderate,broad sweep,minimal response,centralized
extended,moderate,moderate,broad sweep,minimal response,moderately distributed
extended,moderate,moderate,broad sweep,minimal response,highly distributed
extended,moderate,moderate,broad sweep,partial response,centralized
extended,moderate,moderate,broad sweep,partial response,moderately distributed
extended,moderate,moderate,broad sweep,partial response,highly distributed
extended,moderate,moderate,broad sweep,widespread response,centralized
extended,moderate,moderate,broad sweep,widespread response,moderately distributed
extended,moderate,moderate,broad sweep,widespread response,highly distributed
extended,moderate,moderate,broad sweep,broad response,centralized
extended,moderate,moderate,broad sweep,broad response,moderately distributed
extended,moderate,moderate,broad sweep,broad response,highly distributed
extended,moderate,moderate,broad sweep,complete response,centralized
extended,moderate,moderate,broad sweep,complete response,moderately distributed
extended,moderate,moderate,broad sweep,complete response,highly distributed
extended,moderate,dominant,a few,no response,centralized
extended,moderate,dominant,a few,no response,moderately distributed
extended,moderate,dominant,a few,no response,highly distributed
extended,moderate,dominant,a few,minimal response,centralized
extended,moderate,dominant,a few,minimal response,moderately distributed
extended,moderate,dominant,a few,minimal response,highly distributed
extended,moderate,dominant,a few,partial response,centralized
extended,moderate,dominant,a few,partial response,moderately distributed
extended,moderate,dominant,a few,partial response,highly distributed
extended,moderate,dominant,a few,widespread response,centralized
extended,moderate,dominant,a few,widespread response,moderately distributed
extended,moderate,dominant,a few,widespread response,highly distributed
extended,moderate,dominant,a few,broad response,centralized
extended,moderate,dominant,a few,broad response,moderately distributed
extended,moderate,dominant,a few,broad response,highly distributed
extended,moderate,dominant,a few,complete response,centralized
extended,moderate,dominant,a few,complete response,moderately distributed
extended,moderate,dominant,a few,complete response,highly distributed
extended,moderate,dominant,several,no response,centralized
extended,moderate,dominant,several,no response,moderately distributed
extended,moderate,dominant,several,no response,highly distributed
extended,moderate,dominant,several,minimal response,centralized
extended,moderate,dominant,several,minimal response,moderately distributed
extended,moderate,dominant,several,minimal response,highly distributed
extended,moderate,dominant,several,partial response,centralized
extended,moderate,dominant,several,partial response,moderately distributed
extended,moderate,dominant,several,partial response,highly distributed
extended,moderate,dominant,several,widespread response,centralized
extended,moderate,dominant,several,widespread response,moderately distributed
extended,moderate,dominant,several,widespread response,highly distributed
extended,moderate,dominant,several,broad response,centralized
extended,moderate,dominant,several,broad response,moderately distributed
extended,moderate,dominant,several,broad response,highly distributed
extended,moderate,dominant,several,complete response,centralized
extended,moderate,dominant,several,complete response,moderately distributed
extended,moderate,dominant,several,complete response,highly distributed
extended,moderate,dominant,many,no response,centralized
extended,moderate,dominant,many,no response,moderately distributed
extended,moderate,dominant,many,no response,highly distributed
extended,moderate,dominant,many,minimal response,centralized
extended,moderate,dominant,many,minimal response,moderately distributed
extended,moderate,dominant,many,minimal response,highly distributed
extended,moderate,dominant,many,partial response,centralized
extended,moderate,dominant,many,partial response,moderately distributed
extended,moderate,dominant,many,partial response,highly distributed
extended,moderate,dominant,many,widespread response,centralized
extended,moderate,dominant,many,widespread response,moderately distributed
extended,moderate,dominant,many,widespread response,highly distributed
extended,moderate,dominant,many,broad response,centralized
extended,moderate,dominant,many,broad response,moderately distributed
extended,moderate,dominant,many,broad response,highly distributed
extended,moderate,dominant,many,complete response,centralized
extended,moderate,dominant,many,complete response,moderately distributed
extended,moderate,dominant,many,complete response,highly distributed
extended,moderate,dominant,broad sweep,no response,centralized
extended,moderate,dominant,broad sweep,no response,moderately distributed
extended,moderate,dominant,broad sweep,no response,highly distributed
extended,moderate,dominant,broad sweep,minimal response,centralized
extended,moderate,dominant,broad sweep,minimal response,moderately distributed
extended,moderate,dominant,broad sweep,minimal response,highly distributed
extended,moderate,dominant,broad sweep,partial response,centralized
extended,moderate,dominant,broad sweep,partial response,moderately distributed
extended,moderate,dominant,broad sweep,partial response,highly distributed
extended,moderate,dominant,broad sweep,widespread response,centralized
extended,moderate,dominant,broad sweep,widespread response,moderately distributed
extended,moderate,dominant,broad sweep,widespread response,highly distributed
extended,moderate,dominant,broad sweep,broad response,centralized
extended,moderate,dominant,broad sweep,broad response,moderately distributed
extended,moderate,dominant,broad sweep,broad response,highly distributed
extended,moderate,dominant,broad sweep,complete response,centralized
extended,moderate,dominant,broad sweep,complete response,moderately distributed
extended,moderate,dominant,broad sweep,complete response,highly distributed
extended,moderate,overwhelming,a few,no response,centralized
extended,moderate,overwhelming,a few,no response,moderately distributed
extended,moderate,overwhelming,a few,no response,highly distributed
extended,moderate,overwhelming,a few,minimal response,centralized
extended,moderate,overwhelming,a few,minimal response,moderately distributed
extended,moderate,overwhelming,a few,minimal response,highly distributed
extended,moderate,overwhelming,a few,partial response,centralized
extended,moderate,overwhelming,a few,partial response,moderately distributed
extended,moderate,overwhelming,a few,partial response,highly distributed
extended,moderate,overwhelming,a few,widespread response,centralized
extended,moderate,overwhelming,a few,widespread response,moderately distributed
extended,moderate,overwhelming,a few,widespread response,highly distributed
extended,moderate,overwhelming,a few,broad response,centralized
extended,moderate,overwhelming,a few,broad response,moderately distributed
extended,moderate,overwhelming,a few,broad response,highly distributed
extended,moderate,overwhelming,a few,complete response,centralized
extended,moderate,overwhelming,a few,complete response,moderately distributed
extended,moderate,overwhelming,a few,complete response,highly distributed
extended,moderate,overwhelming,several,no response,centralized
extended,moderate,overwhelming,several,no response,moderately distributed
extended,moderate,overwhelming,several,no response,highly distributed
extended,moderate,overwhelming,several,minimal response,centralized
extended,moderate,overwhelming,several,minimal response,moderately distributed
extended,moderate,overwhelming,several,minimal response,highly distributed
extended,moderate,overwhelming,several,partial response,centralized
extended,moderate,overwhelming,several,partial response,moderately distributed
extended,moderate,overwhelming,several,partial response,highly distributed
extended,moderate,overwhelming,several,widespread response,centralized
extended,moderate,overwhelming,several,widespread response,moderately distributed
extended,moderate,overwhelming,several,widespread response,highly distributed
extended,moderate,overwhelming,several,broad response,centralized
extended,moderate,overwhelming,several,broad response,moderately distributed
extended,moderate,overwhelming,several,broad response,highly distributed
extended,moderate,overwhelming,several,complete response,centralized
extended,moderate,overwhelming,several,complete response,moderately distributed
extended,moderate,overwhelming,several,complete response,highly distributed
extended,moderate,overwhelming,many,no response,centralized
extended,moderate,overwhelming,many,no response,moderately distributed
extended,moderate,overwhelming,many,no response,highly distributed
extended,moderate,overwhelming,many,minimal response,centralized
extended,moderate,overwhelming,many,minimal response,moderately distributed
extended,moderate,overwhelming,many,minimal response,highly distributed
extended,moderate,overwhelming,many,partial response,centralized
extended,moderate,overwhelming,many,partial response,moderately distributed
extended,moderate,overwhelming,many,partial response,highly distributed
extended,moderate,overwhelming,many,widespread response,centralized
extended,moderate,overwhelming,many,widespread response,moderately distributed
extended,moderate,overwhelming,many,widespread response,highly distributed
extended,moderate,overwhelming,many,broad response,centralized
extended,moderate,overwhelming,many,broad response,moderately distributed
extended,moderate,overwhelming,many,broad response,highly distributed
extended,moderate,overwhelming,many,complete response,centralized
extended,moderate,overwhelming,many,complete response,moderately distributed
extended,moderate,overwhelming,many,complete response,highly distributed
extended,moderate,overwhelming,broad sweep,no response,centralized
extended,moderate,overwhelming,broad sweep,no response,moderately distributed
extended,moderate,overwhelming,broad sweep,no response,highly distributed
extended,moderate,overwhelming,broad sweep,minimal response,centralized
extended,moderate,overwhelming,broad sweep,minimal response,moderately distributed
extended,moderate,overwhelming,broad sweep,minimal response,highly distributed
extended,moderate,overwhelming,broad sweep,partial response,centralized
extended,moderate,overwhelming,broad sweep,partial response,moderately distributed
extended,moderate,overwhelming,broad sweep,partial response,highly distributed
extended,moderate,overwhelming,broad sweep,widespread response,centralized
extended,moderate,overwhelming,broad sweep,widespread response,moderately distributed
extended,moderate,overwhelming,broad sweep,widespread response,highly distributed
extended,moderate,overwhelming,broad sweep,broad response,centralized
extended,moderate,overwhelming,broad sweep,broad response,moderately distributed
extended,moderate,overwhelming,broad sweep,broad response,highly distributed
extended,moderate,overwhelming,broad sweep,complete response,centralized
extended,moderate,overwhelming,broad sweep,complete response,moderately distributed
extended,moderate,overwhelming,broad sweep,complete response,highly distributed
extended,high,minimal,a few,no response,centralized
extended,high,minimal,a few,no response,moderately distributed
extended,high,minimal,a few,no response,highly distributed
extended,high,minimal,a few,minimal response,centralized
extended,high,minimal,a few,minimal response,moderately distributed
extended,high,minimal,a few,minimal response,highly distributed
extended,high,minimal,a few,partial response,centralized
extended,high,minimal,a few,partial response,moderately distributed
extended,high,minimal,a few,partial response,highly distributed
extended,high,minimal,a few,widespread response,centralized
extended,high,minimal,a few,widespread response,moderately distributed
extended,high,minimal,a few,widespread response,highly distributed
extended,high,minimal,a few,broad response,centralized
extended,high,minimal,a few,broad response,moderately distributed
extended,high,minimal,a few,broad response,highly distributed
extended,high,minimal,a few,complete response,centralized
extended,high,minimal,a few,complete response,moderately distributed
extended,high,minimal,a few,complete response,highly distributed
extended,high,minimal,several,no response,centralized
extended,high,minimal,several,no response,moderately distributed
extended,high,minimal,several,no response,highly distributed
extended,high,minimal,several,minimal response,centralized
extended,high,minimal,several,minimal response,moderately distributed
extended,high,minimal,several,minimal response,highly distributed
extended,high,minimal,several,partial response,centralized
extended,high,minimal,several,partial response,moderately distributed
extended,high,minimal,several,partial response,highly distributed
extended,high,minimal,several,widespread response,centralized
extended,high,minimal,several,widespread response,moderately distributed
extended,high,minimal,several,widespread response,highly distributed
extended,high,minimal,several,broad response,centralized
extended,high,minimal,several,broad response,moderately distributed
extended,high,minimal,several,broad response,highly distributed
extended,high,minimal,several,complete response,centralized
extended,high,minimal,several,complete response,moderately distributed
extended,high,minimal,several,complete response,highly distributed
extended,high,minimal,many,no response,centralized
extended,high,minimal,many,no response,moderately distributed
extended,high,minimal,many,no response,highly distributed
extended,high,minimal,many,minimal response,centralized
extended,high,minimal,many,minimal response,moderately distributed
extended,high,minimal,many,minimal response,highly distributed
extended,high,minimal,many,partial response,centralized
extended,high,minimal,many,partial response,moderately distributed
extended,high,minimal,many,partial response,highly distributed
extended,high,minimal,many,widespread response,centralized
extended,high,minimal,many,widespread response,moderately distributed
extended,high,minimal,many,widespread response,highly distributed
extended,high,minimal,many,broad response,centralized
extended,high,minimal,many,broad response,moderately distributed
extended,high,minimal,many,broad response,highly distributed
extended,high,minimal,many,complete response,centralized
extended,high,minimal,many,complete response,moderately distributed
extended,high,minimal,many,complete response,highly distributed
extended,high,minimal,broad sweep,no response,centralized
extended,high,minimal,broad sweep,no response,moderately distributed
extended,high,minimal,broad sweep,no response,highly distributed
extended,high,minimal,broad sweep,minimal response,centralized
extended,high,minimal,broad sweep,minimal response,moderately distributed
extended,high,minimal,broad sweep,minimal response,highly distributed
extended,high,minimal,broad sweep,partial response,centralized
extended,high,minimal,broad sweep,partial response,moderately distributed
extended,high,minimal,broad sweep,partial response,highly distributed
extended,high,minimal,broad sweep,widespread response,centralized
extended,high,minimal,broad sweep,widespread response,moderately distributed
extended,high,minimal,broad sweep,widespread response,highly distributed
extended,high,minimal,broad sweep,broad response,centralized
extended,high,minimal,broad sweep,broad response,moderately distributed
extended,high,minimal,broad sweep,broad response,highly distributed
extended,high,minimal,broad sweep,complete response,centralized
extended,high,minimal,broad sweep,complete response,moderately distributed
extended,high,minimal,broad sweep,complete response,highly distributed
extended,high,low,a few,no response,centralized
extended,high,low,a few,no response,moderately distributed
extended,high,low,a few,no response,highly distributed
extended,high,low,a few,minimal response,centralized
extended,high,low,a few,minimal response,moderately distributed
extended,high,low,a few,minimal response,highly distributed
extended,high,low,a few,partial response,centralized
extended,high,low,a few,partial response,moderately distributed
extended,high,low,a few,partial response,highly distributed
extended,high,low,a few,widespread response,centralized
extended,high,low,a few,widespread response,moderately distributed
extended,high,low,a few,widespread response,highly distributed
extended,high,low,a few,broad response,centralized
extended,high,low,a few,broad response,moderately distributed
extended,high,low,a few,broad response,highly distributed
extended,high,low,a few,complete response,centralized
extended,high,low,a few,complete response,moderately distributed
extended,high,low,a few,complete response,highly distributed
extended,high,low,several,no response,centralized
extended,high,low,several,no response,moderately distributed
extended,high,low,several,no response,highly distributed
extended,high,low,several,minimal response,centralized
extended,high,low,several,minimal response,moderately distributed
extended,high,low,several,minimal response,highly distributed
extended,high,low,several,partial response,centralized
extended,high,low,several,partial response,moderately distributed
extended,high,low,several,partial response,highly distributed
extended,high,low,several,widespread response,centralized
extended,high,low,several,widespread response,moderately distributed
extended,high,low,several,widespread response,highly distributed
extended,high,low,several,broad response,centralized
extended,high,low,several,broad response,moderately distributed
extended,high,low,several,broad response,highly distributed
extended,high,low,several,complete response,centralized
extended,high,low,several,complete response,moderately distributed
extended,high,low,several,complete response,highly distributed
extended,high,low,many,no response,centralized
extended,high,low,many,no response,moderately distributed
extended,high,low,many,no response,highly distributed
extended,high,low,many,minimal response,centralized
extended,high,low,many,minimal response,moderately distributed
extended,high,low,many,minimal response,highly distributed
extended,high,low,many,partial response,centralized
extended,high,low,many,partial response,moderately distributed
extended,high,low,many,partial response,highly distributed
extended,high,low,many,widespread response,centralized
extended,high,low,many,widespread response,moderately distributed
extended,high,low,many,widespread response,highly distributed
extended,high,low,many,broad response,centralized
extended,high,low,many,broad response,moderately distributed
extended,high,low,many,broad response,highly distributed
extended,high,low,many,complete response,centralized
extended,high,low,many,complete response,moderately distributed
extended,high,low,many,complete response,highly distributed
extended,high,low,broad sweep,no response,centralized
extended,high,low,broad sweep,no response,moderately distributed
extended,high,low,broad sweep,no response,highly distributed
extended,high,low,broad sweep,minimal response,centralized
extended,high,low,broad sweep,minimal response,moderately distributed
extended,high,low,broad sweep,minimal response,highly distributed
extended,high,low,broad sweep,partial response,centralized
extended,high,low,broad sweep,partial response,moderately distributed
extended,high,low,broad sweep,partial response,highly distributed
extended,high,low,broad sweep,widespread response,centralized
extended,high,low,broad sweep,widespread response,moderately distributed
extended,high,low,broad sweep,widespread response,highly distributed
extended,high,low,broad sweep,broad response,centralized
extended,high,low,broad sweep,broad response,moderately distributed
extended,high,low,broad sweep,broad response,highly distributed
extended,high,low,broad sweep,complete response,centralized
extended,high,low,broad sweep,complete response,moderately distributed
extended,high,low,broad sweep,complete response,highly distributed
extended,high,moderate,a few,no response,centralized
extended,high,moderate,a few,no response,moderately distributed
extended,high,moderate,a few,no response,highly distributed
extended,high,moderate,a few,minimal response,centralized
extended,high,moderate,a few,minimal response,moderately distributed
extended,high,moderate,a few,minimal response,highly distributed
extended,high,moderate,a few,partial response,centralized
extended,high,moderate,a few,partial response,moderately distributed
extended,high,moderate,a few,partial response,highly distributed
extended,high,moderate,a few,widespread response,centralized
extended,high,moderate,a few,widespread response,moderately distributed
extended,high,moderate,a few,widespread response,highly distributed
extended,high,moderate,a few,broad response,centralized
extended,high,moderate,a few,broad response,moderately distributed
extended,high,moderate,a few,broad response,highly distributed
extended,high,moderate,a few,complete response,centralized
extended,high,moderate,a few,complete response,moderately distributed
extended,high,moderate,a few,complete response,highly distributed
extended,high,moderate,several,no response,centralized
extended,high,moderate,several,no response,moderately distributed
extended,high,moderate,several,no response,highly distributed
extended,high,moderate,several,minimal response,centralized
extended,high,moderate,several,minimal response,moderately distributed
extended,high,moderate,several,minimal response,highly distributed
extended,high,moderate,several,partial response,centralized
extended,high,moderate,several,partial response,moderately distributed
extended,high,moderate,several,partial response,highly distributed
extended,high,moderate,several,widespread response,centralized
extended,high,moderate,several,widespread response,moderately distributed
extended,high,moderate,several,widespread response,highly distributed
extended,high,moderate,several,broad response,centralized
extended,high,moderate,several,broad response,moderately distributed
extended,high,moderate,several,broad response,highly distributed
extended,high,moderate,several,complete response,centralized
extended,high,moderate,several,complete response,moderately distributed
extended,high,moderate,several,complete response,highly distributed
extended,high,moderate,many,no response,centralized
extended,high,moderate,many,no response,moderately distributed
extended,high,moderate,many,no response,highly distributed
extended,high,moderate,many,minimal response,centralized
extended,high,moderate,many,minimal response,moderately distributed
extended,high,moderate,many,minimal response,highly distributed
extended,high,moderate,many,partial response,centralized
extended,high,moderate,many,partial response,moderately distributed
extended,high,moderate,many,partial response,highly distributed
extended,high,moderate,many,widespread response,centralized
extended,high,moderate,many,widespread response,moderately distributed
extended,high,moderate,many,widespread response,highly distributed
extended,high,moderate,many,broad response,centralized
extended,high,moderate,many,broad response,moderately distributed
extended,high,moderate,many,broad response,highly distributed
extended,high,moderate,many,complete response,centralized
extended,high,moderate,many,complete response,moderately distributed
extended,high,moderate,many,complete response,highly distributed
extended,high,moderate,broad sweep,no response,centralized
extended,high,moderate,broad sweep,no response,moderately distributed
extended,high,moderate,broad sweep,no response,highly distributed
extended,high,moderate,broad sweep,minimal response,centralized
extended,high,moderate,broad sweep,minimal response,moderately distributed
extended,high,moderate,broad sweep,minimal response,highly distributed
extended,high,moderate,broad sweep,partial response,centralized
extended,high,moderate,broad sweep,partial response,moderately distributed
extended,high,moderate,broad sweep,partial response,highly distributed
extended,high,moderate,broad sweep,widespread response,centralized
extended,high,moderate,broad sweep,widespread response,moderately distributed
extended,high,moderate,broad sweep,widespread response,highly distributed
extended,high,moderate,broad sweep,broad response,centralized
extended,high,moderate,broad sweep,broad response,moderately distributed
extended,high,moderate,broad sweep,broad response,highly distributed
extended,high,moderate,broad sweep,complete response,centralized
extended,high,moderate,broad sweep,complete response,moderately distributed
extended,high,moderate,broad sweep,complete response,highly distributed
extended,high,dominant,a few,no response,centralized
extended,high,dominant,a few,no response,moderately distributed
extended,high,dominant,a few,no response,highly distributed
extended,high,dominant,a few,minimal response,centralized
extended,high,dominant,a few,minimal response,moderately distributed
extended,high,dominant,a few,minimal response,highly distributed
extended,high,dominant,a few,partial response,centralized
extended,high,dominant,a few,partial response,moderately distributed
extended,high,dominant,a few,partial response,highly distributed
extended,high,dominant,a few,widespread response,centralized
extended,high,dominant,a few,widespread response,moderately distributed
extended,high,dominant,a few,widespread response,highly distributed
extended,high,dominant,a few,broad response,centralized
extended,high,dominant,a few,broad response,moderately distributed
extended,high,dominant,a few,broad response,highly distributed
extended,high,dominant,a few,complete response,centralized
extended,high,dominant,a few,complete response,moderately distributed
extended,high,dominant,a few,complete response,highly distributed
extended,high,dominant,several,no response,centralized
extended,high,dominant,several,no response,moderately distributed
extended,high,dominant,several,no response,highly distributed
extended,high,dominant,several,minimal response,centralized
extended,high,dominant,several,minimal response,moderately distributed
extended,high,dominant,several,minimal response,highly distributed
extended,high,dominant,several,partial response,centralized
extended,high,dominant,several,partial response,moderately distributed
extended,high,dominant,several,partial response,highly distributed
extended,high,dominant,several,widespread response,centralized
extended,high,dominant,several,widespread response,moderately distributed
extended,high,dominant,several,widespread response,highly distributed
extended,high,dominant,several,broad response,centralized
extended,high,dominant,several,broad response,moderately distributed
extended,high,dominant,several,broad response,highly distributed
extended,high,dominant,several,complete response,centralized
extended,high,dominant,several,complete response,moderately distributed
extended,high,dominant,several,complete response,highly distributed
extended,high,dominant,many,no response,centralized
extended,high,dominant,many,no response,moderately distributed
extended,high,dominant,many,no response,highly distributed
extended,high,dominant,many,minimal response,centralized
extended,high,dominant,many,minimal response,moderately distributed
extended,high,dominant,many,minimal response,highly distributed
extended,high,dominant,many,partial response,centralized
extended,high,dominant,many,partial response,moderately distributed
extended,high,dominant,many,partial response,highly distributed
extended,high,dominant,many,widespread response,centralized
extended,high,dominant,many,widespread response,moderately distributed
extended,high,dominant,many,widespread response,highly distributed
extended,high,dominant,many,broad response,centralized
extended,high,dominant,many,broad response,moderately distributed
extended,high,dominant,many,broad response,highly distributed
extended,high,dominant,many,complete response,centralized
extended,high,dominant,many,complete response,moderately distributed
extended,high,dominant,many,complete response,highly distributed
extended,high,dominant,broad sweep,no response,centralized
extended,high,dominant,broad sweep,no response,moderately distributed
extended,high,dominant,broad sweep,no response,highly distributed
extended,high,dominant,broad sweep,minimal response,centralized
extended,high,dominant,broad sweep,minimal response,moderately distributed
extended,high,dominant,broad sweep,minimal response,highly distributed
extended,high,dominant,broad sweep,partial response,centralized
extended,high,dominant,broad sweep,partial response,moderately distributed
extended,high,dominant,broad sweep,partial response,highly distributed
extended,high,dominant,broad sweep,widespread response,centralized
extended,high,dominant,broad sweep,widespread response,moderately distributed
extended,high,dominant,broad sweep,widespread response,highly distributed
extended,high,dominant,broad sweep,broad response,centralized
extended,high,dominant,broad sweep,broad response,moderately distributed
extended,high,dominant,broad sweep,broad response,highly distributed
extended,high,dominant,broad sweep,complete response,centralized
extended,high,dominant,broad sweep,complete response,moderately distributed
extended,high,dominant,broad sweep,complete response,highly distributed
extended,high,overwhelming,a few,no response,centralized
extended,high,overwhelming,a few,no response,moderately distributed
extended,high,overwhelming,a few,no response,highly distributed
extended,high,overwhelming,a few,minimal response,centralized
extended,high,overwhelming,a few,minimal response,moderately distributed
extended,high,overwhelming,a few,minimal response,highly distributed
extended,high,overwhelming,a few,partial response,centralized
extended,high,overwhelming,a few,partial response,moderately distributed
extended,high,overwhelming,a few,partial response,highly distributed
extended,high,overwhelming,a few,widespread response,centralized
extended,high,overwhelming,a few,widespread response,moderately distributed
extended,high,overwhelming,a few,widespread response,highly distributed
extended,high,overwhelming,a few,broad response,centralized
extended,high,overwhelming,a few,broad response,moderately distributed
extended,high,overwhelming,a few,broad response,highly distributed
extended,high,overwhelming,a few,complete response,centralized
extended,high,overwhelming,a few,complete response,moderately distributed
extended,high,overwhelming,a few,complete response,highly distributed
extended,high,overwhelming,several,no response,centralized
extended,high,overwhelming,several,no response,moderately distributed
extended,high,overwhelming,several,no response,highly distributed
extended,high,overwhelming,several,minimal response,centralized
extended,high,overwhelming,several,minimal response,moderately distributed
extended,high,overwhelming,several,minimal response,highly distributed
extended,high,overwhelming,several,partial response,centralized
extended,high,overwhelming,several,partial response,moderately distributed
extended,high,overwhelming,several,partial response,highly distributed
extended,high,overwhelming,several,widespread response,centralized
extended,high,overwhelming,several,widespread response,moderately distributed
extended,high,overwhelming,several,widespread response,highly distributed
extended,high,overwhelming,several,broad response,centralized
extended,high,overwhelming,several,broad response,moderately distributed
extended,high,overwhelming,several,broad response,highly distributed
extended,high,overwhelming,several,complete response,centralized
extended,high,overwhelming,several,complete response,moderately distributed
extended,high,overwhelming,several,complete response,highly distributed
extended,high,overwhelming,many,no response,centralized
extended,high,overwhelming,many,no response,moderately distributed
extended,high,overwhelming,many,no response,highly distributed
extended,high,overwhelming,many,minimal response,centralized
extended,high,overwhelming,many,minimal response,moderately distributed
extended,high,overwhelming,many,minimal response,highly distributed
extended,high,overwhelming,many,partial response,centralized
extended,high,overwhelming,many,partial response,moderately distributed
extended,high,overwhelming,many,partial response,highly distributed
extended,high,overwhelming,many,widespread response,centralized
extended,high,overwhelming,many,widespread response,moderately distributed
extended,high,overwhelming,many,widespread response,highly distributed
extended,high,overwhelming,many,broad response,centralized
extended,high,overwhelming,many,broad response,moderately distributed
extended,high,overwhelming,many,broad response,highly distributed
extended,high,overwhelming,many,complete response,centralized
extended,high,overwhelming,many,complete response,moderately distributed
extended,high,overwhelming,many,complete response,highly distributed
extended,high,overwhelming,broad sweep,no response,centralized
extended,high,overwhelming,broad sweep,no response,moderately distributed
extended,high,overwhelming,broad sweep,no response,highly distributed
extended,high,overwhelming,broad sweep,minimal response,centralized
extended,high,overwhelming,broad sweep,minimal response,moderately distributed
extended,high,overwhelming,broad sweep,minimal response,highly distributed
extended,high,overwhelming,broad sweep,partial response,centralized
extended,high,overwhelming,broad sweep,partial response,moderately distributed
extended,high,overwhelming,broad sweep,partial response,highly distributed
extended,high,overwhelming,broad sweep,widespread response,centralized
extended,high,overwhelming,broad sweep,widespread response,moderately distributed
extended,high,overwhelming,broad sweep,widespread response,highly distributed
extended,high,overwhelming,broad sweep,broad response,centralized
extended,high,overwhelming,broad sweep,broad response,moderately distributed
extended,high,overwhelming,broad sweep,broad response,highly distributed
extended,high,overwhelming,broad sweep,complete response,centralized
extended,high,overwhelming,broad sweep,complete response,moderately distributed
extended,high,overwhelming,broad sweep,complete response,highly distributed
extended,very high,minimal,a few,no response,centralized
extended,very high,minimal,a few,no response,moderately distributed
extended,very high,minimal,a few,no response,highly distributed
extended,very high,minimal,a few,minimal response,centralized
extended,very high,minimal,a few,minimal response,moderately distributed
extended,very high,minimal,a few,minimal response,highly distributed
extended,very high,minimal,a few,partial response,centralized
extended,very high,minimal,a few,partial response,moderately distributed
extended,very high,minimal,a few,partial response,highly distributed
extended,very high,minimal,a few,widespread response,centralized
extended,very high,minimal,a few,widespread response,moderately distributed
extended,very high,minimal,a few,widespread response,highly distributed
extended,very high,minimal,a few,broad response,centralized
extended,very high,minimal,a few,broad response,moderately distributed
extended,very high,minimal,a few,broad response,highly distributed
extended,very high,minimal,a few,complete response,centralized
extended,very high,minimal,a few,complete response,moderately distributed
extended,very high,minimal,a few,complete response,highly distributed
extended,very high,minimal,several,no response,centralized
extended,very high,minimal,several,no response,moderately distributed
extended,very high,minimal,several,no response,highly distributed
extended,very high,minimal,several,minimal response,centralized
extended,very high,minimal,several,minimal response,moderately distributed
extended,very high,minimal,several,minimal response,highly distributed
extended,very high,minimal,several,partial response,centralized
extended,very high,minimal,several,partial response,moderately distributed
extended,very high,minimal,several,partial response,highly distributed
extended,very high,minimal,several,widespread response,centralized
extended,very high,minimal,several,widespread response,moderately distributed
extended,very high,minimal,several,widespread response,highly distributed
extended,very high,minimal,several,broad response,centralized
extended,very high,minimal,several,broad response,moderately distributed
extended,very high,minimal,several,broad response,highly distributed
extended,very high,minimal,several,complete response,centralized
extended,very high,minimal,several,complete response,moderately distributed
extended,very high,minimal,several,complete response,highly distributed
extended,very high,minimal,many,no response,centralized
extended,very high,minimal,many,no response,moderately distributed
extended,very high,minimal,many,no response,highly distributed
extended,very high,minimal,many,minimal response,centralized
extended,very high,minimal,many,minimal response,moderately distributed
extended,very high,minimal,many,minimal response,highly distributed
extended,very high,minimal,many,partial response,centralized
extended,very high,minimal,many,partial response,moderately distributed
extended,very high,minimal,many,partial response,highly distributed
extended,very high,minimal,many,widespread response,centralized
extended,very high,minimal,many,widespread response,moderately distributed
extended,very high,minimal,many,widespread response,highly distributed
extended,very high,minimal,many,broad response,centralized
extended,very high,minimal,many,broad response,moderately distributed
extended,very high,minimal,many,broad response,highly distributed
extended,very high,minimal,many,complete response,centralized
extended,very high,minimal,many,complete response,moderately distributed
extended,very high,minimal,many,complete response,highly distributed
extended,very high,minimal,broad sweep,no response,centralized
extended,very high,minimal,broad sweep,no response,moderately distributed
extended,very high,minimal,broad sweep,no response,highly distributed
extended,very high,minimal,broad sweep,minimal response,centralized
extended,very high,minimal,broad sweep,minimal response,moderately distributed
extended,very high,minimal,broad sweep,minimal response,highly distributed
extended,very high,minimal,broad sweep,partial response,centralized
extended,very high,minimal,broad sweep,partial response,moderately distributed
extended,very high,minimal,broad sweep,partial response,highly distributed
extended,very high,minimal,broad sweep,widespread response,centralized
extended,very high,minimal,broad sweep,widespread response,moderately distributed
extended,very high,minimal,broad sweep,widespread response,highly distributed
extended,very high,minimal,broad sweep,broad response,centralized
extended,very high,minimal,broad sweep,broad response,moderately distributed
extended,very high,minimal,broad sweep,broad response,highly distributed
extended,very high,minimal,broad sweep,complete response,centralized
extended,very high,minimal,broad sweep,complete response,moderately distributed
extended,very high,minimal,broad sweep,complete response,highly distributed
extended,very high,low,a few,no response,centralized
extended,very high,low,a few,no response,moderately distributed
extended,very high,low,a few,no response,highly distributed
extended,very high,low,a few,minimal response,centralized
extended,very high,low,a few,minimal response,moderately distributed
extended,very high,low,a few,minimal response,highly distributed
extended,very high,low,a few,partial response,centralized
extended,very high,low,a few,partial response,moderately distributed
extended,very high,low,a few,partial response,highly distributed
extended,very high,low,a few,widespread response,centralized
extended,very high,low,a few,widespread response,moderately distributed
extended,very high,low,a few,widespread response,highly distributed
extended,very high,low,a few,broad response,centralized
extended,very high,low,a few,broad response,moderately distributed
extended,very high,low,a few,broad response,highly distributed
extended,very high,low,a few,complete response,centralized
extended,very high,low,a few,complete response,moderately distributed
extended,very high,low,a few,complete response,highly distributed
extended,very high,low,several,no response,centralized
extended,very high,low,several,no response,moderately distributed
extended,very high,low,several,no response,highly distributed
extended,very high,low,several,minimal response,centralized
extended,very high,low,several,minimal response,moderately distributed
extended,very high,low,several,minimal response,highly distributed
extended,very high,low,several,partial response,centralized
extended,very high,low,several,partial response,moderately distributed
extended,very high,low,several,partial response,highly distributed
extended,very high,low,several,widespread response,centralized
extended,very high,low,several,widespread response,moderately distributed
extended,very high,low,several,widespread response,highly distributed
extended,very high,low,several,broad response,centralized
extended,very high,low,several,broad response,moderately distributed
extended,very high,low,several,broad response,highly distributed
extended,very high,low,several,complete response,centralized
extended,very high,low,several,complete response,moderately distributed
extended,very high,low,several,complete response,highly distributed
extended,very high,low,many,no response,centralized
extended,very high,low,many,no response,moderately distributed
extended,very high,low,many,no response,highly distributed
extended,very high,low,many,minimal response,centralized
extended,very high,low,many,minimal response,moderately distributed
extended,very high,low,many,minimal response,highly distributed
extended,very high,low,many,partial response,centralized
extended,very high,low,many,partial response,moderately distributed
extended,very high,low,many,partial response,highly distributed
extended,very high,low,many,widespread response,centralized
extended,very high,low,many,widespread response,moderately distributed
extended,very high,low,many,widespread response,highly distributed
extended,very high,low,many,broad response,centralized
extended,very high,low,many,broad response,moderately distributed
extended,very high,low,many,broad response,highly distributed
extended,very high,low,many,complete response,centralized
extended,very high,low,many,complete response,moderately distributed
extended,very high,low,many,complete response,highly distributed
extended,very high,low,broad sweep,no response,centralized
extended,very high,low,broad sweep,no response,moderately distributed
extended,very high,low,broad sweep,no response,highly distributed
extended,very high,low,broad sweep,minimal response,centralized
extended,very high,low,broad sweep,minimal response,moderately distributed
extended,very high,low,broad sweep,minimal response,highly distributed
extended,very high,low,broad sweep,partial response,centralized
extended,very high,low,broad sweep,partial response,moderately distributed
extended,very high,low,broad sweep,partial response,highly distributed
extended,very high,low,broad sweep,widespread response,centralized
extended,very high,low,broad sweep,widespread response,moderately distributed
extended,very high,low,broad sweep,widespread response,highly distributed
extended,very high,low,broad sweep,broad response,centralized
extended,very high,low,broad sweep,broad response,moderately distributed
extended,very high,low,broad sweep,broad response,highly distributed
extended,very high,low,broad sweep,complete response,centralized
extended,very high,low,broad sweep,complete response,moderately distributed
extended,very high,low,broad sweep,complete response,highly distributed
extended,very high,moderate,a few,no response,centralized
extended,very high,moderate,a few,no response,moderately distributed
extended,very high,moderate,a few,no response,highly distributed
extended,very high,moderate,a few,minimal response,centralized
extended,very high,moderate,a few,minimal response,moderately distributed
extended,very high,moderate,a few,minimal response,highly distributed
extended,very high,moderate,a few,partial response,centralized
extended,very high,moderate,a few,partial response,moderately distributed
extended,very high,moderate,a few,partial response,highly distributed
extended,very high,moderate,a few,widespread response,centralized
extended,very high,moderate,a few,widespread response,moderately distributed
extended,very high,moderate,a few,widespread response,highly distributed
extended,very high,moderate,a few,broad response,centralized
extended,very high,moderate,a few,broad response,moderately distributed
extended,very high,moderate,a few,broad response,highly distributed
extended,very high,moderate,a few,complete response,centralized
extended,very high,moderate,a few,complete response,moderately distributed
extended,very high,moderate,a few,complete response,highly distributed
extended,very high,moderate,several,no response,centralized
extended,very high,moderate,several,no response,moderately distributed
extended,very high,moderate,several,no response,highly distributed
extended,very high,moderate,several,minimal response,centralized
extended,very high,moderate,several,minimal response,moderately distributed
extended,very high,moderate,several,minimal response,highly distributed
extended,very high,moderate,several,partial response,centralized
extended,very high,moderate,several,partial response,moderately distributed
extended,very high,moderate,several,partial response,highly distributed
extended,very high,moderate,several,widespread response,centralized
extended,very high,moderate,several,widespread response,moderately distributed
extended,very high,moderate,several,widespread response,highly distributed
extended,very high,moderate,several,broad response,centralized
extended,very high,moderate,several,broad response,moderately distributed
extended,very high,moderate,several,broad response,highly distributed
extended,very high,moderate,several,complete response,centralized
extended,very high,moderate,several,complete response,moderately distributed
extended,very high,moderate,several,complete response,highly distributed
extended,very high,moderate,many,no response,centralized
extended,very high,moderate,many,no response,moderately distributed
extended,very high,moderate,many,no response,highly distributed
extended,very high,moderate,many,minimal response,centralized
extended,very high,moderate,many,minimal response,moderately distributed
extended,very high,moderate,many,minimal response,highly distributed
extended,very high,moderate,many,partial response,centralized
extended,very high,moderate,many,partial response,moderately distributed
extended,very high,moderate,many,partial response,highly distributed
extended,very high,moderate,many,widespread response,centralized
extended,very high,moderate,many,widespread response,moderately distributed
extended,very high,moderate,many,widespread response,highly distributed
extended,very high,moderate,many,broad response,centralized
extended,very high,moderate,many,broad response,moderately distributed
extended,very high,moderate,many,broad response,highly distributed
extended,very high,moderate,many,complete response,centralized
extended,very high,moderate,many,complete response,moderately distributed
extended,very high,moderate,many,complete response,highly distributed
extended,very high,moderate,broad sweep,no response,centralized
extended,very high,moderate,broad sweep,no response,moderately distributed
extended,very high,moderate,broad sweep,no response,highly distributed
extended,very high,moderate,broad sweep,minimal response,centralized
extended,very high,moderate,broad sweep,minimal response,moderately distributed
extended,very high,moderate,broad sweep,minimal response,highly distributed
extended,very high,moderate,broad sweep,partial response,centralized
extended,very high,moderate,broad sweep,partial response,moderately distributed
extended,very high,moderate,broad sweep,partial response,highly distributed
extended,very high,moderate,broad sweep,widespread response,centralized
extended,very high,moderate,broad sweep,widespread response,moderately distributed
extended,very high,moderate,broad sweep,widespread response,highly distributed
extended,very high,moderate,broad sweep,broad response,centralized
extended,very high,moderate,broad sweep,broad response,moderately distributed
extended,very high,moderate,broad sweep,broad response,highly distributed
extended,very high,moderate,broad sweep,complete response,centralized
extended,very high,moderate,broad sweep,complete response,moderately distributed
extended,very high,moderate,broad sweep,complete response,highly distributed
extended,very high,dominant,a few,no response,centralized
extended,very high,dominant,a few,no response,moderately distributed
extended,very high,dominant,a few,no response,highly distributed
extended,very high,dominant,a few,minimal response,centralized
extended,very high,dominant,a few,minimal response,moderately distributed
extended,very high,dominant,a few,minimal response,highly distributed
extended,very high,dominant,a few,partial response,centralized
extended,very high,dominant,a few,partial response,moderately distributed
extended,very high,dominant,a few,partial response,highly distributed
extended,very high,dominant,a few,widespread response,centralized
extended,very high,dominant,a few,widespread response,moderately distributed
extended,very high,dominant,a few,widespread response,highly distributed
extended,very high,dominant,a few,broad response,centralized
extended,very high,dominant,a few,broad response,moderately distributed
extended,very high,dominant,a few,broad response,highly distributed
extended,very high,dominant,a few,complete response,centralized
extended,very high,dominant,a few,complete response,moderately distributed
extended,very high,dominant,a few,complete response,highly distributed
extended,very high,dominant,several,no response,centralized
extended,very high,dominant,several,no response,moderately distributed
extended,very high,dominant,several,no response,highly distributed
extended,very high,dominant,several,minimal response,centralized
extended,very high,dominant,several,minimal response,moderately distributed
extended,very high,dominant,several,minimal response,highly distributed
extended,very high,dominant,several,partial response,centralized
extended,very high,dominant,several,partial response,moderately distributed
extended,very high,dominant,several,partial response,highly distributed
extended,very high,dominant,several,widespread response,centralized
extended,very high,dominant,several,widespread response,moderately distributed
extended,very high,dominant,several,widespread response,highly distributed
extended,very high,dominant,several,broad response,centralized
extended,very high,dominant,several,broad response,moderately distributed
extended,very high,dominant,several,broad response,highly distributed
extended,very high,dominant,several,complete response,centralized
extended,very high,dominant,several,complete response,moderately distributed
extended,very high,dominant,several,complete response,highly distributed
extended,very high,dominant,many,no response,centralized
extended,very high,dominant,many,no response,moderately distributed
extended,very high,dominant,many,no response,highly distributed
extended,very high,dominant,many,minimal response,centralized
extended,very high,dominant,many,minimal response,moderately distributed
extended,very high,dominant,many,minimal response,highly distributed
extended,very high,dominant,many,partial response,centralized
extended,very high,dominant,many,partial response,moderately distributed
extended,very high,dominant,many,partial response,highly distributed
extended,very high,dominant,many,widespread response,centralized
extended,very high,dominant,many,widespread response,moderately distributed
extended,very high,dominant,many,widespread response,highly distributed
extended,very high,dominant,many,broad response,centralized
extended,very high,dominant,many,broad response,moderately distributed
extended,very high,dominant,many,broad response,highly distributed
extended,very high,dominant,many,complete response,centralized
extended,very high,dominant,many,complete response,moderately distributed
extended,very high,dominant,many,complete response,highly distributed
extended,very high,dominant,broad sweep,no response,centralized
extended,very high,dominant,broad sweep,no response,moderately distributed
extended,very high,dominant,broad sweep,no response,highly distributed
extended,very high,dominant,broad sweep,minimal response,centralized
extended,very high,dominant,broad sweep,minimal response,moderately distributed
extended,very high,dominant,broad sweep,minimal response,highly distributed
extended,very high,dominant,broad sweep,partial response,centralized
extended,very high,dominant,broad sweep,partial response,moderately distributed
extended,very high,dominant,broad sweep,partial response,highly distributed
extended,very high,dominant,broad sweep,widespread response,centralized
extended,very high,dominant,broad sweep,widespread response,moderately distributed
extended,very high,dominant,broad sweep,widespread response,highly distributed
extended,very high,dominant,broad sweep,broad response,centralized
extended,very high,dominant,broad sweep,broad response,moderately distributed
extended,very high,dominant,broad sweep,broad response,highly distributed
extended,very high,dominant,broad sweep,complete response,centralized
extended,very high,dominant,broad sweep,complete response,moderately distributed
extended,very high,dominant,broad sweep,complete response,highly distributed
extended,very high,overwhelming,a few,no response,centralized
extended,very high,overwhelming,a few,no response,moderately distributed
extended,very high,overwhelming,a few,no response,highly distributed
extended,very high,overwhelming,a few,minimal response,centralized
extended,very high,overwhelming,a few,minimal response,moderately distributed
extended,very high,overwhelming,a few,minimal response,highly distributed
extended,very high,overwhelming,a few,partial response,centralized
extended,very high,overwhelming,a few,partial response,moderately distributed
extended,very high,overwhelming,a few,partial response,highly distributed
extended,very high,overwhelming,a few,widespread response,centralized
extended,very high,overwhelming,a few,widespread response,moderately distributed
extended,very high,overwhelming,a few,widespread response,highly distributed
extended,very high,overwhelming,a few,broad response,centralized
extended,very high,overwhelming,a few,broad response,moderately distributed
extended,very high,overwhelming,a few,broad response,highly distributed
extended,very high,overwhelming,a few,complete response,centralized
extended,very high,overwhelming,a few,complete response,moderately distributed
extended,very high,overwhelming,a few,complete response,highly distributed
extended,very high,overwhelming,several,no response,centralized
extended,very high,overwhelming,several,no response,moderately distributed
extended,very high,overwhelming,several,no response,highly distributed
extended,very high,overwhelming,several,minimal response,centralized
extended,very high,overwhelming,several,minimal response,moderately distributed
extended,very high,overwhelming,several,minimal response,highly distributed
extended,very high,overwhelming,several,partial response,centralized
extended,very high,overwhelming,several,partial response,moderately distributed
extended,very high,overwhelming,several,partial response,highly distributed
extended,very high,overwhelming,several,widespread response,centralized
extended,very high,overwhelming,several,widespread response,moderately distributed
extended,very high,overwhelming,several,widespread response,highly distributed
extended,very high,overwhelming,several,broad response,centralized
extended,very high,overwhelming,several,broad response,moderately distributed
extended,very high,overwhelming,several,broad response,highly distributed
extended,very high,overwhelming,several,complete response,centralized
extended,very high,overwhelming,several,complete response,moderately distributed
extended,very high,overwhelming,several,complete response,highly distributed
extended,very high,overwhelming,many,no response,centralized
extended,very high,overwhelming,many,no response,moderately distributed
extended,very high,overwhelming,many,no response,highly distributed
extended,very high,overwhelming,many,minimal response,centralized
extended,very high,overwhelming,many,minimal response,moderately distributed
extended,very high,overwhelming,many,minimal response,highly distributed
extended,very high,overwhelming,many,partial response,centralized
extended,very high,overwhelming,many,partial response,moderately distributed
extended,very high,overwhelming,many,partial response,highly distributed
extended,very high,overwhelming,many,widespread response,centralized
extended,very high,overwhelming,many,widespread response,moderately distributed
extended,very high,overwhelming,many,widespread response,highly distributed
extended,very high,overwhelming,many,broad response,centralized
extended,very high,overwhelming,many,broad response,moderately distributed
extended,very high,overwhelming,many,broad response,highly distributed
extended,very high,overwhelming,many,complete response,centralized
extended,very high,overwhelming,many,complete response,moderately distributed
extended,very high,overwhelming,many,complete response,highly distributed
extended,very high,overwhelming,broad sweep,no response,centralized
extended,very high,overwhelming,broad sweep,no response,moderately distributed
extended,very high,overwhelming,broad sweep,no response,highly distributed
extended,very high,overwhelming,broad sweep,minimal response,centralized
extended,very high,overwhelming,broad sweep,minimal response,moderately distributed
extended,very high,overwhelming,broad sweep,minimal response,highly distributed
extended,very high,overwhelming,broad sweep,partial response,centralized
extended,very high,overwhelming,broad sweep,partial response,moderately distributed
extended,very high,overwhelming,broad sweep,partial response,highly distributed
extended,very high,overwhelming,broad sweep,widespread response,centralized
extended,very high,overwhelming,broad sweep,widespread response,moderately distributed
extended,very high,overwhelming,broad sweep,widespread response,highly distributed
extended,very high,overwhelming,broad sweep,broad response,centralized
extended,very high,overwhelming,broad sweep,broad response,moderately distributed
extended,very high,overwhelming,broad sweep,broad response,highly distributed
extended,very high,overwhelming,broad sweep,complete response,centralized
extended,very high,overwhelming,broad sweep,complete response,moderately distributed
extended,very high,overwhelming,broad sweep,complete response,highly distributed
prolonged,very low,minimal,a few,no response,centralized
prolonged,very low,minimal,a few,no response,moderately distributed
prolonged,very low,minimal,a few,minimal response,centralized
prolonged,very low,minimal,a few,minimal response,moderately distributed
prolonged,very low,minimal,a few,partial response,centralized
prolonged,very low,minimal,a few,partial response,moderately distributed
prolonged,very low,minimal,a few,widespread response,centralized
prolonged,very low,minimal,a few,widespread response,moderately distributed
prolonged,very low,minimal,a few,broad response,centralized
prolonged,very low,minimal,a few,broad response,moderately distributed
prolonged,very low,minimal,a few,complete response,centralized
prolonged,very low,minimal,a few,complete response,moderately distributed
prolonged,very low,minimal,several,no response,centralized
prolonged,very low,minimal,several,no response,moderately distributed
prolonged,very low,minimal,several,minimal response,centralized
prolonged,very low,minimal,several,minimal response,moderately distributed
prolonged,very low,minimal,several,partial response,centralized
prolonged,very low,minimal,several,partial response,moderately distributed
prolonged,very low,minimal,several,widespread response,centralized
prolonged,very low,minimal,several,widespread response,moderately distributed
prolonged,very low,minimal,several,broad response,centralized
prolonged,very low,minimal,several,broad response,moderately distributed
prolonged,very low,minimal,several,complete response,centralized
prolonged,very low,minimal,several,complete response,moderately distributed
prolonged,very low,minimal,many,no response,centralized
prolonged,very low,minimal,many,no response,moderately distributed
prolonged,very low,minimal,many,minimal response,centralized
prolonged,very low,minimal,many,minimal response,moderately distributed
prolonged,very low,minimal,many,partial response,centralized
prolonged,very low,minimal,many,partial response,moderately distributed
prolonged,very low,minimal,many,widespread response,centralized
prolonged,very low,minimal,many,widespread response,moderately distributed
prolonged,very low,minimal,many,broad response,centralized
prolonged,very low,minimal,many,broad response,moderately distributed
prolonged,very low,minimal,many,complete response,centralized
prolonged,very low,minimal,many,complete response,moderately distributed
prolonged,very low,minimal,broad sweep,no response,centralized
prolonged,very low,minimal,broad sweep,no response,moderately distributed
prolonged,very low,minimal,broad sweep,no response,highly distributed
prolonged,very low,minimal,broad sweep,minimal response,centralized
prolonged,very low,minimal,broad sweep,minimal response,moderately distributed
prolonged,very low,minimal,broad sweep,minimal response,highly distributed
prolonged,very low,minimal,broad sweep,partial response,centralized
prolonged,very low,minimal,broad sweep,partial response,moderately distributed
prolonged,very low,minimal,broad sweep,partial response,highly distributed
prolonged,very low,minimal,broad sweep,widespread response,centralized
prolonged,very low,minimal,broad sweep,widespread response,moderately distributed
prolonged,very low,minimal,broad sweep,widespread response,highly distributed
prolonged,very low,minimal,broad sweep,broad response,centralized
prolonged,very low,minimal,broad sweep,broad response,moderately distributed
prolonged,very low,minimal,broad sweep,broad response,highly distributed
prolonged,very low,minimal,broad sweep,complete response,centralized
prolonged,very low,minimal,broad sweep,complete response,moderately distributed
prolonged,very low,minimal,broad sweep,complete response,highly distributed
prolonged,very low,low,a few,no response,centralized
prolonged,very low,low,a few,no response,moderately distributed
prolonged,very low,low,a few,minimal response,centralized
prolonged,very low,low,a few,minimal response,moderately distributed
prolonged,very low,low,a few,partial response,centralized
prolonged,very low,low,a few,partial response,moderately distributed
prolonged,very low,low,a few,widespread response,centralized
prolonged,very low,low,a few,widespread response,moderately distributed
prolonged,very low,low,a few,broad response,centralized
prolonged,very low,low,a few,broad response,moderately distributed
prolonged,very low,low,a few,complete response,centralized
prolonged,very low,low,a few,complete response,moderately distributed
prolonged,very low,low,several,no response,centralized
prolonged,very low,low,several,no response,moderately distributed
prolonged,very low,low,several,minimal response,centralized
prolonged,very low,low,several,minimal response,moderately distributed
prolonged,very low,low,several,partial response,centralized
prolonged,very low,low,several,partial response,moderately distributed
prolonged,very low,low,several,widespread response,centralized
prolonged,very low,low,several,widespread response,moderately distributed
prolonged,very low,low,several,broad response,centralized
prolonged,very low,low,several,broad response,moderately distributed
prolonged,very low,low,several,complete response,centralized
prolonged,very low,low,several,complete response,moderately distributed
prolonged,very low,low,many,no response,centralized
prolonged,very low,low,many,no response,moderately distributed
prolonged,very low,low,many,minimal response,centralized
prolonged,very low,low,many,minimal response,moderately distributed
prolonged,very low,low,many,partial response,centralized
prolonged,very low,low,many,partial response,moderately distributed
prolonged,very low,low,many,widespread response,centralized
prolonged,very low,low,many,widespread response,moderately distributed
prolonged,very low,low,many,broad response,centralized
prolonged,very low,low,many,broad response,moderately distributed
prolonged,very low,low,many,complete response,centralized
prolonged,very low,low,many,complete response,moderately distributed
prolonged,very low,low,broad sweep,no response,centralized
prolonged,very low,low,broad sweep,no response,moderately distributed
prolonged,very low,low,broad sweep,no response,highly distributed
prolonged,very low,low,broad sweep,minimal response,centralized
prolonged,very low,low,broad sweep,minimal response,moderately distributed
prolonged,very low,low,broad sweep,minimal response,highly distributed
prolonged,very low,low,broad sweep,partial response,centralized
prolonged,very low,low,broad sweep,partial response,moderately distributed
prolonged,very low,low,broad sweep,partial response,highly distributed
prolonged,very low,low,broad sweep,widespread response,centralized
prolonged,very low,low,broad sweep,widespread response,moderately distributed
prolonged,very low,low,broad sweep,widespread response,highly distributed
prolonged,very low,low,broad sweep,broad response,centralized
prolonged,very low,low,broad sweep,broad response,moderately distributed
prolonged,very low,low,broad sweep,broad response,highly distributed
prolonged,very low,low,broad sweep,complete response,centralized
prolonged,very low,low,broad sweep,complete response,moderately distributed
prolonged,very low,low,broad sweep,complete response,highly distributed
prolonged,very low,moderate,a few,no response,centralized
prolonged,very low,moderate,a few,no response,moderately distributed
prolonged,very low,moderate,a few,minimal response,centralized
prolonged,very low,moderate,a few,minimal response,moderately distributed
prolonged,very low,moderate,a few,partial response,centralized
prolonged,very low,moderate,a few,partial response,moderately distributed
prolonged,very low,moderate,a few,widespread response,centralized
prolonged,very low,moderate,a few,widespread response,moderately distributed
prolonged,very low,moderate,a few,broad response,centralized
prolonged,very low,moderate,a few,broad response,moderately distributed
prolonged,very low,moderate,a few,complete response,centralized
prolonged,very low,moderate,a few,complete response,moderately distributed
prolonged,very low,moderate,several,no response,centralized
prolonged,very low,moderate,several,no response,moderately distributed
prolonged,very low,moderate,several,minimal response,centralized
prolonged,very low,moderate,several,minimal response,moderately distributed
prolonged,very low,moderate,several,partial response,centralized
prolonged,very low,moderate,several,partial response,moderately distributed
prolonged,very low,moderate,several,widespread response,centralized
prolonged,very low,moderate,several,widespread response,moderately distributed
prolonged,very low,moderate,several,broad response,centralized
prolonged,very low,moderate,several,broad response,moderately distributed
prolonged,very low,moderate,several,complete response,centralized
prolonged,very low,moderate,several,complete response,moderately distributed
prolonged,very low,moderate,many,no response,centralized
prolonged,very low,moderate,many,no response,moderately distributed
prolonged,very low,moderate,many,minimal response,centralized
prolonged,very low,moderate,many,minimal response,moderately distributed
prolonged,very low,moderate,many,partial response,centralized
prolonged,very low,moderate,many,partial response,moderately distributed
prolonged,very low,moderate,many,widespread response,centralized
prolonged,very low,moderate,many,widespread response,moderately distributed
prolonged,very low,moderate,many,broad response,centralized
prolonged,very low,moderate,many,broad response,moderately distributed
prolonged,very low,moderate,many,complete response,centralized
prolonged,very low,moderate,many,complete response,moderately distributed
prolonged,very low,moderate,broad sweep,no response,centralized
prolonged,very low,moderate,broad sweep,no response,moderately distributed
prolonged,very low,moderate,broad sweep,no response,highly distributed
prolonged,very low,moderate,broad sweep,minimal response,centralized
prolonged,very low,moderate,broad sweep,minimal response,moderately distributed
prolonged,very low,moderate,broad sweep,minimal response,highly distributed
prolonged,very low,moderate,broad sweep,partial response,centralized
prolonged,very low,moderate,broad sweep,partial response,moderately distributed
prolonged,very low,moderate,broad sweep,partial response,highly distributed
prolonged,very low,moderate,broad sweep,widespread response,centralized
prolonged,very low,moderate,broad sweep,widespread response,moderately distributed
prolonged,very low,moderate,broad sweep,widespread response,highly distributed
prolonged,very low,moderate,broad sweep,broad response,centralized
prolonged,very low,moderate,broad sweep,broad response,moderately distributed
prolonged,very low,moderate,broad sweep,broad response,highly distributed
prolonged,very low,moderate,broad sweep,complete response,centralized
prolonged,very low,moderate,broad sweep,complete response,moderately distributed
prolonged,very low,moderate,broad sweep,complete response,highly distributed
prolonged,low,minimal,a few,no response,centralized
prolonged,low,minimal,a few,no response,moderately distributed
prolonged,low,minimal,a few,no response,highly distributed
prolonged,low,minimal,a few,minimal response,centralized
prolonged,low,minimal,a few,minimal response,moderately distributed
prolonged,low,minimal,a few,minimal response,highly distributed
prolonged,low,minimal,a few,partial response,centralized
prolonged,low,minimal,a few,partial response,moderately distributed
prolonged,low,minimal,a few,partial response,highly distributed
prolonged,low,minimal,a few,widespread response,centralized
prolonged,low,minimal,a few,widespread response,moderately distributed
prolonged,low,minimal,a few,widespread response,highly distributed
prolonged,low,minimal,a few,broad response,centralized
prolonged,low,minimal,a few,broad response,moderately distributed
prolonged,low,minimal,a few,broad response,highly distributed
prolonged,low,minimal,a few,complete response,centralized
prolonged,low,minimal,a few,complete response,moderately distributed
prolonged,low,minimal,a few,complete response,highly distributed
prolonged,low,minimal,several,no response,centralized
prolonged,low,minimal,several,no response,moderately distributed
prolonged,low,minimal,several,no response,highly distributed
prolonged,low,minimal,several,minimal response,centralized
prolonged,low,minimal,several,minimal response,moderately distributed
prolonged,low,minimal,several,minimal response,highly distributed
prolonged,low,minimal,several,partial response,centralized
prolonged,low,minimal,several,partial response,moderately distributed
prolonged,low,minimal,several,partial response,highly distributed
prolonged,low,minimal,several,widespread response,centralized
prolonged,low,minimal,several,widespread response,moderately distributed
prolonged,low,minimal,several,widespread response,highly distributed
prolonged,low,minimal,several,broad response,centralized
prolonged,low,minimal,several,broad response,moderately distributed
prolonged,low,minimal,several,broad response,highly distributed
prolonged,low,minimal,several,complete response,centralized
prolonged,low,minimal,several,complete response,moderately distributed
prolonged,low,minimal,several,complete response,highly distributed
prolonged,low,minimal,many,no response,centralized
prolonged,low,minimal,many,no response,moderately distributed
prolonged,low,minimal,many,no response,highly distributed
prolonged,low,minimal,many,minimal response,centralized
prolonged,low,minimal,many,minimal response,moderately distributed
prolonged,low,minimal,many,minimal response,highly distributed
prolonged,low,minimal,many,partial response,centralized
prolonged,low,minimal,many,partial response,moderately distributed
prolonged,low,minimal,many,partial response,highly distributed
prolonged,low,minimal,many,widespread response,centralized
prolonged,low,minimal,many,widespread response,moderately distributed
prolonged,low,minimal,many,widespread response,highly distributed
prolonged,low,minimal,many,broad response,centralized
prolonged,low,minimal,many,broad response,moderately distributed
prolonged,low,minimal,many,broad response,highly distributed
prolonged,low,minimal,many,complete response,centralized
prolonged,low,minimal,many,complete response,moderately distributed
prolonged,low,minimal,many,complete response,highly distributed
prolonged,low,minimal,broad sweep,no response,centralized
prolonged,low,minimal,broad sweep,no response,moderately distributed
prolonged,low,minimal,broad sweep,no response,highly distributed
prolonged,low,minimal,broad sweep,minimal response,centralized
prolonged,low,minimal,broad sweep,minimal response,moderately distributed
prolonged,low,minimal,broad sweep,minimal response,highly distributed
prolonged,low,minimal,broad sweep,partial response,centralized
prolonged,low,minimal,broad sweep,partial response,moderately distributed
prolonged,low,minimal,broad sweep,partial response,highly distributed
prolonged,low,minimal,broad sweep,widespread response,centralized
prolonged,low,minimal,broad sweep,widespread response,moderately distributed
prolonged,low,minimal,broad sweep,widespread response,highly distributed
prolonged,low,minimal,broad sweep,broad response,centralized
prolonged,low,minimal,broad sweep,broad response,moderately distributed
prolonged,low,minimal,broad sweep,broad response,highly distributed
prolonged,low,minimal,broad sweep,complete response,centralized
prolonged,low,minimal,broad sweep,complete response,moderately distributed
prolonged,low,minimal,broad sweep,complete response,highly distributed
prolonged,low,low,a few,no response,centralized
prolonged,low,low,a few,no response,moderately distributed
prolonged,low,low,a few,no response,highly distributed
prolonged,low,low,a few,minimal response,centralized
prolonged,low,low,a few,minimal response,moderately distributed
prolonged,low,low,a few,minimal response,highly distributed
prolonged,low,low,a few,partial response,centralized
prolonged,low,low,a few,partial response,moderately distributed
prolonged,low,low,a few,partial response,highly distributed
prolonged,low,low,a few,widespread response,centralized
prolonged,low,low,a few,widespread response,moderately distributed
prolonged,low,low,a few,widespread response,highly distributed
prolonged,low,low,a few,broad response,centralized
prolonged,low,low,a few,broad response,moderately distributed
prolonged,low,low,a few,broad response,highly distributed
prolonged,low,low,a few,complete response,centralized
prolonged,low,low,a few,complete response,moderately distributed
prolonged,low,low,a few,complete response,highly distributed
prolonged,low,low,several,no response,centralized
prolonged,low,low,several,no response,moderately distributed
prolonged,low,low,several,no response,highly distributed
prolonged,low,low,several,minimal response,centralized
prolonged,low,low,several,minimal response,moderately distributed
prolonged,low,low,several,minimal response,highly distributed
prolonged,low,low,several,partial response,centralized
prolonged,low,low,several,partial response,moderately distributed
prolonged,low,low,several,partial response,highly distributed
prolonged,low,low,several,widespread response,centralized
prolonged,low,low,several,widespread response,moderately distributed
prolonged,low,low,several,widespread response,highly distributed
prolonged,low,low,several,broad response,centralized
prolonged,low,low,several,broad response,moderately distributed
prolonged,low,low,several,broad response,highly distributed
prolonged,low,low,several,complete response,centralized
prolonged,low,low,several,complete response,moderately distributed
prolonged,low,low,several,complete response,highly distributed
prolonged,low,low,many,no response,centralized
prolonged,low,low,many,no response,moderately distributed
prolonged,low,low,many,no response,highly distributed
prolonged,low,low,many,minimal response,centralized
prolonged,low,low,many,minimal response,moderately distributed
prolonged,low,low,many,minimal response,highly distributed
prolonged,low,low,many,partial response,centralized
prolonged,low,low,many,partial response,moderately distributed
prolonged,low,low,many,partial response,highly distributed
prolonged,low,low,many,widespread response,centralized
prolonged,low,low,many,widespread response,moderately distributed
prolonged,low,low,many,widespread response,highly distributed
prolonged,low,low,many,broad response,centralized
prolonged,low,low,many,broad response,moderately distributed
prolonged,low,low,many,broad response,highly distributed
prolonged,low,low,many,complete response,centralized
prolonged,low,low,many,complete response,moderately distributed
prolonged,low,low,many,complete response,highly distributed
prolonged,low,low,broad sweep,no response,centralized
prolonged,low,low,broad sweep,no response,moderately distributed
prolonged,low,low,broad sweep,no response,highly distributed
prolonged,low,low,broad sweep,minimal response,centralized
prolonged,low,low,broad sweep,minimal response,moderately distributed
prolonged,low,low,broad sweep,minimal response,highly distributed
prolonged,low,low,broad sweep,partial response,centralized
prolonged,low,low,broad sweep,partial response,moderately distributed
prolonged,low,low,broad sweep,partial response,highly distributed
prolonged,low,low,broad sweep,widespread response,centralized
prolonged,low,low,broad sweep,widespread response,moderately distributed
prolonged,low,low,broad sweep,widespread response,highly distributed
prolonged,low,low,broad sweep,broad response,centralized
prolonged,low,low,broad sweep,broad response,moderately distributed
prolonged,low,low,broad sweep,broad response,highly distributed
prolonged,low,low,broad sweep,complete response,centralized
prolonged,low,low,broad sweep,complete response,moderately distributed
prolonged,low,low,broad sweep,complete response,highly distributed
prolonged,low,moderate,a few,no response,centralized
prolonged,low,moderate,a few,no response,moderately distributed
prolonged,low,moderate,a few,no response,highly distributed
prolonged,low,moderate,a few,minimal response,centralized
prolonged,low,moderate,a few,minimal response,moderately distributed
prolonged,low,moderate,a few,minimal response,highly distributed
prolonged,low,moderate,a few,partial response,centralized
prolonged,low,moderate,a few,partial response,moderately distributed
prolonged,low,moderate,a few,partial response,highly distributed
prolonged,low,moderate,a few,widespread response,centralized
prolonged,low,moderate,a few,widespread response,moderately distributed
prolonged,low,moderate,a few,widespread response,highly distributed
prolonged,low,moderate,a few,broad response,centralized
prolonged,low,moderate,a few,broad response,moderately distributed
prolonged,low,moderate,a few,broad response,highly distributed
prolonged,low,moderate,a few,complete response,centralized
prolonged,low,moderate,a few,complete response,moderately distributed
prolonged,low,moderate,a few,complete response,highly distributed
prolonged,low,moderate,several,no response,centralized
prolonged,low,moderate,several,no response,moderately distributed
prolonged,low,moderate,several,no response,highly distributed
prolonged,low,moderate,several,minimal response,centralized
prolonged,low,moderate,several,minimal response,moderately distributed
prolonged,low,moderate,several,minimal response,highly distributed
prolonged,low,moderate,several,partial response,centralized
prolonged,low,moderate,several,partial response,moderately distributed
prolonged,low,moderate,several,partial response,highly distributed
prolonged,low,moderate,several,widespread response,centralized
prolonged,low,moderate,several,widespread response,moderately distributed
prolonged,low,moderate,several,widespread response,highly distributed
prolonged,low,moderate,several,broad response,centralized
prolonged,low,moderate,several,broad response,moderately distributed
prolonged,low,moderate,several,broad response,highly distributed
prolonged,low,moderate,several,complete response,centralized
prolonged,low,moderate,several,complete response,moderately distributed
prolonged,low,moderate,several,complete response,highly distributed
prolonged,low,moderate,many,no response,centralized
prolonged,low,moderate,many,no response,moderately distributed
prolonged,low,moderate,many,no response,highly distributed
prolonged,low,moderate,many,minimal response,centralized
prolonged,low,moderate,many,minimal response,moderately distributed
prolonged,low,moderate,many,minimal response,highly distributed
prolonged,low,moderate,many,partial response,centralized
prolonged,low,moderate,many,partial response,moderately distributed
prolonged,low,moderate,many,partial response,highly distributed
prolonged,low,moderate,many,widespread response,centralized
prolonged,low,moderate,many,widespread response,moderately distributed
prolonged,low,moderate,many,widespread response,highly distributed
prolonged,low,moderate,many,broad response,centralized
prolonged,low,moderate,many,broad response,moderately distributed
prolonged,low,moderate,many,broad response,highly distributed
prolonged,low,moderate,many,complete response,centralized
prolonged,low,moderate,many,complete response,moderately distributed
prolonged,low,moderate,many,complete response,highly distributed
prolonged,low,moderate,broad sweep,no response,centralized
prolonged,low,moderate,broad sweep,no response,moderately distributed
prolonged,low,moderate,broad sweep,no response,highly distributed
prolonged,low,moderate,broad sweep,minimal response,centralized
prolonged,low,moderate,broad sweep,minimal response,moderately distributed
prolonged,low,moderate,broad sweep,minimal response,highly distributed
prolonged,low,moderate,broad sweep,partial response,centralized
prolonged,low,moderate,broad sweep,partial response,moderately distributed
prolonged,low,moderate,broad sweep,partial response,highly distributed
prolonged,low,moderate,broad sweep,widespread response,centralized
prolonged,low,moderate,broad sweep,widespread response,moderately distributed
prolonged,low,moderate,broad sweep,widespread response,highly distributed
prolonged,low,moderate,broad sweep,broad response,centralized
prolonged,low,moderate,broad sweep,broad response,moderately distributed
prolonged,low,moderate,broad sweep,broad response,highly distributed
prolonged,low,moderate,broad sweep,complete response,centralized
prolonged,low,moderate,broad sweep,complete response,moderately distributed
prolonged,low,moderate,broad sweep,complete response,highly distributed
prolonged,low,dominant,a few,no response,centralized
prolonged,low,dominant,a few,no response,moderately distributed
prolonged,low,dominant,a few,no response,highly distributed
prolonged,low,dominant,a few,minimal response,centralized
prolonged,low,dominant,a few,minimal response,moderately distributed
prolonged,low,dominant,a few,minimal response,highly distributed
prolonged,low,dominant,a few,partial response,centralized
prolonged,low,dominant,a few,partial response,moderately distributed
prolonged,low,dominant,a few,partial response,highly distributed
prolonged,low,dominant,a few,widespread response,centralized
prolonged,low,dominant,a few,widespread response,moderately distributed
prolonged,low,dominant,a few,widespread response,highly distributed
prolonged,low,dominant,a few,broad response,centralized
prolonged,low,dominant,a few,broad response,moderately distributed
prolonged,low,dominant,a few,broad response,highly distributed
prolonged,low,dominant,a few,complete response,centralized
prolonged,low,dominant,a few,complete response,moderately distributed
prolonged,low,dominant,a few,complete response,highly distributed
prolonged,low,dominant,several,no response,centralized
prolonged,low,dominant,several,no response,moderately distributed
prolonged,low,dominant,several,no response,highly distributed
prolonged,low,dominant,several,minimal response,centralized
prolonged,low,dominant,several,minimal response,moderately distributed
prolonged,low,dominant,several,minimal response,highly distributed
prolonged,low,dominant,several,partial response,centralized
prolonged,low,dominant,several,partial response,moderately distributed
prolonged,low,dominant,several,partial response,highly distributed
prolonged,low,dominant,several,widespread response,centralized
prolonged,low,dominant,several,widespread response,moderately distributed
prolonged,low,dominant,several,widespread response,highly distributed
prolonged,low,dominant,several,broad response,centralized
prolonged,low,dominant,several,broad response,moderately distributed
prolonged,low,dominant,several,broad response,highly distributed
prolonged,low,dominant,several,complete response,centralized
prolonged,low,dominant,several,complete response,moderately distributed
prolonged,low,dominant,several,complete response,highly distributed
prolonged,low,dominant,many,no response,centralized
prolonged,low,dominant,many,no response,moderately distributed
prolonged,low,dominant,many,no response,highly distributed
prolonged,low,dominant,many,minimal response,centralized
prolonged,low,dominant,many,minimal response,moderately distributed
prolonged,low,dominant,many,minimal response,highly distributed
prolonged,low,dominant,many,partial response,centralized
prolonged,low,dominant,many,partial response,moderately distributed
prolonged,low,dominant,many,partial response,highly distributed
prolonged,low,dominant,many,widespread response,centralized
prolonged,low,dominant,many,widespread response,moderately distributed
prolonged,low,dominant,many,widespread response,highly distributed
prolonged,low,dominant,many,broad response,centralized
prolonged,low,dominant,many,broad response,moderately distributed
prolonged,low,dominant,many,broad response,highly distributed
prolonged,low,dominant,many,complete response,centralized
prolonged,low,dominant,many,complete response,moderately distributed
prolonged,low,dominant,many,complete response,highly distributed
prolonged,low,dominant,broad sweep,no response,centralized
prolonged,low,dominant,broad sweep,no response,moderately distributed
prolonged,low,dominant,broad sweep,no response,highly distributed
prolonged,low,dominant,broad sweep,minimal response,centralized
prolonged,low,dominant,broad sweep,minimal response,moderately distributed
prolonged,low,dominant,broad sweep,minimal response,highly distributed
prolonged,low,dominant,broad sweep,partial response,centralized
prolonged,low,dominant,broad sweep,partial response,moderately distributed
prolonged,low,dominant,broad sweep,partial response,highly distributed
prolonged,low,dominant,broad sweep,widespread response,centralized
prolonged,low,dominant,broad sweep,widespread response,moderately distributed
prolonged,low,dominant,broad sweep,widespread response,highly distributed
prolonged,low,dominant,broad sweep,broad response,centralized
prolonged,low,dominant,broad sweep,broad response,moderately distributed
prolonged,low,dominant,broad sweep,broad response,highly distributed
prolonged,low,dominant,broad sweep,complete response,centralized
prolonged,low,dominant,broad sweep,complete response,moderately distributed
prolonged,low,dominant,broad sweep,complete response,highly distributed
prolonged,low,overwhelming,a few,no response,centralized
prolonged,low,overwhelming,a few,no response,moderately distributed
prolonged,low,overwhelming,a few,no response,highly distributed
prolonged,low,overwhelming,a few,minimal response,centralized
prolonged,low,overwhelming,a few,minimal response,moderately distributed
prolonged,low,overwhelming,a few,minimal response,highly distributed
prolonged,low,overwhelming,a few,partial response,centralized
prolonged,low,overwhelming,a few,partial response,moderately distributed
prolonged,low,overwhelming,a few,partial response,highly distributed
prolonged,low,overwhelming,a few,widespread response,centralized
prolonged,low,overwhelming,a few,widespread response,moderately distributed
prolonged,low,overwhelming,a few,widespread response,highly distributed
prolonged,low,overwhelming,a few,broad response,centralized
prolonged,low,overwhelming,a few,broad response,moderately distributed
prolonged,low,overwhelming,a few,broad response,highly distributed
prolonged,low,overwhelming,a few,complete response,centralized
prolonged,low,overwhelming,a few,complete response,moderately distributed
prolonged,low,overwhelming,a few,complete response,highly distributed
prolonged,low,overwhelming,several,no response,centralized
prolonged,low,overwhelming,several,no response,moderately distributed
prolonged,low,overwhelming,several,no response,highly distributed
prolonged,low,overwhelming,several,minimal response,centralized
prolonged,low,overwhelming,several,minimal response,moderately distributed
prolonged,low,overwhelming,several,minimal response,highly distributed
prolonged,low,overwhelming,several,partial response,centralized
prolonged,low,overwhelming,several,partial response,moderately distributed
prolonged,low,overwhelming,several,partial response,highly distributed
prolonged,low,overwhelming,several,widespread response,centralized
prolonged,low,overwhelming,several,widespread response,moderately distributed
prolonged,low,overwhelming,several,widespread response,highly distributed
prolonged,low,overwhelming,several,broad response,centralized
prolonged,low,overwhelming,several,broad response,moderately distributed
prolonged,low,overwhelming,several,broad response,highly distributed
prolonged,low,overwhelming,several,complete response,centralized
prolonged,low,overwhelming,several,complete response,moderately distributed
prolonged,low,overwhelming,several,complete response,highly distributed
prolonged,low,overwhelming,many,no response,centralized
prolonged,low,overwhelming,many,no response,moderately distributed
prolonged,low,overwhelming,many,no response,highly distributed
prolonged,low,overwhelming,many,minimal response,centralized
prolonged,low,overwhelming,many,minimal response,moderately distributed
prolonged,low,overwhelming,many,minimal response,highly distributed
prolonged,low,overwhelming,many,partial response,centralized
prolonged,low,overwhelming,many,partial response,moderately distributed
prolonged,low,overwhelming,many,partial response,highly distributed
prolonged,low,overwhelming,many,widespread response,centralized
prolonged,low,overwhelming,many,widespread response,moderately distributed
prolonged,low,overwhelming,many,widespread response,highly distributed
prolonged,low,overwhelming,many,broad response,centralized
prolonged,low,overwhelming,many,broad response,moderately distributed
prolonged,low,overwhelming,many,broad response,highly distributed
prolonged,low,overwhelming,many,complete response,centralized
prolonged,low,overwhelming,many,complete response,moderately distributed
prolonged,low,overwhelming,many,complete response,highly distributed
prolonged,low,overwhelming,broad sweep,no response,centralized
prolonged,low,overwhelming,broad sweep,no response,moderately distributed
prolonged,low,overwhelming,broad sweep,no response,highly distributed
prolonged,low,overwhelming,broad sweep,minimal response,centralized
prolonged,low,overwhelming,broad sweep,minimal response,moderately distributed
prolonged,low,overwhelming,broad sweep,minimal response,highly distributed
prolonged,low,overwhelming,broad sweep,partial response,centralized
prolonged,low,overwhelming,broad sweep,partial response,moderately distributed
prolonged,low,overwhelming,broad sweep,partial response,highly distributed
prolonged,low,overwhelming,broad sweep,widespread response,centralized
prolonged,low,overwhelming,broad sweep,widespread response,moderately distributed
prolonged,low,overwhelming,broad sweep,widespread response,highly distributed
prolonged,low,overwhelming,broad sweep,broad response,centralized
prolonged,low,overwhelming,broad sweep,broad response,moderately distributed
prolonged,low,overwhelming,broad sweep,broad response,highly distributed
prolonged,low,overwhelming,broad sweep,complete response,centralized
prolonged,low,overwhelming,broad sweep,complete response,moderately distributed
prolonged,low,overwhelming,broad sweep,complete response,highly distributed
prolonged,moderate,minimal,a few,no response,centralized
prolonged,moderate,minimal,a few,no response,moderately distributed
prolonged,moderate,minimal,a few,no response,highly distributed
prolonged,moderate,minimal,a few,minimal response,centralized
prolonged,moderate,minimal,a few,minimal response,moderately distributed
prolonged,moderate,minimal,a few,minimal response,highly distributed
prolonged,moderate,minimal,a few,partial response,centralized
prolonged,moderate,minimal,a few,partial response,moderately distributed
prolonged,moderate,minimal,a few,partial response,highly distributed
prolonged,moderate,minimal,a few,widespread response,centralized
prolonged,moderate,minimal,a few,widespread response,moderately distributed
prolonged,moderate,minimal,a few,widespread response,highly distributed
prolonged,moderate,minimal,a few,broad response,centralized
prolonged,moderate,minimal,a few,broad response,moderately distributed
prolonged,moderate,minimal,a few,broad response,highly distributed
prolonged,moderate,minimal,a few,complete response,centralized
prolonged,moderate,minimal,a few,complete response,moderately distributed
prolonged,moderate,minimal,a few,complete response,highly distributed
prolonged,moderate,minimal,several,no response,centralized
prolonged,moderate,minimal,several,no response,moderately distributed
prolonged,moderate,minimal,several,no response,highly distributed
prolonged,moderate,minimal,several,minimal response,centralized
prolonged,moderate,minimal,several,minimal response,moderately distributed
prolonged,moderate,minimal,several,minimal response,highly distributed
prolonged,moderate,minimal,several,partial response,centralized
prolonged,moderate,minimal,several,partial response,moderately distributed
prolonged,moderate,minimal,several,partial response,highly distributed
prolonged,moderate,minimal,several,widespread response,centralized
prolonged,moderate,minimal,several,widespread response,moderately distributed
prolonged,moderate,minimal,several,widespread response,highly distributed
prolonged,moderate,minimal,several,broad response,centralized
prolonged,moderate,minimal,several,broad response,moderately distributed
prolonged,moderate,minimal,several,broad response,highly distributed
prolonged,moderate,minimal,several,complete response,centralized
prolonged,moderate,minimal,several,complete response,moderately distributed
prolonged,moderate,minimal,several,complete response,highly distributed
prolonged,moderate,minimal,many,no response,centralized
prolonged,moderate,minimal,many,no response,moderately distributed
prolonged,moderate,minimal,many,no response,highly distributed
prolonged,moderate,minimal,many,minimal response,centralized
prolonged,moderate,minimal,many,minimal response,moderately distributed
prolonged,moderate,minimal,many,minimal response,highly distributed
prolonged,moderate,minimal,many,partial response,centralized
prolonged,moderate,minimal,many,partial response,moderately distributed
prolonged,moderate,minimal,many,partial response,highly distributed
prolonged,moderate,minimal,many,widespread response,centralized
prolonged,moderate,minimal,many,widespread response,moderately distributed
prolonged,moderate,minimal,many,widespread response,highly distributed
prolonged,moderate,minimal,many,broad response,centralized
prolonged,moderate,minimal,many,broad response,moderately distributed
prolonged,moderate,minimal,many,broad response,highly distributed
prolonged,moderate,minimal,many,complete response,centralized
prolonged,moderate,minimal,many,complete response,moderately distributed
prolonged,moderate,minimal,many,complete response,highly distributed
prolonged,moderate,minimal,broad sweep,no response,centralized
prolonged,moderate,minimal,broad sweep,no response,moderately distributed
prolonged,moderate,minimal,broad sweep,no response,highly distributed
prolonged,moderate,minimal,broad sweep,minimal response,centralized
prolonged,moderate,minimal,broad sweep,minimal response,moderately distributed
prolonged,moderate,minimal,broad sweep,minimal response,highly distributed
prolonged,moderate,minimal,broad sweep,partial response,centralized
prolonged,moderate,minimal,broad sweep,partial response,moderately distributed
prolonged,moderate,minimal,broad sweep,partial response,highly distributed
prolonged,moderate,minimal,broad sweep,widespread response,centralized
prolonged,moderate,minimal,broad sweep,widespread response,moderately distributed
prolonged,moderate,minimal,broad sweep,widespread response,highly distributed
prolonged,moderate,minimal,broad sweep,broad response,centralized
prolonged,moderate,minimal,broad sweep,broad response,moderately distributed
prolonged,moderate,minimal,broad sweep,broad response,highly distributed
prolonged,moderate,minimal,broad sweep,complete response,centralized
prolonged,moderate,minimal,broad sweep,complete response,moderately distributed
prolonged,moderate,minimal,broad sweep,complete response,highly distributed
prolonged,moderate,low,a few,no response,centralized
prolonged,moderate,low,a few,no response,moderately distributed
prolonged,moderate,low,a few,no response,highly distributed
prolonged,moderate,low,a few,minimal response,centralized
prolonged,moderate,low,a few,minimal response,moderately distributed
prolonged,moderate,low,a few,minimal response,highly distributed
prolonged,moderate,low,a few,partial response,centralized
prolonged,moderate,low,a few,partial response,moderately distributed
prolonged,moderate,low,a few,partial response,highly distributed
prolonged,moderate,low,a few,widespread response,centralized
prolonged,moderate,low,a few,widespread response,moderately distributed
prolonged,moderate,low,a few,widespread response,highly distributed
prolonged,moderate,low,a few,broad response,centralized
prolonged,moderate,low,a few,broad response,moderately distributed
prolonged,moderate,low,a few,broad response,highly distributed
prolonged,moderate,low,a few,complete response,centralized
prolonged,moderate,low,a few,complete response,moderately distributed
prolonged,moderate,low,a few,complete response,highly distributed
prolonged,moderate,low,several,no response,centralized
prolonged,moderate,low,several,no response,moderately distributed
prolonged,moderate,low,several,no response,highly distributed
prolonged,moderate,low,several,minimal response,centralized
prolonged,moderate,low,several,minimal response,moderately distributed
prolonged,moderate,low,several,minimal response,highly distributed
prolonged,moderate,low,several,partial response,centralized
prolonged,moderate,low,several,partial response,moderately distributed
prolonged,moderate,low,several,partial response,highly distributed
prolonged,moderate,low,several,widespread response,centralized
prolonged,moderate,low,several,widespread response,moderately distributed
prolonged,moderate,low,several,widespread response,highly distributed
prolonged,moderate,low,several,broad response,centralized
prolonged,moderate,low,several,broad response,moderately distributed
prolonged,moderate,low,several,broad response,highly distributed
prolonged,moderate,low,several,complete response,centralized
prolonged,moderate,low,several,complete response,moderately distributed
prolonged,moderate,low,several,complete response,highly distributed
prolonged,moderate,low,many,no response,centralized
prolonged,moderate,low,many,no response,moderately distributed
prolonged,moderate,low,many,no response,highly distributed
prolonged,moderate,low,many,minimal response,centralized
prolonged,moderate,low,many,minimal response,moderately distributed
prolonged,moderate,low,many,minimal response,highly distributed
prolonged,moderate,low,many,partial response,centralized
prolonged,moderate,low,many,partial response,moderately distributed
prolonged,moderate,low,many,partial response,highly distributed
prolonged,moderate,low,many,widespread response,centralized
prolonged,moderate,low,many,widespread response,moderately distributed
prolonged,moderate,low,many,widespread response,highly distributed
prolonged,moderate,low,many,broad response,centralized
prolonged,moderate,low,many,broad response,moderately distributed
prolonged,moderate,low,many,broad response,highly distributed
prolonged,moderate,low,many,complete response,centralized
prolonged,moderate,low,many,complete response,moderately distributed
prolonged,moderate,low,many,complete response,highly distributed
prolonged,moderate,low,broad sweep,no response,centralized
prolonged,moderate,low,broad sweep,no response,moderately distributed
prolonged,moderate,low,broad sweep,no response,highly distributed
prolonged,moderate,low,broad sweep,minimal response,centralized
prolonged,moderate,low,broad sweep,minimal response,moderately distributed
prolonged,moderate,low,broad sweep,minimal response,highly distributed
prolonged,moderate,low,broad sweep,partial response,centralized
prolonged,moderate,low,broad sweep,partial response,moderately distributed
prolonged,moderate,low,broad sweep,partial response,highly distributed
prolonged,moderate,low,broad sweep,widespread response,centralized
prolonged,moderate,low,broad sweep,widespread response,moderately distributed
prolonged,moderate,low,broad sweep,widespread response,highly distributed
prolonged,moderate,low,broad sweep,broad response,centralized
prolonged,moderate,low,broad sweep,broad response,moderately distributed
prolonged,moderate,low,broad sweep,broad response,highly distributed
prolonged,moderate,low,broad sweep,complete response,centralized
prolonged,moderate,low,broad sweep,complete response,moderately distributed
prolonged,moderate,low,broad sweep,complete response,highly distributed
prolonged,moderate,moderate,a few,no response,centralized
prolonged,moderate,moderate,a few,no response,moderately distributed
prolonged,moderate,moderate,a few,no response,highly distributed
prolonged,moderate,moderate,a few,minimal response,centralized
prolonged,moderate,moderate,a few,minimal response,moderately distributed
prolonged,moderate,moderate,a few,minimal response,highly distributed
prolonged,moderate,moderate,a few,partial response,centralized
prolonged,moderate,moderate,a few,partial response,moderately distributed
prolonged,moderate,moderate,a few,partial response,highly distributed
prolonged,moderate,moderate,a few,widespread response,centralized
prolonged,moderate,moderate,a few,widespread response,moderately distributed
prolonged,moderate,moderate,a few,widespread response,highly distributed
prolonged,moderate,moderate,a few,broad response,centralized
prolonged,moderate,moderate,a few,broad response,moderately distributed
prolonged,moderate,moderate,a few,broad response,highly distributed
prolonged,moderate,moderate,a few,complete response,centralized
prolonged,moderate,moderate,a few,complete response,moderately distributed
prolonged,moderate,moderate,a few,complete response,highly distributed
prolonged,moderate,moderate,several,no response,centralized
prolonged,moderate,moderate,several,no response,moderately distributed
prolonged,moderate,moderate,several,no response,highly distributed
prolonged,moderate,moderate,several,minimal response,centralized
prolonged,moderate,moderate,several,minimal response,moderately distributed
prolonged,moderate,moderate,several,minimal response,highly distributed
prolonged,moderate,moderate,several,partial response,centralized
prolonged,moderate,moderate,several,partial response,moderately distributed
prolonged,moderate,moderate,several,partial response,highly distributed
prolonged,moderate,moderate,several,widespread response,centralized
prolonged,moderate,moderate,several,widespread response,moderately distributed
prolonged,moderate,moderate,several,widespread response,highly distributed
prolonged,moderate,moderate,several,broad response,centralized
prolonged,moderate,moderate,several,broad response,moderately distributed
prolonged,moderate,moderate,several,broad response,highly distributed
prolonged,moderate,moderate,several,complete response,centralized
prolonged,moderate,moderate,several,complete response,moderately distributed
prolonged,moderate,moderate,several,complete response,highly distributed
prolonged,moderate,moderate,many,no response,centralized
prolonged,moderate,moderate,many,no response,moderately distributed
prolonged,moderate,moderate,many,no response,highly distributed
prolonged,moderate,moderate,many,minimal response,centralized
prolonged,moderate,moderate,many,minimal response,moderately distributed
prolonged,moderate,moderate,many,minimal response,highly distributed
prolonged,moderate,moderate,many,partial response,centralized
prolonged,moderate,moderate,many,partial response,moderately distributed
prolonged,moderate,moderate,many,partial response,highly distributed
prolonged,moderate,moderate,many,widespread response,centralized
prolonged,moderate,moderate,many,widespread response,moderately distributed
prolonged,moderate,moderate,many,widespread response,highly distributed
prolonged,moderate,moderate,many,broad response,centralized
prolonged,moderate,moderate,many,broad response,moderately distributed
prolonged,moderate,moderate,many,broad response,highly distributed
prolonged,moderate,moderate,many,complete response,centralized
prolonged,moderate,moderate,many,complete response,moderately distributed
prolonged,moderate,moderate,many,complete response,highly distributed
prolonged,moderate,moderate,broad sweep,no response,centralized
prolonged,moderate,moderate,broad sweep,no response,moderately distributed
prolonged,moderate,moderate,broad sweep,no response,highly distributed
prolonged,moderate,moderate,broad sweep,minimal response,centralized
prolonged,moderate,moderate,broad sweep,minimal response,moderately distributed
prolonged,moderate,moderate,broad sweep,minimal response,highly distributed
prolonged,moderate,moderate,broad sweep,partial response,centralized
prolonged,moderate,moderate,broad sweep,partial response,moderately distributed
prolonged,moderate,moderate,broad sweep,partial response,highly distributed
prolonged,moderate,moderate,broad sweep,widespread response,centralized
prolonged,moderate,moderate,broad sweep,widespread response,moderately distributed
prolonged,moderate,moderate,broad sweep,widespread response,highly distributed
prolonged,moderate,moderate,broad sweep,broad response,centralized
prolonged,moderate,moderate,broad sweep,broad response,moderately distributed
prolonged,moderate,moderate,broad sweep,broad response,highly distributed
prolonged,moderate,moderate,broad sweep,complete response,centralized
prolonged,moderate,moderate,broad sweep,complete response,moderately distributed
prolonged,moderate,moderate,broad sweep,complete response,highly distributed
prolonged,moderate,dominant,a few,no response,centralized
prolonged,moderate,dominant,a few,no response,moderately distributed
prolonged,moderate,dominant,a few,no response,highly distributed
prolonged,moderate,dominant,a few,minimal response,centralized
prolonged,moderate,dominant,a few,minimal response,moderately distributed
prolonged,moderate,dominant,a few,minimal response,highly distributed
prolonged,moderate,dominant,a few,partial response,centralized
prolonged,moderate,dominant,a few,partial response,moderately distributed
prolonged,moderate,dominant,a few,partial response,highly distributed
prolonged,moderate,dominant,a few,widespread response,centralized
prolonged,moderate,dominant,a few,widespread response,moderately distributed
prolonged,moderate,dominant,a few,widespread response,highly distributed
prolonged,moderate,dominant,a few,broad response,centralized
prolonged,moderate,dominant,a few,broad response,moderately distributed
prolonged,moderate,dominant,a few,broad response,highly distributed
prolonged,moderate,dominant,a few,complete response,centralized
prolonged,moderate,dominant,a few,complete response,moderately distributed
prolonged,moderate,dominant,a few,complete response,highly distributed
prolonged,moderate,dominant,several,no response,centralized
prolonged,moderate,dominant,several,no response,moderately distributed
prolonged,moderate,dominant,several,no response,highly distributed
prolonged,moderate,dominant,several,minimal response,centralized
prolonged,moderate,dominant,several,minimal response,moderately distributed
prolonged,moderate,dominant,several,minimal response,highly distributed
prolonged,moderate,dominant,several,partial response,centralized
prolonged,moderate,dominant,several,partial response,moderately distributed
prolonged,moderate,dominant,several,partial response,highly distributed
prolonged,moderate,dominant,several,widespread response,centralized
prolonged,moderate,dominant,several,widespread response,moderately distributed
prolonged,moderate,dominant,several,widespread response,highly distributed
prolonged,moderate,dominant,several,broad response,centralized
prolonged,moderate,dominant,several,broad response,moderately distributed
prolonged,moderate,dominant,several,broad response,highly distributed
prolonged,moderate,dominant,several,complete response,centralized
prolonged,moderate,dominant,several,complete response,moderately distributed
prolonged,moderate,dominant,several,complete response,highly distributed
prolonged,moderate,dominant,many,no response,centralized
prolonged,moderate,dominant,many,no response,moderately distributed
prolonged,moderate,dominant,many,no response,highly distributed
prolonged,moderate,dominant,many,minimal response,centralized
prolonged,moderate,dominant,many,minimal response,moderately distributed
prolonged,moderate,dominant,many,minimal response,highly distributed
prolonged,moderate,dominant,many,partial response,centralized
prolonged,moderate,dominant,many,partial response,moderately distributed
prolonged,moderate,dominant,many,partial response,highly distributed
prolonged,moderate,dominant,many,widespread response,centralized
prolonged,moderate,dominant,many,widespread response,moderately distributed
prolonged,moderate,dominant,many,widespread response,highly distributed
prolonged,moderate,dominant,many,broad response,centralized
prolonged,moderate,dominant,many,broad response,moderately distributed
prolonged,moderate,dominant,many,broad response,highly distributed
prolonged,moderate,dominant,many,complete response,centralized
prolonged,moderate,dominant,many,complete response,moderately distributed
prolonged,moderate,dominant,many,complete response,highly distributed
prolonged,moderate,dominant,broad sweep,no response,centralized
prolonged,moderate,dominant,broad sweep,no response,moderately distributed
prolonged,moderate,dominant,broad sweep,no response,highly distributed
prolonged,moderate,dominant,broad sweep,minimal response,centralized
prolonged,moderate,dominant,broad sweep,minimal response,moderately distributed
prolonged,moderate,dominant,broad sweep,minimal response,highly distributed
prolonged,moderate,dominant,broad sweep,partial response,centralized
prolonged,moderate,dominant,broad sweep,partial response,moderately distributed
prolonged,moderate,dominant,broad sweep,partial response,highly distributed
prolonged,moderate,dominant,broad sweep,widespread response,centralized
prolonged,moderate,dominant,broad sweep,widespread response,moderately distributed
prolonged,moderate,dominant,broad sweep,widespread response,highly distributed
prolonged,moderate,dominant,broad sweep,broad response,centralized
prolonged,moderate,dominant,broad sweep,broad response,moderately distributed
prolonged,moderate,dominant,broad sweep,broad response,highly distributed
prolonged,moderate,dominant,broad sweep,complete response,centralized
prolonged,moderate,dominant,broad sweep,complete response,moderately distributed
prolonged,moderate,dominant,broad sweep,complete response,highly distributed
prolonged,moderate,overwhelming,a few,no response,centralized
prolonged,moderate,overwhelming,a few,no response,moderately distributed
prolonged,moderate,overwhelming,a few,no response,highly distributed
prolonged,moderate,overwhelming,a few,minimal response,centralized
prolonged,moderate,overwhelming,a few,minimal response,moderately distributed
prolonged,moderate,overwhelming,a few,minimal response,highly distributed
prolonged,moderate,overwhelming,a few,partial response,centralized
prolonged,moderate,overwhelming,a few,partial response,moderately distributed
prolonged,moderate,overwhelming,a few,partial response,highly distributed
prolonged,moderate,overwhelming,a few,widespread response,centralized
prolonged,moderate,overwhelming,a few,widespread response,moderately distributed
prolonged,moderate,overwhelming,a few,widespread response,highly distributed
prolonged,moderate,overwhelming,a few,broad response,centralized
prolonged,moderate,overwhelming,a few,broad response,moderately distributed
prolonged,moderate,overwhelming,a few,broad response,highly distributed
prolonged,moderate,overwhelming,a few,complete response,centralized
prolonged,moderate,overwhelming,a few,complete response,moderately distributed
prolonged,moderate,overwhelming,a few,complete response,highly distributed
prolonged,moderate,overwhelming,several,no response,centralized
prolonged,moderate,overwhelming,several,no response,moderately distributed
prolonged,moderate,overwhelming,several,no response,highly distributed
prolonged,moderate,overwhelming,several,minimal response,centralized
prolonged,moderate,overwhelming,several,minimal response,moderately distributed
prolonged,moderate,overwhelming,several,minimal response,highly distributed
prolonged,moderate,overwhelming,several,partial response,centralized
prolonged,moderate,overwhelming,several,partial response,moderately distributed
prolonged,moderate,overwhelming,several,partial response,highly distributed
prolonged,moderate,overwhelming,several,widespread response,centralized
prolonged,moderate,overwhelming,several,widespread response,moderately distributed
prolonged,moderate,overwhelming,several,widespread response,highly distributed
prolonged,moderate,overwhelming,several,broad response,centralized
prolonged,moderate,overwhelming,several,broad response,moderately distributed
prolonged,moderate,overwhelming,several,broad response,highly distributed
prolonged,moderate,overwhelming,several,complete response,centralized
prolonged,moderate,overwhelming,several,complete response,moderately distributed
prolonged,moderate,overwhelming,several,complete response,highly distributed
prolonged,moderate,overwhelming,many,no response,centralized
prolonged,moderate,overwhelming,many,no response,moderately distributed
prolonged,moderate,overwhelming,many,no response,highly distributed
prolonged,moderate,overwhelming,many,minimal response,centralized
prolonged,moderate,overwhelming,many,minimal response,moderately distributed
prolonged,moderate,overwhelming,many,minimal response,highly distributed
prolonged,moderate,overwhelming,many,partial response,centralized
prolonged,moderate,overwhelming,many,partial response,moderately distributed
prolonged,moderate,overwhelming,many,partial response,highly distributed
prolonged,moderate,overwhelming,many,widespread response,centralized
prolonged,moderate,overwhelming,many,widespread response,moderately distributed
prolonged,moderate,overwhelming,many,widespread response,highly distributed
prolonged,moderate,overwhelming,many,broad response,centralized
prolonged,moderate,overwhelming,many,broad response,moderately distributed
prolonged,moderate,overwhelming,many,broad response,highly distributed
prolonged,moderate,overwhelming,many,complete response,centralized
prolonged,moderate,overwhelming,many,complete response,moderately distributed
prolonged,moderate,overwhelming,many,complete response,highly distributed
prolonged,moderate,overwhelming,broad sweep,no response,centralized
prolonged,moderate,overwhelming,broad sweep,no response,moderately distributed
prolonged,moderate,overwhelming,broad sweep,no response,highly distributed
prolonged,moderate,overwhelming,broad sweep,minimal response,centralized
prolonged,moderate,overwhelming,broad sweep,minimal response,moderately distributed
prolonged,moderate,overwhelming,broad sweep,minimal response,highly distributed
prolonged,moderate,overwhelming,broad sweep,partial response,centralized
prolonged,moderate,overwhelming,broad sweep,partial response,moderately distributed
prolonged,moderate,overwhelming,broad sweep,partial response,highly distributed
prolonged,moderate,overwhelming,broad sweep,widespread response,centralized
prolonged,moderate,overwhelming,broad sweep,widespread response,moderately distributed
prolonged,moderate,overwhelming,broad sweep,widespread response,highly distributed
prolonged,moderate,overwhelming,broad sweep,broad response,centralized
prolonged,moderate,overwhelming,broad sweep,broad response,moderately distributed
prolonged,moderate,overwhelming,broad sweep,broad response,highly distributed
prolonged,moderate,overwhelming,broad sweep,complete response,centralized
prolonged,moderate,overwhelming,broad sweep,complete response,moderately distributed
prolonged,moderate,overwhelming,broad sweep,complete response,highly distributed
prolonged,high,minimal,a few,no response,centralized
prolonged,high,minimal,a few,no response,moderately distributed
prolonged,high,minimal,a few,no response,highly distributed
prolonged,high,minimal,a few,minimal response,centralized
prolonged,high,minimal,a few,minimal response,moderately distributed
prolonged,high,minimal,a few,minimal response,highly distributed
prolonged,high,minimal,a few,partial response,centralized
prolonged,high,minimal,a few,partial response,moderately distributed
prolonged,high,minimal,a few,partial response,highly distributed
prolonged,high,minimal,a few,widespread response,centralized
prolonged,high,minimal,a few,widespread response,moderately distributed
prolonged,high,minimal,a few,widespread response,highly distributed
prolonged,high,minimal,a few,broad response,centralized
prolonged,high,minimal,a few,broad response,moderately distributed
prolonged,high,minimal,a few,broad response,highly distributed
prolonged,high,minimal,a few,complete response,centralized
prolonged,high,minimal,a few,complete response,moderately distributed
prolonged,high,minimal,a few,complete response,highly distributed
prolonged,high,minimal,several,no response,centralized
prolonged,high,minimal,several,no response,moderately distributed
prolonged,high,minimal,several,no response,highly distributed
prolonged,high,minimal,several,minimal response,centralized
prolonged,high,minimal,several,minimal response,moderately distributed
prolonged,high,minimal,several,minimal response,highly distributed
prolonged,high,minimal,several,partial response,centralized
prolonged,high,minimal,several,partial response,moderately distributed
prolonged,high,minimal,several,partial response,highly distributed
prolonged,high,minimal,several,widespread response,centralized
prolonged,high,minimal,several,widespread response,moderately distributed
prolonged,high,minimal,several,widespread response,highly distributed
prolonged,high,minimal,several,broad response,centralized
prolonged,high,minimal,several,broad response,moderately distributed
prolonged,high,minimal,several,broad response,highly distributed
prolonged,high,minimal,several,complete response,centralized
prolonged,high,minimal,several,complete response,moderately distributed
prolonged,high,minimal,several,complete response,highly distributed
prolonged,high,minimal,many,no response,centralized
prolonged,high,minimal,many,no response,moderately distributed
prolonged,high,minimal,many,no response,highly distributed
prolonged,high,minimal,many,minimal response,centralized
prolonged,high,minimal,many,minimal response,moderately distributed
prolonged,high,minimal,many,minimal response,highly distributed
prolonged,high,minimal,many,partial response,centralized
prolonged,high,minimal,many,partial response,moderately distributed
prolonged,high,minimal,many,partial response,highly distributed
prolonged,high,minimal,many,widespread response,centralized
prolonged,high,minimal,many,widespread response,moderately distributed
prolonged,high,minimal,many,widespread response,highly distributed
prolonged,high,minimal,many,broad response,centralized
prolonged,high,minimal,many,broad response,moderately distributed
prolonged,high,minimal,many,broad response,highly distributed
prolonged,high,minimal,many,complete response,centralized
prolonged,high,minimal,many,complete response,moderately distributed
prolonged,high,minimal,many,complete response,highly distributed
prolonged,high,minimal,broad sweep,no response,centralized
prolonged,high,minimal,broad sweep,no response,moderately distributed
prolonged,high,minimal,broad sweep,no response,highly distributed
prolonged,high,minimal,broad sweep,minimal response,centralized
prolonged,high,minimal,broad sweep,minimal response,moderately distributed
prolonged,high,minimal,broad sweep,minimal response,highly distributed
prolonged,high,minimal,broad sweep,partial response,centralized
prolonged,high,minimal,broad sweep,partial response,moderately distributed
prolonged,high,minimal,broad sweep,partial response,highly distributed
prolonged,high,minimal,broad sweep,widespread response,centralized
prolonged,high,minimal,broad sweep,widespread response,moderately distributed
prolonged,high,minimal,broad sweep,widespread response,highly distributed
prolonged,high,minimal,broad sweep,broad response,centralized
prolonged,high,minimal,broad sweep,broad response,moderately distributed
prolonged,high,minimal,broad sweep,broad response,highly distributed
prolonged,high,minimal,broad sweep,complete response,centralized
prolonged,high,minimal,broad sweep,complete response,moderately distributed
prolonged,high,minimal,broad sweep,complete response,highly distributed
prolonged,high,low,a few,no response,centralized
prolonged,high,low,a few,no response,moderately distributed
prolonged,high,low,a few,no response,highly distributed
prolonged,high,low,a few,minimal response,centralized
prolonged,high,low,a few,minimal response,moderately distributed
prolonged,high,low,a few,minimal response,highly distributed
prolonged,high,low,a few,partial response,centralized
prolonged,high,low,a few,partial response,moderately distributed
prolonged,high,low,a few,partial response,highly distributed
prolonged,high,low,a few,widespread response,centralized
prolonged,high,low,a few,widespread response,moderately distributed
prolonged,high,low,a few,widespread response,highly distributed
prolonged,high,low,a few,broad response,centralized
prolonged,high,low,a few,broad response,moderately distributed
prolonged,high,low,a few,broad response,highly distributed
prolonged,high,low,a few,complete response,centralized
prolonged,high,low,a few,complete response,moderately distributed
prolonged,high,low,a few,complete response,highly distributed
prolonged,high,low,several,no response,centralized
prolonged,high,low,several,no response,moderately distributed
prolonged,high,low,several,no response,highly distributed
prolonged,high,low,several,minimal response,centralized
prolonged,high,low,several,minimal response,moderately distributed
prolonged,high,low,several,minimal response,highly distributed
prolonged,high,low,several,partial response,centralized
prolonged,high,low,several,partial response,moderately distributed
prolonged,high,low,several,partial response,highly distributed
prolonged,high,low,several,widespread response,centralized
prolonged,high,low,several,widespread response,moderately distributed
prolonged,high,low,several,widespread response,highly distributed
prolonged,high,low,several,broad response,centralized
prolonged,high,low,several,broad response,moderately distributed
prolonged,high,low,several,broad response,highly distributed
prolonged,high,low,several,complete response,centralized
prolonged,high,low,several,complete response,moderately distributed
prolonged,high,low,several,complete response,highly distributed
prolonged,high,low,many,no response,centralized
prolonged,high,low,many,no response,moderately distributed
prolonged,high,low,many,no response,highly distributed
prolonged,high,low,many,minimal response,centralized
prolonged,high,low,many,minimal response,moderately distributed
prolonged,high,low,many,minimal response,highly distributed
prolonged,high,low,many,partial response,centralized
prolonged,high,low,many,partial response,moderately distributed
prolonged,high,low,many,partial response,highly distributed
prolonged,high,low,many,widespread response,centralized
prolonged,high,low,many,widespread response,moderately distributed
prolonged,high,low,many,widespread response,highly distributed
prolonged,high,low,many,broad response,centralized
prolonged,high,low,many,broad response,moderately distributed
prolonged,high,low,many,broad response,highly distributed
prolonged,high,low,many,complete response,centralized
prolonged,high,low,many,complete response,moderately distributed
prolonged,high,low,many,complete response,highly distributed
prolonged,high,low,broad sweep,no response,centralized
prolonged,high,low,broad sweep,no response,moderately distributed
prolonged,high,low,broad sweep,no response,highly distributed
prolonged,high,low,broad sweep,minimal response,centralized
prolonged,high,low,broad sweep,minimal response,moderately distributed
prolonged,high,low,broad sweep,minimal response,highly distributed
prolonged,high,low,broad sweep,partial response,centralized
prolonged,high,low,broad sweep,partial response,moderately distributed
prolonged,high,low,broad sweep,partial response,highly distributed
prolonged,high,low,broad sweep,widespread response,centralized
prolonged,high,low,broad sweep,widespread response,moderately distributed
prolonged,high,low,broad sweep,widespread response,highly distributed
prolonged,high,low,broad sweep,broad response,centralized
prolonged,high,low,broad sweep,broad response,moderately distributed
prolonged,high,low,broad sweep,broad response,highly distributed
prolonged,high,low,broad sweep,complete response,centralized
prolonged,high,low,broad sweep,complete response,moderately distributed
prolonged,high,low,broad sweep,complete response,highly distributed
prolonged,high,moderate,a few,no response,centralized
prolonged,high,moderate,a few,no response,moderately distributed
prolonged,high,moderate,a few,no response,highly distributed
prolonged,high,moderate,a few,minimal response,centralized
prolonged,high,moderate,a few,minimal response,moderately distributed
prolonged,high,moderate,a few,minimal response,highly distributed
prolonged,high,moderate,a few,partial response,centralized
prolonged,high,moderate,a few,partial response,moderately distributed
prolonged,high,moderate,a few,partial response,highly distributed
prolonged,high,moderate,a few,widespread response,centralized
prolonged,high,moderate,a few,widespread response,moderately distributed
prolonged,high,moderate,a few,widespread response,highly distributed
prolonged,high,moderate,a few,broad response,centralized
prolonged,high,moderate,a few,broad response,moderately distributed
prolonged,high,moderate,a few,broad response,highly distributed
prolonged,high,moderate,a few,complete response,centralized
prolonged,high,moderate,a few,complete response,moderately distributed
prolonged,high,moderate,a few,complete response,highly distributed
prolonged,high,moderate,several,no response,centralized
prolonged,high,moderate,several,no response,moderately distributed
prolonged,high,moderate,several,no response,highly distributed
prolonged,high,moderate,several,minimal response,centralized
prolonged,high,moderate,several,minimal response,moderately distributed
prolonged,high,moderate,several,minimal response,highly distributed
prolonged,high,moderate,several,partial response,centralized
prolonged,high,moderate,several,partial response,moderately distributed
prolonged,high,moderate,several,partial response,highly distributed
prolonged,high,moderate,several,widespread response,centralized
prolonged,high,moderate,several,widespread response,moderately distributed
prolonged,high,moderate,several,widespread response,highly distributed
prolonged,high,moderate,several,broad response,centralized
prolonged,high,moderate,several,broad response,moderately distributed
prolonged,high,moderate,several,broad response,highly distributed
prolonged,high,moderate,several,complete response,centralized
prolonged,high,moderate,several,complete response,moderately distributed
prolonged,high,moderate,several,complete response,highly distributed
prolonged,high,moderate,many,no response,centralized
prolonged,high,moderate,many,no response,moderately distributed
prolonged,high,moderate,many,no response,highly distributed
prolonged,high,moderate,many,minimal response,centralized
prolonged,high,moderate,many,minimal response,moderately distributed
prolonged,high,moderate,many,minimal response,highly distributed
prolonged,high,moderate,many,partial response,centralized
prolonged,high,moderate,many,partial response,moderately distributed
prolonged,high,moderate,many,partial response,highly distributed
prolonged,high,moderate,many,widespread response,centralized
prolonged,high,moderate,many,widespread response,moderately distributed
prolonged,high,moderate,many,widespread response,highly distributed
prolonged,high,moderate,many,broad response,centralized
prolonged,high,moderate,many,broad response,moderately distributed
prolonged,high,moderate,many,broad response,highly distributed
prolonged,high,moderate,many,complete response,centralized
prolonged,high,moderate,many,complete response,moderately distributed
prolonged,high,moderate,many,complete response,highly distributed
prolonged,high,moderate,broad sweep,no response,centralized
prolonged,high,moderate,broad sweep,no response,moderately distributed
prolonged,high,moderate,broad sweep,no response,highly distributed
prolonged,high,moderate,broad sweep,minimal response,centralized
prolonged,high,moderate,broad sweep,minimal response,moderately distributed
prolonged,high,moderate,broad sweep,minimal response,highly distributed
prolonged,high,moderate,broad sweep,partial response,centralized
prolonged,high,moderate,broad sweep,partial response,moderately distributed
prolonged,high,moderate,broad sweep,partial response,highly distributed
prolonged,high,moderate,broad sweep,widespread response,centralized
prolonged,high,moderate,broad sweep,widespread response,moderately distributed
prolonged,high,moderate,broad sweep,widespread response,highly distributed
prolonged,high,moderate,broad sweep,broad response,centralized
prolonged,high,moderate,broad sweep,broad response,moderately distributed
prolonged,high,moderate,broad sweep,broad response,highly distributed
prolonged,high,moderate,broad sweep,complete response,centralized
prolonged,high,moderate,broad sweep,complete response,moderately distributed
prolonged,high,moderate,broad sweep,complete response,highly distributed
prolonged,high,dominant,a few,no response,centralized
prolonged,high,dominant,a few,no response,moderately distributed
prolonged,high,dominant,a few,no response,highly distributed
prolonged,high,dominant,a few,minimal response,centralized
prolonged,high,dominant,a few,minimal response,moderately distributed
prolonged,high,dominant,a few,minimal response,highly distributed
prolonged,high,dominant,a few,partial response,centralized
prolonged,high,dominant,a few,partial response,moderately distributed
prolonged,high,dominant,a few,partial response,highly distributed
prolonged,high,dominant,a few,widespread response,centralized
prolonged,high,dominant,a few,widespread response,moderately distributed
prolonged,high,dominant,a few,widespread response,highly distributed
prolonged,high,dominant,a few,broad response,centralized
prolonged,high,dominant,a few,broad response,moderately distributed
prolonged,high,dominant,a few,broad response,highly distributed
prolonged,high,dominant,a few,complete response,centralized
prolonged,high,dominant,a few,complete response,moderately distributed
prolonged,high,dominant,a few,complete response,highly distributed
prolonged,high,dominant,several,no response,centralized
prolonged,high,dominant,several,no response,moderately distributed
prolonged,high,dominant,several,no response,highly distributed
prolonged,high,dominant,several,minimal response,centralized
prolonged,high,dominant,several,minimal response,moderately distributed
prolonged,high,dominant,several,minimal response,highly distributed
prolonged,high,dominant,several,partial response,centralized
prolonged,high,dominant,several,partial response,moderately distributed
prolonged,high,dominant,several,partial response,highly distributed
prolonged,high,dominant,several,widespread response,centralized
prolonged,high,dominant,several,widespread response,moderately distributed
prolonged,high,dominant,several,widespread response,highly distributed
prolonged,high,dominant,several,broad response,centralized
prolonged,high,dominant,several,broad response,moderately distributed
prolonged,high,dominant,several,broad response,highly distributed
prolonged,high,dominant,several,complete response,centralized
prolonged,high,dominant,several,complete response,moderately distributed
prolonged,high,dominant,several,complete response,highly distributed
prolonged,high,dominant,many,no response,centralized
prolonged,high,dominant,many,no response,moderately distributed
prolonged,high,dominant,many,no response,highly distributed
prolonged,high,dominant,many,minimal response,centralized
prolonged,high,dominant,many,minimal response,moderately distributed
prolonged,high,dominant,many,minimal response,highly distributed
prolonged,high,dominant,many,partial response,centralized
prolonged,high,dominant,many,partial response,moderately distributed
prolonged,high,dominant,many,partial response,highly distributed
prolonged,high,dominant,many,widespread response,centralized
prolonged,high,dominant,many,widespread response,moderately distributed
prolonged,high,dominant,many,widespread response,highly distributed
prolonged,high,dominant,many,broad response,centralized
prolonged,high,dominant,many,broad response,moderately distributed
prolonged,high,dominant,many,broad response,highly distributed
prolonged,high,dominant,many,complete response,centralized
prolonged,high,dominant,many,complete response,moderately distributed
prolonged,high,dominant,many,complete response,highly distributed
prolonged,high,dominant,broad sweep,no response,centralized
prolonged,high,dominant,broad sweep,no response,moderately distributed
prolonged,high,dominant,broad sweep,no response,highly distributed
prolonged,high,dominant,broad sweep,minimal response,centralized
prolonged,high,dominant,broad sweep,minimal response,moderately distributed
prolonged,high,dominant,broad sweep,minimal response,highly distributed
prolonged,high,dominant,broad sweep,partial response,centralized
prolonged,high,dominant,broad sweep,partial response,moderately distributed
prolonged,high,dominant,broad sweep,partial response,highly distributed
prolonged,high,dominant,broad sweep,widespread response,centralized
prolonged,high,dominant,broad sweep,widespread response,moderately distributed
prolonged,high,dominant,broad sweep,widespread response,highly distributed
prolonged,high,dominant,broad sweep,broad response,centralized
prolonged,high,dominant,broad sweep,broad response,moderately distributed
prolonged,high,dominant,broad sweep,broad response,highly distributed
prolonged,high,dominant,broad sweep,complete response,centralized
prolonged,high,dominant,broad sweep,complete response,moderately distributed
prolonged,high,dominant,broad sweep,complete response,highly distributed
prolonged,high,overwhelming,a few,no response,centralized
prolonged,high,overwhelming,a few,no response,moderately distributed
prolonged,high,overwhelming,a few,no response,highly distributed
prolonged,high,overwhelming,a few,minimal response,centralized
prolonged,high,overwhelming,a few,minimal response,moderately distributed
prolonged,high,overwhelming,a few,minimal response,highly distributed
prolonged,high,overwhelming,a few,partial response,centralized
prolonged,high,overwhelming,a few,partial response,moderately distributed
prolonged,high,overwhelming,a few,partial response,highly distributed
prolonged,high,overwhelming,a few,widespread response,centralized
prolonged,high,overwhelming,a few,widespread response,moderately distributed
prolonged,high,overwhelming,a few,widespread response,highly distributed
prolonged,high,overwhelming,a few,broad response,centralized
prolonged,high,overwhelming,a few,broad response,moderately distributed
prolonged,high,overwhelming,a few,broad response,highly distributed
prolonged,high,overwhelming,a few,complete response,centralized
prolonged,high,overwhelming,a few,complete response,moderately distributed
prolonged,high,overwhelming,a few,complete response,highly distributed
prolonged,high,overwhelming,several,no response,centralized
prolonged,high,overwhelming,several,no response,moderately distributed
prolonged,high,overwhelming,several,no response,highly distributed
prolonged,high,overwhelming,several,minimal response,centralized
prolonged,high,overwhelming,several,minimal response,moderately distributed
prolonged,high,overwhelming,several,minimal response,highly distributed
prolonged,high,overwhelming,several,partial response,centralized
prolonged,high,overwhelming,several,partial response,moderately distributed
prolonged,high,overwhelming,several,partial response,highly distributed
prolonged,high,overwhelming,several,widespread response,centralized
prolonged,high,overwhelming,several,widespread response,moderately distributed
prolonged,high,overwhelming,several,widespread response,highly distributed
prolonged,high,overwhelming,several,broad response,centralized
prolonged,high,overwhelming,several,broad response,moderately distributed
prolonged,high,overwhelming,several,broad response,highly distributed
prolonged,high,overwhelming,several,complete response,centralized
prolonged,high,overwhelming,several,complete response,moderately distributed
prolonged,high,overwhelming,several,complete response,highly distributed
prolonged,high,overwhelming,many,no response,centralized
prolonged,high,overwhelming,many,no response,moderately distributed
prolonged,high,overwhelming,many,no response,highly distributed
prolonged,high,overwhelming,many,minimal response,centralized
prolonged,high,overwhelming,many,minimal response,moderately distributed
prolonged,high,overwhelming,many,minimal response,highly distributed
prolonged,high,overwhelming,many,partial response,centralized
prolonged,high,overwhelming,many,partial response,moderately distributed
prolonged,high,overwhelming,many,partial response,highly distributed
prolonged,high,overwhelming,many,widespread response,centralized
prolonged,high,overwhelming,many,widespread response,moderately distributed
prolonged,high,overwhelming,many,widespread response,highly distributed
prolonged,high,overwhelming,many,broad response,centralized
prolonged,high,overwhelming,many,broad response,moderately distributed
prolonged,high,overwhelming,many,broad response,highly distributed
prolonged,high,overwhelming,many,complete response,centralized
prolonged,high,overwhelming,many,complete response,moderately distributed
prolonged,high,overwhelming,many,complete response,highly distributed
prolonged,high,overwhelming,broad sweep,no response,centralized
prolonged,high,overwhelming,broad sweep,no response,moderately distributed
prolonged,high,overwhelming,broad sweep,no response,highly distributed
prolonged,high,overwhelming,broad sweep,minimal response,centralized
prolonged,high,overwhelming,broad sweep,minimal response,moderately distributed
prolonged,high,overwhelming,broad sweep,minimal response,highly distributed
prolonged,high,overwhelming,broad sweep,partial response,centralized
prolonged,high,overwhelming,broad sweep,partial response,moderately distributed
prolonged,high,overwhelming,broad sweep,partial response,highly distributed
prolonged,high,overwhelming,broad sweep,widespread response,centralized
prolonged,high,overwhelming,broad sweep,widespread response,moderately distributed
prolonged,high,overwhelming,broad sweep,widespread response,highly distributed
prolonged,high,overwhelming,broad sweep,broad response,centralized
prolonged,high,overwhelming,broad sweep,broad response,moderately distributed
prolonged,high,overwhelming,broad sweep,broad response,highly distributed
prolonged,high,overwhelming,broad sweep,complete response,centralized
prolonged,high,overwhelming,broad sweep,complete response,moderately distributed
prolonged,high,overwhelming,broad sweep,complete response,highly distributed
prolonged,very high,minimal,a few,no response,centralized
prolonged,very high,minimal,a few,no response,moderately distributed
prolonged,very high,minimal,a few,no response,highly distributed
prolonged,very high,minimal,a few,minimal response,centralized
prolonged,very high,minimal,a few,minimal response,moderately distributed
prolonged,very high,minimal,a few,minimal response,highly distributed
prolonged,very high,minimal,a few,partial response,centralized
prolonged,very high,minimal,a few,partial response,moderately distributed
prolonged,very high,minimal,a few,partial response,highly distributed
prolonged,very high,minimal,a few,widespread response,centralized
prolonged,very high,minimal,a few,widespread response,moderately distributed
prolonged,very high,minimal,a few,widespread response,highly distributed
prolonged,very high,minimal,a few,broad response,centralized
prolonged,very high,minimal,a few,broad response,moderately distributed
prolonged,very high,minimal,a few,broad response,highly distributed
prolonged,very high,minimal,a few,complete response,centralized
prolonged,very high,minimal,a few,complete response,moderately distributed
prolonged,very high,minimal,a few,complete response,highly distributed
prolonged,very high,minimal,several,no response,centralized
prolonged,very high,minimal,several,no response,moderately distributed
prolonged,very high,minimal,several,no response,highly distributed
prolonged,very high,minimal,several,minimal response,centralized
prolonged,very high,minimal,several,minimal response,moderately distributed
prolonged,very high,minimal,several,minimal response,highly distributed
prolonged,very high,minimal,several,partial response,centralized
prolonged,very high,minimal,several,partial response,moderately distributed
prolonged,very high,minimal,several,partial response,highly distributed
prolonged,very high,minimal,several,widespread response,centralized
prolonged,very high,minimal,several,widespread response,moderately distributed
prolonged,very high,minimal,several,widespread response,highly distributed
prolonged,very high,minimal,several,broad response,centralized
prolonged,very high,minimal,several,broad response,moderately distributed
prolonged,very high,minimal,several,broad response,highly distributed
prolonged,very high,minimal,several,complete response,centralized
prolonged,very high,minimal,several,complete response,moderately distributed
prolonged,very high,minimal,several,complete response,highly distributed
prolonged,very high,minimal,many,no response,centralized
prolonged,very high,minimal,many,no response,moderately distributed
prolonged,very high,minimal,many,no response,highly distributed
prolonged,very high,minimal,many,minimal response,centralized
prolonged,very high,minimal,many,minimal response,moderately distributed
prolonged,very high,minimal,many,minimal response,highly distributed
prolonged,very high,minimal,many,partial response,centralized
prolonged,very high,minimal,many,partial response,moderately distributed
prolonged,very high,minimal,many,partial response,highly distributed
prolonged,very high,minimal,many,widespread response,centralized
prolonged,very high,minimal,many,widespread response,moderately distributed
prolonged,very high,minimal,many,widespread response,highly distributed
prolonged,very high,minimal,many,broad response,centralized
prolonged,very high,minimal,many,broad response,moderately distributed
prolonged,very high,minimal,many,broad response,highly distributed
prolonged,very high,minimal,many,complete response,centralized
prolonged,very high,minimal,many,complete response,moderately distributed
prolonged,very high,minimal,many,complete response,highly distributed
prolonged,very high,minimal,broad sweep,no response,centralized
prolonged,very high,minimal,broad sweep,no response,moderately distributed
prolonged,very high,minimal,broad sweep,no response,highly distributed
prolonged,very high,minimal,broad sweep,minimal response,centralized
prolonged,very high,minimal,broad sweep,minimal response,moderately distributed
prolonged,very high,minimal,broad sweep,minimal response,highly distributed
prolonged,very high,minimal,broad sweep,partial response,centralized
prolonged,very high,minimal,broad sweep,partial response,moderately distributed
prolonged,very high,minimal,broad sweep,partial response,highly distributed
prolonged,very high,minimal,broad sweep,widespread response,centralized
prolonged,very high,minimal,broad sweep,widespread response,moderately distributed
prolonged,very high,minimal,broad sweep,widespread response,highly distributed
prolonged,very high,minimal,broad sweep,broad response,centralized
prolonged,very high,minimal,broad sweep,broad response,moderately distributed
prolonged,very high,minimal,broad sweep,broad response,highly distributed
prolonged,very high,minimal,broad sweep,complete response,centralized
prolonged,very high,minimal,broad sweep,complete response,moderately distributed
prolonged,very high,minimal,broad sweep,complete response,highly distributed
prolonged,very high,low,a few,no response,centralized
prolonged,very high,low,a few,no response,moderately distributed
prolonged,very high,low,a few,no response,highly distributed
prolonged,very high,low,a few,minimal response,centralized
prolonged,very high,low,a few,minimal response,moderately distributed
prolonged,very high,low,a few,minimal response,highly distributed
prolonged,very high,low,a few,partial response,centralized
prolonged,very high,low,a few,partial response,moderately distributed
prolonged,very high,low,a few,partial response,highly distributed
prolonged,very high,low,a few,widespread response,centralized
prolonged,very high,low,a few,widespread response,moderately distributed
prolonged,very high,low,a few,widespread response,highly distributed
prolonged,very high,low,a few,broad response,centralized
prolonged,very high,low,a few,broad response,moderately distributed
prolonged,very high,low,a few,broad response,highly distributed
prolonged,very high,low,a few,complete response,centralized
prolonged,very high,low,a few,complete response,moderately distributed
prolonged,very high,low,a few,complete response,highly distributed
prolonged,very high,low,several,no response,centralized
prolonged,very high,low,several,no response,moderately distributed
prolonged,very high,low,several,no response,highly distributed
prolonged,very high,low,several,minimal response,centralized
prolonged,very high,low,several,minimal response,moderately distributed
prolonged,very high,low,several,minimal response,highly distributed
prolonged,very high,low,several,partial response,centralized
prolonged,very high,low,several,partial response,moderately distributed
prolonged,very high,low,several,partial response,highly distributed
prolonged,very high,low,several,widespread response,centralized
prolonged,very high,low,several,widespread response,moderately distributed
prolonged,very high,low,several,widespread response,highly distributed
prolonged,very high,low,several,broad response,centralized
prolonged,very high,low,several,broad response,moderately distributed
prolonged,very high,low,several,broad response,highly distributed
prolonged,very high,low,several,complete response,centralized
prolonged,very high,low,several,complete response,moderately distributed
prolonged,very high,low,several,complete response,highly distributed
prolonged,very high,low,many,no response,centralized
prolonged,very high,low,many,no response,moderately distributed
prolonged,very high,low,many,no response,highly distributed
prolonged,very high,low,many,minimal response,centralized
prolonged,very high,low,many,minimal response,moderately distributed
prolonged,very high,low,many,minimal response,highly distributed
prolonged,very high,low,many,partial response,centralized
prolonged,very high,low,many,partial response,moderately distributed
prolonged,very high,low,many,partial response,highly distributed
prolonged,very high,low,many,widespread response,centralized
prolonged,very high,low,many,widespread response,moderately distributed
prolonged,very high,low,many,widespread response,highly distributed
prolonged,very high,low,many,broad response,centralized
prolonged,very high,low,many,broad response,moderately distributed
prolonged,very high,low,many,broad response,highly distributed
prolonged,very high,low,many,complete response,centralized
prolonged,very high,low,many,complete response,moderately distributed
prolonged,very high,low,many,complete response,highly distributed
prolonged,very high,low,broad sweep,no response,centralized
prolonged,very high,low,broad sweep,no response,moderately distributed
prolonged,very high,low,broad sweep,no response,highly distributed
prolonged,very high,low,broad sweep,minimal response,centralized
prolonged,very high,low,broad sweep,minimal response,moderately distributed
prolonged,very high,low,broad sweep,minimal response,highly distributed
prolonged,very high,low,broad sweep,partial response,centralized
prolonged,very high,low,broad sweep,partial response,moderately distributed
prolonged,very high,low,broad sweep,partial response,highly distributed
prolonged,very high,low,broad sweep,widespread response,centralized
prolonged,very high,low,broad sweep,widespread response,moderately distributed
prolonged,very high,low,broad sweep,widespread response,highly distributed
prolonged,very high,low,broad sweep,broad response,centralized
prolonged,very high,low,broad sweep,broad response,moderately distributed
prolonged,very high,low,broad sweep,broad response,highly distributed
prolonged,very high,low,broad sweep,complete response,centralized
prolonged,very high,low,broad sweep,complete response,moderately distributed
prolonged,very high,low,broad sweep,complete response,highly distributed
prolonged,very high,moderate,a few,no response,centralized
prolonged,very high,moderate,a few,no response,moderately distributed
prolonged,very high,moderate,a few,no response,highly distributed
prolonged,very high,moderate,a few,minimal response,centralized
prolonged,very high,moderate,a few,minimal response,moderately distributed
prolonged,very high,moderate,a few,minimal response,highly distributed
prolonged,very high,moderate,a few,partial response,centralized
prolonged,very high,moderate,a few,partial response,moderately distributed
prolonged,very high,moderate,a few,partial response,highly distributed
prolonged,very high,moderate,a few,widespread response,centralized
prolonged,very high,moderate,a few,widespread response,moderately distributed
prolonged,very high,moderate,a few,widespread response,highly distributed
prolonged,very high,moderate,a few,broad response,centralized
prolonged,very high,moderate,a few,broad response,moderately distributed
prolonged,very high,moderate,a few,broad response,highly distributed
prolonged,very high,moderate,a few,complete response,centralized
prolonged,very high,moderate,a few,complete response,moderately distributed
prolonged,very high,moderate,a few,complete response,highly distributed
prolonged,very high,moderate,several,no response,centralized
prolonged,very high,moderate,several,no response,moderately distributed
prolonged,very high,moderate,several,no response,highly distributed
prolonged,very high,moderate,several,minimal response,centralized
prolonged,very high,moderate,several,minimal response,moderately distributed
prolonged,very high,moderate,several,minimal response,highly distributed
prolonged,very high,moderate,several,partial response,centralized
prolonged,very high,moderate,several,partial response,moderately distributed
prolonged,very high,moderate,several,partial response,highly distributed
prolonged,very high,moderate,several,widespread response,centralized
prolonged,very high,moderate,several,widespread response,moderately distributed
prolonged,very high,moderate,several,widespread response,highly distributed
prolonged,very high,moderate,several,broad response,centralized
prolonged,very high,moderate,several,broad response,moderately distributed
prolonged,very high,moderate,several,broad response,highly distributed
prolonged,very high,moderate,several,complete response,centralized
prolonged,very high,moderate,several,complete response,moderately distributed
prolonged,very high,moderate,several,complete response,highly distributed
prolonged,very high,moderate,many,no response,centralized
prolonged,very high,moderate,many,no response,moderately distributed
prolonged,very high,moderate,many,no response,highly distributed
prolonged,very high,moderate,many,minimal response,centralized
prolonged,very high,moderate,many,minimal response,moderately distributed
prolonged,very high,moderate,many,minimal response,highly distributed
prolonged,very high,moderate,many,partial response,centralized
prolonged,very high,moderate,many,partial response,moderately distributed
prolonged,very high,moderate,many,partial response,highly distributed
prolonged,very high,moderate,many,widespread response,centralized
prolonged,very high,moderate,many,widespread response,moderately distributed
prolonged,very high,moderate,many,widespread response,highly distributed
prolonged,very high,moderate,many,broad response,centralized
prolonged,very high,moderate,many,broad response,moderately distributed
prolonged,very high,moderate,many,broad response,highly distributed
prolonged,very high,moderate,many,complete response,centralized
prolonged,very high,moderate,many,complete response,moderately distributed
prolonged,very high,moderate,many,complete response,highly distributed
prolonged,very high,moderate,broad sweep,no response,centralized
prolonged,very high,moderate,broad sweep,no response,moderately distributed
prolonged,very high,moderate,broad sweep,no response,highly distributed
prolonged,very high,moderate,broad sweep,minimal response,centralized
prolonged,very high,moderate,broad sweep,minimal response,moderately distributed
prolonged,very high,moderate,broad sweep,minimal response,highly distributed
prolonged,very high,moderate,broad sweep,partial response,centralized
prolonged,very high,moderate,broad sweep,partial response,moderately distributed
prolonged,very high,moderate,broad sweep,partial response,highly distributed
prolonged,very high,moderate,broad sweep,widespread response,centralized
prolonged,very high,moderate,broad sweep,widespread response,moderately distributed
prolonged,very high,moderate,broad sweep,widespread response,highly distributed
prolonged,very high,moderate,broad sweep,broad response,centralized
prolonged,very high,moderate,broad sweep,broad response,moderately distributed
prolonged,very high,moderate,broad sweep,broad response,highly distributed
prolonged,very high,moderate,broad sweep,complete response,centralized
prolonged,very high,moderate,broad sweep,complete response,moderately distributed
prolonged,very high,moderate,broad sweep,complete response,highly distributed
prolonged,very high,dominant,a few,no response,centralized
prolonged,very high,dominant,a few,no response,moderately distributed
prolonged,very high,dominant,a few,no response,highly distributed
prolonged,very high,dominant,a few,minimal response,centralized
prolonged,very high,dominant,a few,minimal response,moderately distributed
prolonged,very high,dominant,a few,minimal response,highly distributed
prolonged,very high,dominant,a few,partial response,centralized
prolonged,very high,dominant,a few,partial response,moderately distributed
prolonged,very high,dominant,a few,partial response,highly distributed
prolonged,very high,dominant,a few,widespread response,centralized
prolonged,very high,dominant,a few,widespread response,moderately distributed
prolonged,very high,dominant,a few,widespread response,highly distributed
prolonged,very high,dominant,a few,broad response,centralized
prolonged,very high,dominant,a few,broad response,moderately distributed
prolonged,very high,dominant,a few,broad response,highly distributed
prolonged,very high,dominant,a few,complete response,centralized
prolonged,very high,dominant,a few,complete response,moderately distributed
prolonged,very high,dominant,a few,complete response,highly distributed
prolonged,very high,dominant,several,no response,centralized
prolonged,very high,dominant,several,no response,moderately distributed
prolonged,very high,dominant,several,no response,highly distributed
prolonged,very high,dominant,several,minimal response,centralized
prolonged,very high,dominant,several,minimal response,moderately distributed
prolonged,very high,dominant,several,minimal response,highly distributed
prolonged,very high,dominant,several,partial response,centralized
prolonged,very high,dominant,several,partial response,moderately distributed
prolonged,very high,dominant,several,partial response,highly distributed
prolonged,very high,dominant,several,widespread response,centralized
prolonged,very high,dominant,several,widespread response,moderately distributed
prolonged,very high,dominant,several,widespread response,highly distributed
prolonged,very high,dominant,several,broad response,centralized
prolonged,very high,dominant,several,broad response,moderately distributed
prolonged,very high,dominant,several,broad response,highly distributed
prolonged,very high,dominant,several,complete response,centralized
prolonged,very high,dominant,several,complete response,moderately distributed
prolonged,very high,dominant,several,complete response,highly distributed
prolonged,very high,dominant,many,no response,centralized
prolonged,very high,dominant,many,no response,moderately distributed
prolonged,very high,dominant,many,no response,highly distributed
prolonged,very high,dominant,many,minimal response,centralized
prolonged,very high,dominant,many,minimal response,moderately distributed
prolonged,very high,dominant,many,minimal response,highly distributed
prolonged,very high,dominant,many,partial response,centralized
prolonged,very high,dominant,many,partial response,moderately distributed
prolonged,very high,dominant,many,partial response,highly distributed
prolonged,very high,dominant,many,widespread response,centralized
prolonged,very high,dominant,many,widespread response,moderately distributed
prolonged,very high,dominant,many,widespread response,highly distributed
prolonged,very high,dominant,many,broad response,centralized
prolonged,very high,dominant,many,broad response,moderately distributed
prolonged,very high,dominant,many,broad response,highly distributed
prolonged,very high,dominant,many,complete response,centralized
prolonged,very high,dominant,many,complete response,moderately distributed
prolonged,very high,dominant,many,complete response,highly distributed
prolonged,very high,dominant,broad sweep,no response,centralized
prolonged,very high,dominant,broad sweep,no response,moderately distributed
prolonged,very high,dominant,broad sweep,no response,highly distributed
prolonged,very high,dominant,broad sweep,minimal response,centralized
prolonged,very high,dominant,broad sweep,minimal response,moderately distributed
prolonged,very high,dominant,broad sweep,minimal response,highly distributed
prolonged,very high,dominant,broad sweep,partial response,centralized
prolonged,very high,dominant,broad sweep,partial response,moderately distributed
prolonged,very high,dominant,broad sweep,partial response,highly distributed
prolonged,very high,dominant,broad sweep,widespread response,centralized
prolonged,very high,dominant,broad sweep,widespread response,moderately distributed
prolonged,very high,dominant,broad sweep,widespread response,highly distributed
prolonged,very high,dominant,broad sweep,broad response,centralized
prolonged,very high,dominant,broad sweep,broad response,moderately distributed
prolonged,very high,dominant,broad sweep,broad response,highly distributed
prolonged,very high,dominant,broad sweep,complete response,centralized
prolonged,very high,dominant,broad sweep,complete response,moderately distributed
prolonged,very high,dominant,broad sweep,complete response,highly distributed
prolonged,very high,overwhelming,a few,no response,centralized
prolonged,very high,overwhelming,a few,no response,moderately distributed
prolonged,very high,overwhelming,a few,no response,highly distributed
prolonged,very high,overwhelming,a few,minimal response,centralized
prolonged,very high,overwhelming,a few,minimal response,moderately distributed
prolonged,very high,overwhelming,a few,minimal response,highly distributed
prolonged,very high,overwhelming,a few,partial response,centralized
prolonged,very high,overwhelming,a few,partial response,moderately distributed
prolonged,very high,overwhelming,a few,partial response,highly distributed
prolonged,very high,overwhelming,a few,widespread response,centralized
prolonged,very high,overwhelming,a few,widespread response,moderately distributed
prolonged,very high,overwhelming,a few,widespread response,highly distributed
prolonged,very high,overwhelming,a few,broad response,centralized
prolonged,very high,overwhelming,a few,broad response,moderately distributed
prolonged,very high,overwhelming,a few,broad response,highly distributed
prolonged,very high,overwhelming,a few,complete response,centralized
prolonged,very high,overwhelming,a few,complete response,moderately distributed
prolonged,very high,overwhelming,a few,complete response,highly distributed
prolonged,very high,overwhelming,several,no response,centralized
prolonged,very high,overwhelming,several,no response,moderately distributed
prolonged,very high,overwhelming,several,no response,highly distributed
prolonged,very high,overwhelming,several,minimal response,centralized
prolonged,very high,overwhelming,several,minimal response,moderately distributed
prolonged,very high,overwhelming,several,minimal response,highly distributed
prolonged,very high,overwhelming,several,partial response,centralized
prolonged,very high,overwhelming,several,partial response,moderately distributed
prolonged,very high,overwhelming,several,partial response,highly distributed
prolonged,very high,overwhelming,several,widespread response,centralized
prolonged,very high,overwhelming,several,widespread response,moderately distributed
prolonged,very high,overwhelming,several,widespread response,highly distributed
prolonged,very high,overwhelming,several,broad response,centralized
prolonged,very high,overwhelming,several,broad response,moderately distributed
prolonged,very high,overwhelming,several,broad response,highly distributed
prolonged,very high,overwhelming,several,complete response,centralized
prolonged,very high,overwhelming,several,complete response,moderately distributed
prolonged,very high,overwhelming,several,complete response,highly distributed
prolonged,very high,overwhelming,many,no response,centralized
prolonged,very high,overwhelming,many,no response,moderately distributed
prolonged,very high,overwhelming,many,no response,highly distributed
prolonged,very high,overwhelming,many,minimal response,centralized
prolonged,very high,overwhelming,many,minimal response,moderately distributed
prolonged,very high,overwhelming,many,minimal response,highly distributed
prolonged,very high,overwhelming,many,partial response,centralized
prolonged,very high,overwhelming,many,partial response,moderately distributed
prolonged,very high,overwhelming,many,partial response,highly distributed
prolonged,very high,overwhelming,many,widespread response,centralized
prolonged,very high,overwhelming,many,widespread response,moderately distributed
prolonged,very high,overwhelming,many,widespread response,highly distributed
prolonged,very high,overwhelming,many,broad response,centralized
prolonged,very high,overwhelming,many,broad response,moderately distributed
prolonged,very high,overwhelming,many,broad response,highly distributed
prolonged,very high,overwhelming,many,complete response,centralized
prolonged,very high,overwhelming,many,complete response,moderately distributed
prolonged,very high,overwhelming,many,complete response,highly distributed
prolonged,very high,overwhelming,broad sweep,no response,centralized
prolonged,very high,overwhelming,broad sweep,no response,moderately distributed
prolonged,very high,overwhelming,broad sweep,no response,highly distributed
prolonged,very high,overwhelming,broad sweep,minimal response,centralized
prolonged,very high,overwhelming,broad sweep,minimal response,moderately distributed
prolonged,very high,overwhelming,broad sweep,minimal response,highly distributed
prolonged,very high,overwhelming,broad sweep,partial response,centralized
prolonged,very high,overwhelming,broad sweep,partial response,moderately distributed
prolonged,very high,overwhelming,broad sweep,partial response,highly distributed
prolonged,very high,overwhelming,broad sweep,widespread response,centralized
prolonged,very high,overwhelming,broad sweep,widespread response,moderately distributed
prolonged,very high,overwhelming,broad sweep,widespread response,highly distributed
prolonged,very high,overwhelming,broad sweep,broad response,centralized
prolonged,very high,overwhelming,broad sweep,broad response,moderately distributed
prolonged,very high,overwhelming,broad sweep,broad response,highly distributed
prolonged,very high,overwhelming,broad sweep,complete response,centralized
prolonged,very high,overwhelming,broad sweep,complete response,moderately distributed
prolonged,very high,overwhelming,broad sweep,complete response,highly distributed
